claim_id,project_id,precise_proposition,effect_family,mechanism,option_subtype,originator,recipient,intended_beneficiary_status,event_period,claim_direction,outcome_status,attribution_strength,value_status,boundary_recipient,boundary_org,boundary_sector,boundary_geography,boundary_chain,compensation,intent,timing,direction,beneficiaries,cost_bearers,access_barriers,evidence_sufficiency,source_quality,independence,coverage,time_lag,contrary_evidence,reviewer_confidence,commercial_reuse,fifth_sector_role,review_status,publication_status,notes,claim_type,method_ids,generating_intervention,fifth_sector_contribution,contracting_role,tie_change,option_state,option_holder,exercise_access,prediction,rival_explanations,disconfirming_evidence,observation_window,source_review_state,value_basis,value_review_status,permission_status,rights_status,consent_status,causal_assumptions,codebook_version,review_batch
C-R3-001,P01-NES,NE Scotland creative economy generates £453M direct GVA and £675M total economic impact (May 8 report figures),CONTEXTUAL,,,The Fifth Sector,Regional Economic Partnership,INTENDED,26/05,BENEFICIAL,REPORTED,DESCRIPTIVE,MONETARY,INTENDED,WITHIN_ORG,WITHIN_SECTOR,WITHIN_AREA,WITHIN_CHAIN,COMPENSATED,DESIGNED_IN,REALISED,BENEFICIAL,Regional Economic Partnership,,,Sufficient from mapping methodology,primary,UNKNOWN,COMPLETE,CONTEMPORARY,NONE_FOUND_IN_REVIEW,MEDIUM,INTERNAL_ONLY,DESIGNER;DELIVERER,REVIEWED,INTERNAL_ONLY,GVA figure is a modelled estimate of existing sector scale not an intervention effect; May 8 report is canonical between the two R2 extracts; v3.12 is the confirmed canonical; QA FIX 26/09/11: Reclassified METHOD_OUTPUT→CONTEXT; NE Scotland GVA £453M — sector baseline; codebook: sector baseline not method output; /wishful+ /deepthink flag,CONTEXT,M-R3-001,Creative economy mapping commission,Mapping methodology applied to produce GVA estimate,UNKNOWN,,,,,,,2026-05,REVIEWED,DESCRIPTIVE_ESTIMATE,NOT_REVIEWED,NOT_REQUESTED,UNKNOWN,UNKNOWN,Modelled estimate from workforce data not direct measurement,1.3-candidate,R3-BATCH-A,
C-R3-002,P01-NES,NE Scotland creative economy comprises 10490 workers and 7715 FTE (May 8 report figures),CONTEXTUAL,,,The Fifth Sector,Regional Economic Partnership,INTENDED,26/05,BENEFICIAL,REPORTED,DESCRIPTIVE,MONETARY,INTENDED,WITHIN_ORG,WITHIN_SECTOR,WITHIN_AREA,WITHIN_CHAIN,COMPENSATED,DESIGNED_IN,REALISED,BENEFICIAL,Regional Economic Partnership,,,Sufficient from LinkedIn and BRES data,primary,UNKNOWN,COMPLETE,CONTEMPORARY,NONE_FOUND_IN_REVIEW,MEDIUM,INTERNAL_ONLY,DESIGNER;DELIVERER,REVIEWED,INTERNAL_ONLY,Workforce count from LinkedIn profiling and BRES data; baseline measurement not intervention effect; QA FIX 26/09/11: Reclassified METHOD_OUTPUT→CONTEXT; NE Scotland 10490 workers — sector baseline; codebook: sector baseline not method output; /wishful+ /deepthink flag,CONTEXT,M-R3-001,Creative economy mapping commission,Workforce profiling applied,UNKNOWN,,,,,,,2026-05,REVIEWED,DESCRIPTIVE_ESTIMATE,NOT_REVIEWED,NOT_REQUESTED,UNKNOWN,UNKNOWN,LinkedIn workforce profiling as large-scale occupational survey,1.3-candidate,R3-BATCH-A,
C-R3-003,P01-NES,Convergence between simulation/visualisation firms and creative/marketing agencies could raise total economic impact to £1.1B,OPTION,EXPAND,,The Fifth Sector,Regional Economic Partnership,INTENDED,UNKNOWN,BENEFICIAL,HYPOTHESIS,NOT_ASSESSED,MONETARY,UNINTENDED,ACROSS_ORG,ACROSS_SECTOR,WITHIN_AREA,ACROSS_CHAIN,UNCOMPENSATED,EMERGENT,FORECAST,BENEFICIAL,Simulation firms; creative agencies,,,Hypothetical; requires market testing,primary,UNKNOWN,COMPLETE,CONTEMPORARY,NONE_FOUND_IN_REVIEW,LOW,INTERNAL_ONLY,DESIGNER,REVIEWED,INTERNAL_ONLY,Convergence opportunity is a forecast not a finding; May 8 report explicitly says it does not yet prove communities are selling into same markets; option held by commissioner,DESIGN,M-R3-002,Convergence analysis,Identified cross-sector gap and potential trading relationship,UNKNOWN,,PROPOSED,COMMISSIONER,UNKNOWN,Convergence would raise impact to £1.1B,Market saturation; no institutional broker,No demand validation conducted,UNKNOWN,REVIEWED,SCENARIO_ESTIMATE,NOT_REVIEWED,NOT_REQUESTED,UNKNOWN,UNKNOWN,Hypothetical scenario requiring market validation,1.3-candidate,R3-BATCH-A
C-R3-004,P01-NES,Five strategic recommendations and five growth strategies proposed for NE Scotland creative economy,NOT_APPLICABLE,,,The Fifth Sector,Aberdeen City Council,INTENDED,UNKNOWN,BENEFICIAL,HYPOTHESIS,NOT_ASSESSED,NOT_APPLICABLE,INTENDED,WITHIN_ORG,WITHIN_SECTOR,WITHIN_AREA,WITHIN_CHAIN,COMPENSATED,DESIGNED_IN,FORECAST,BENEFICIAL,Aberdeen City Council,,,Recommendations proposed not implemented,primary,UNKNOWN,COMPLETE,CONTEMPORARY,NONE_FOUND_IN_REVIEW,MEDIUM,INTERNAL_ONLY,DESIGNER,REVIEWED,INTERNAL_ONLY,Recommendations are design propositions; implementation and effects not established,DESIGN,M-R3-003,Options assessment and policy playbook,Designed strategic recommendations,UNKNOWN,,,,,,,UNKNOWN,REVIEWED,NONE,NOT_REVIEWED,NOT_REQUESTED,UNKNOWN,UNKNOWN,Recommendations require client adoption to create effects,1.3-candidate,R3-BATCH-A,
C-R3-005,P02-FGTG,GM SME innovation funding landscape mapped using company data and SIC code analysis,DIRECT,,,The Fifth Sector,GMCA,INTENDED,24/04,BENEFICIAL,REPORTED,DESCRIPTIVE,NOT_APPLICABLE,INTENDED,WITHIN_ORG,WITHIN_SECTOR,WITHIN_AREA,WITHIN_CHAIN,COMPENSATED,DESIGNED_IN,REALISED,BENEFICIAL,GMCA,,,Sufficient from company data analysis,primary,UNKNOWN,COMPLETE,CONTEMPORARY,NONE_FOUND_IN_REVIEW,MEDIUM,INTERNAL_ONLY,DELIVERER;ADVISOR,REVIEWED,INTERNAL_ONLY,Phase 1 company data analysis delivered; mapping of innovation funding landscape,METHOD_OUTPUT,M-R3-004,Company data analysis,Data analysis delivered,UNKNOWN,,,,,,,2024-04,REVIEWED,NONE,NOT_REVIEWED,NOT_REQUESTED,UNKNOWN,UNKNOWN,Company data analysis from Beauhurst and SIC codes,1.3-candidate,R3-BATCH-A,
C-R3-006,P02-FGTG,Innovation funding support workshop delivered in 24/12 with participant engagement and outcomes recorded,DIRECT,,,The Fifth Sector,SMEs; universities; GMCA,INTENDED,24/12,BENEFICIAL,REPORTED,DESCRIPTIVE,NOT_APPLICABLE,INTENDED,ACROSS_ORG,ACROSS_SECTOR,WITHIN_AREA,WITHIN_CHAIN,COMPENSATED,DESIGNED_IN,REALISED,BENEFICIAL,SMEs; universities; GMCA,,,Sufficient from workshop report,primary,UNKNOWN,COMPLETE,SHORT_LAG,NONE_FOUND_IN_REVIEW,MEDIUM,INTERNAL_ONLY,DELIVERER,REVIEWED,INTERNAL_ONLY,Workshop was planned (R2-D02 PROPOSED) and then delivered; outcomes recorded in workshop report 25/06; confirms Iain D08 adjudication,METHOD_OUTPUT,M-R3-005,Workshop facilitation,Workshop designed and delivered,UNKNOWN,,,,,,,2024-12,REVIEWED,NONE,NOT_REVIEWED,NOT_REQUESTED,UNKNOWN,UNKNOWN,Workshop delivery confirmed by report,1.3-candidate,R3-BATCH-A,
C-R3-007,P02-FGTG,Workshop networking enabled participants to expand professional connections across the Manchester ecosystem,NETWORK,BROKERAGE,,The Fifth Sector,Workshop participants,INTENDED,24/12,BENEFICIAL,REPORTED,DESCRIPTIVE,NON_MONETARY,UNINTENDED,ACROSS_ORG,ACROSS_SECTOR,WITHIN_AREA,WITHIN_CHAIN,UNCOMPENSATED,EMERGENT,REALISED,BENEFICIAL,Workshop participants,,,Reported in workshop feedback,primary,UNKNOWN,COMPLETE,SHORT_LAG,NONE_FOUND_IN_REVIEW,MEDIUM,INTERNAL_ONLY,DELIVERER,REVIEWED,INTERNAL_ONLY,Networking impact reported by participants; emergent not designed; spillover from workshop delivery,EFFECT,M-R3-005,Workshop facilitation,Workshop created networking environment,UNKNOWN,,NEW,,,,,Participant feedback,24/12,REVIEWED,NONE,NOT_REVIEWED,NOT_REQUESTED,UNKNOWN,UNKNOWN,Participant self-report; no independent corroboration,1.3-candidate,R3-BATCH-A
C-R3-008,P02-FGTG,Options for devolved R&D funding approach proposed for GMCA including 4-stage framework and 3-phase implementation,OPTION,STAGE_LEARN,,The Fifth Sector,GMCA,INTENDED,UNKNOWN,BENEFICIAL,HYPOTHESIS,NOT_ASSESSED,NOT_APPLICABLE,INTENDED,WITHIN_ORG,WITHIN_SECTOR,WITHIN_AREA,WITHIN_CHAIN,COMPENSATED,DESIGNED_IN,FORECAST,BENEFICIAL,GMCA,,,Proposed not implemented,primary,UNKNOWN,COMPLETE,CONTEMPORARY,NONE_FOUND_IN_REVIEW,MEDIUM,INTERNAL_ONLY,DESIGNER;ADVISOR,REVIEWED,INTERNAL_ONLY,Options document proposes devolved funding variations; builds on workshop feedback; option held by GMCA/Innovate UK not Fifth Sector,DESIGN,M-R3-006,Options analysis,Designed devolved approach options,UNKNOWN,,PROPOSED,COMMISSIONER,UNKNOWN,Devolved approach would improve success rates,Current Innovate UK process remains unchanged,No pilot data yet,UNKNOWN,REVIEWED,NONE,NOT_REVIEWED,NOT_REQUESTED,UNKNOWN,UNKNOWN,Proposed framework requires pilot data and negotiation,1.3-candidate,R3-BATCH-A
C-R3-009,P03-MITIH,GM immersive-related roles generated 3847 job postings 2020-2024 with 46% increase over period,CONTEXTUAL,,,The Fifth Sector,Salford City Council,INTENDED,25/03,BENEFICIAL,REPORTED,DESCRIPTIVE,MONETARY,INTENDED,WITHIN_ORG,WITHIN_SECTOR,WITHIN_AREA,WITHIN_CHAIN,COMPENSATED,DESIGNED_IN,REALISED,BENEFICIAL,Salford City Council,,,Sufficient from job posting data,primary,UNKNOWN,COMPLETE,CONTEMPORARY,NONE_FOUND_IN_REVIEW,MEDIUM,INTERNAL_ONLY,DESIGNER;DELIVERER,REVIEWED,INTERNAL_ONLY,Job posting analysis from Lightcast data; baseline measurement of immersive sector demand; QA FIX 26/09/11: Reclassified METHOD_OUTPUT→CONTEXT; 3847 job postings is sector baseline data from Burning Glass/labour market analysis; not a method output; /deepthink flag,CONTEXT,M-R3-007,Ecosystem mapping,Job posting analysis applied,UNKNOWN,,,,,,,2025-03,REVIEWED,DESCRIPTIVE_ESTIMATE,NOT_REVIEWED,NOT_REQUESTED,UNKNOWN,UNKNOWN,Lightcast job posting data,1.3-candidate,R3-BATCH-A,
C-R3-010,P03-MITIH,Employer demand shifted from narrow technical specialisation toward collaborative adaptive capability 2020-2024,DIRECT,,,The Fifth Sector,Salford City Council,INTENDED,25/03,BENEFICIAL,REPORTED,DESCRIPTIVE,MONETARY,INTENDED,WITHIN_ORG,ACROSS_SECTOR,WITHIN_AREA,WITHIN_CHAIN,COMPENSATED,DESIGNED_IN,REALISED,BENEFICIAL,Salford City Council,,,Sufficient from job posting trend analysis,primary,UNKNOWN,COMPLETE,CONTEMPORARY,NONE_FOUND_IN_REVIEW,MEDIUM,INTERNAL_ONLY,DESIGNER;DELIVERER,REVIEWED,INTERNAL_ONLY,Communication skills 51419 postings; agile 38% increase; JavaScript 74% decline; Azure 61% decline; trend analysis,METHOD_OUTPUT,M-R3-007,Ecosystem mapping,Skills trend analysis applied,UNKNOWN,,,,,,,2025-03,REVIEWED,DESCRIPTIVE_ESTIMATE,NOT_REVIEWED,NOT_REQUESTED,UNKNOWN,UNKNOWN,Lightcast job posting trend data,1.3-candidate,R3-BATCH-A,
C-R3-011,P03-MITIH,SNA identifies microbusinesses and SMEs as bridging organisations connecting nodes across the GM createch ecosystem,NETWORK,BROKERAGE,,The Fifth Sector,Salford City Council,INTENDED,25/03,BENEFICIAL,REPORTED,CO_AUTHORED_ANALYSIS,NON_MONETARY,UNINTENDED,ACROSS_ORG,ACROSS_SECTOR,WITHIN_AREA,WITHIN_CHAIN,UNCOMPENSATED,RETROSPECTIVE,REALISED,BENEFICIAL,Microbusinesses; SMEs,,,Sufficient from SNA results,primary,UNKNOWN,COMPLETE,CONTEMPORARY,NONE_FOUND_IN_REVIEW,MEDIUM,INTERNAL_ONLY,DESIGNER;DELIVERER;EVALUATOR,REVIEWED,INTERNAL_ONLY,SNA maps existing bridging characteristics; ties are PRE_EXISTING not created by intervention; Fifth Sector identified bridging role,METHOD_OUTPUT,M-R3-008,Social network analysis,SNA applied to map existing network structure,UNKNOWN,,PRE_EXISTING,,,,,2025-03,REVIEWED,NONE,NOT_REVIEWED,NOT_REQUESTED,UNKNOWN,UNKNOWN,SNA maps existing structure; no causal claim,1.3-candidate,R3-BATCH-A,
C-R3-012,P03-MITIH,One microbusiness enabled a three-way immersive prototype between education wellness and animation without formal funding,NETWORK,COLLABORATION,,Microbusiness,Education; wellness; animation sectors,UNINTENDED,25/03,BENEFICIAL,REPORTED,DESCRIPTIVE,NON_MONETARY,UNINTENDED,ACROSS_ORG,ACROSS_SECTOR,WITHIN_AREA,ACROSS_CHAIN,UNCOMPENSATED,EMERGENT,REALISED,BENEFICIAL,Education; wellness; animation,,,Single reported instance,primary,UNKNOWN,COMPLETE,CONTEMPORARY,NONE_FOUND_IN_REVIEW,LOW,INTERNAL_ONLY,DESIGNER;DELIVERER;EVALUATOR,REVIEWED,INTERNAL_ONLY,Single reported instance not systematic measurement; demonstrates bridging role in practice,EFFECT,M-R3-008,Social network analysis,Identified through SNA and reported in ecosystem report,UNKNOWN,,NEW,,,,,2025-03,REVIEWED,NONE,NOT_REVIEWED,NOT_REQUESTED,UNKNOWN,UNKNOWN,Single instance; no denominator or systematic measurement,1.3-candidate,R3-BATCH-A,
C-R3-013,P03-MITIH,Gated investment sequence proposed: demand validation then Phase 1 ecosystem strengthening then Phase 2 training expansion,OPTION,STAGE_LEARN,,The Fifth Sector,Salford City Council; GMCA; UKRI,INTENDED,UNKNOWN,BENEFICIAL,HYPOTHESIS,NOT_ASSESSED,NOT_APPLICABLE,INTENDED,ACROSS_ORG,ACROSS_SECTOR,WITHIN_AREA,WITHIN_CHAIN,UNCOMPENSATED,DESIGNED_IN,FORECAST,BENEFICIAL,Salford City Council; GMCA; UKRI,,,Proposed not implemented,primary,UNKNOWN,COMPLETE,CONTEMPORARY,NONE_FOUND_IN_REVIEW,MEDIUM,INTERNAL_ONLY,DESIGNER,REVIEWED,INTERNAL_ONLY,Investment sequence is PROPOSED; commissioner holds option; gating conditions not met; demand validation not conducted,DESIGN,M-R3-009,Investment sequence design,Designed gated investment sequence,UNKNOWN,,PROPOSED,COMMISSIONER,UNKNOWN,Proceed if validation confirms favourable conditions,Unfavourable market validation,No demand validation conducted,UNKNOWN,REVIEWED,NONE,NOT_REVIEWED,NOT_REQUESTED,UNKNOWN,UNKNOWN,Proposed sequence requires market validation before proceeding,1.3-candidate,R3-BATCH-A
C-R3-014,P04-GBSLEP,GBSLEP creative economy mapped: scale profile jobs skills and GVA documented,CONTEXTUAL,,,BOP Consulting / Iain Bennett,GBSLEP,INTENDED,17/12,BENEFICIAL,REPORTED,CO_AUTHORED_ANALYSIS,MONETARY,INTENDED,WITHIN_ORG,WITHIN_SECTOR,WITHIN_AREA,WITHIN_CHAIN,COMPENSATED,DESIGNED_IN,REALISED,BENEFICIAL,GBSLEP,,,Sufficient from mapping report,primary,UNKNOWN,COMPLETE,SHORT_LAG,NONE_FOUND_IN_REVIEW,MEDIUM,INTERNAL_ONLY,ADVISOR;INTERPRETER,REVIEWED,INTERNAL_ONLY,Mapping report with 54 tables; BOP prime Bennett associate; GVA and scale documented; QA FIX 26/09/11: Reclassified METHOD_OUTPUT→CONTEXT; GBSLEP creative economy mapped — sector baseline; codebook: sector baseline not method output; /wishful+ /deepthink flag,CONTEXT,M-R3-010,Creative economy mapping commission,Co-authored mapping analysis,SUBCONTRACTOR,,,,,,,2017-12,REVIEWED,DESCRIPTIVE_ESTIMATE,NOT_REVIEWED,NOT_REQUESTED,UNKNOWN,UNKNOWN,BOP prime; Bennett co-authored analysis,1.3-candidate,R3-BATCH-B,
C-R3-015,P04-GBSLEP,Creative economy GVA and employment measured for Greater Birmingham and Solihull,CONTEXTUAL,,,BOP Consulting / Iain Bennett,GBSLEP,INTENDED,17/12,BENEFICIAL,REPORTED,CO_AUTHORED_ANALYSIS,MONETARY,INTENDED,WITHIN_ORG,WITHIN_SECTOR,WITHIN_AREA,WITHIN_CHAIN,COMPENSATED,DESIGNED_IN,REALISED,BENEFICIAL,GBSLEP,,,Sufficient from GVA analysis,primary,UNKNOWN,COMPLETE,SHORT_LAG,NONE_FOUND_IN_REVIEW,MEDIUM,INTERNAL_ONLY,ADVISOR;INTERPRETER,REVIEWED,INTERNAL_ONLY,GVA and employment figures from mapping; baseline measurement not intervention effect; QA FIX 26/09/11: Reclassified METHOD_OUTPUT→CONTEXT; GBSLEP GVA and employment — sector baseline; codebook: sector baseline not method output; /wishful+ /deepthink flag,CONTEXT,M-R3-010,Creative economy mapping commission,Co-authored GVA analysis,SUBCONTRACTOR,,,,,,,2017-12,REVIEWED,DESCRIPTIVE_ESTIMATE,NOT_REVIEWED,NOT_REQUESTED,UNKNOWN,UNKNOWN,BOP prime; Bennett co-authored,1.3-candidate,R3-BATCH-B,
C-R3-016,P04-GBSLEP,Cluster analysis identifies creative industry clusters and competitive position of GBSLEP,DIRECT,,,BOP Consulting / Iain Bennett,GBSLEP,INTENDED,17/12,BENEFICIAL,REPORTED,CO_AUTHORED_ANALYSIS,NON_MONETARY,INTENDED,WITHIN_ORG,WITHIN_SECTOR,WITHIN_AREA,WITHIN_CHAIN,COMPENSATED,DESIGNED_IN,REALISED,BENEFICIAL,GBSLEP,,,Sufficient from cluster analysis,primary,UNKNOWN,COMPLETE,SHORT_LAG,NONE_FOUND_IN_REVIEW,MEDIUM,INTERNAL_ONLY,ADVISOR;INTERPRETER,REVIEWED,INTERNAL_ONLY,Cluster analysis and competitive position documented; contextual finding,METHOD_OUTPUT,M-R3-010,Creative economy mapping commission,Co-authored cluster analysis,SUBCONTRACTOR,,,,,,,2017-12,REVIEWED,NONE,NOT_REVIEWED,NOT_REQUESTED,UNKNOWN,UNKNOWN,BOP prime; Bennett co-authored,1.3-candidate,R3-BATCH-B,
C-R3-017,P04-GBSLEP,Intermediaries and knowledge transfer mechanisms mapped in GBSLEP creative ecosystem,KNOWLEDGE,DEMONSTRATION,,BOP Consulting / Iain Bennett,GBSLEP,INTENDED,17/12,BENEFICIAL,REPORTED,CO_AUTHORED_ANALYSIS,NON_MONETARY,INTENDED,ACROSS_ORG,WITHIN_SECTOR,WITHIN_AREA,WITHIN_CHAIN,UNKNOWN,RETROSPECTIVE,REALISED,BENEFICIAL,Intermediaries; creative organisations,,,Sufficient from intermediary analysis,primary,UNKNOWN,COMPLETE,SHORT_LAG,NONE_FOUND_IN_REVIEW,MEDIUM,INTERNAL_ONLY,ADVISOR;INTERPRETER,REVIEWED,INTERNAL_ONLY,Intermediaries and knowledge transfer patterns mapped; R2-D05 tested this; patterns are pre-existing not created by intervention,METHOD_OUTPUT,M-R3-011,Creative economy mapping commission,Co-authored intermediary analysis,SUBCONTRACTOR,,PRE_EXISTING,,,,,2017-12,REVIEWED,NONE,NOT_REVIEWED,NOT_REQUESTED,UNKNOWN,UNKNOWN,Mapping documents existing patterns not creates them,1.3-candidate,R3-BATCH-B,
C-R3-018,P05-WMCA,WMCA creative businesses mapped using Common Application Gateway criteria and scale-up scoring,DIRECT,,,BOP Consulting / Iain Bennett,WMCA,INTENDED,20/01,BENEFICIAL,REPORTED,DESCRIPTIVE,MONETARY,INTENDED,WITHIN_ORG,WITHIN_SECTOR,WITHIN_AREA,WITHIN_CHAIN,COMPENSATED,DESIGNED_IN,REALISED,BENEFICIAL,WMCA,,,Sufficient from mapping report,primary,UNKNOWN,COMPLETE,SHORT_LAG,NONE_FOUND_IN_REVIEW,MEDIUM,INTERNAL_ONLY,ADVISOR;INTERPRETER,REVIEWED,INTERNAL_ONLY,20/01/09 PDF is canonical final report; BOP prime Fifth Sector subcontractor; scale-up scores and business counts reported,METHOD_OUTPUT,M-R3-012,Creative business scaleup mapping commission,Co-authored mapping analysis,BOP_ASSOCIATE,,,,,,,2020-01,REVIEWED,DESCRIPTIVE_ESTIMATE,NOT_REVIEWED,NOT_REQUESTED,UNKNOWN,UNKNOWN,BOP prime; Fifth Sector subcontractor,1.3-candidate,R3-BATCH-B,
C-R3-019,P05-WMCA,Creative supply chain groupings identified for West Midlands creative businesses,DIRECT,,,BOP Consulting / Iain Bennett,WMCA,INTENDED,20/01,BENEFICIAL,REPORTED,DESCRIPTIVE,NON_MONETARY,INTENDED,WITHIN_ORG,WITHIN_SECTOR,WITHIN_AREA,WITHIN_CHAIN,COMPENSATED,DESIGNED_IN,REALISED,BENEFICIAL,WMCA,,,Sufficient from supply chain analysis,primary,UNKNOWN,COMPLETE,SHORT_LAG,NONE_FOUND_IN_REVIEW,MEDIUM,INTERNAL_ONLY,ADVISOR;INTERPRETER,REVIEWED,INTERNAL_ONLY,Supply chain groupings documented; contextual finding,METHOD_OUTPUT,M-R3-012,Creative business scaleup mapping commission,Co-authored supply chain analysis,BOP_ASSOCIATE,,,,,,,2020-01,REVIEWED,NONE,NOT_REVIEWED,NOT_REQUESTED,UNKNOWN,UNKNOWN,BOP prime; Fifth Sector subcontractor,1.3-candidate,R3-BATCH-B,
C-R3-020,P06-COSTAR,CoSTAR Case for Support delivered proposing virtual production capabilities for national consortium,DIRECT,,,The Fifth Sector,CoSTAR consortium,INTENDED,23/02,BENEFICIAL,REPORTED,DESCRIPTIVE,NOT_APPLICABLE,INTENDED,ACROSS_ORG,ACROSS_SECTOR,WITHIN_AREA,WITHIN_CHAIN,COMPENSATED,DESIGNED_IN,REALISED,BENEFICIAL,CoSTAR consortium,,,Sufficient from case for support document,primary,UNKNOWN,COMPLETE,SHORT_LAG,NONE_FOUND_IN_REVIEW,MEDIUM,INTERNAL_ONLY,DESIGNER;ADVISOR,REVIEWED,INTERNAL_ONLY,Bid-support commission delivered; Case for Support signed 23/02; R2-D07 tested this; BID_SUPPORT_DELIVERED claim_type,BID_SUPPORT_DELIVERED,M-R3-013,Bid-support commission,Bid-support work delivered,ADVISORY,,,,,,,2023-02,REVIEWED,NONE,NOT_REVIEWED,NOT_REQUESTED,UNKNOWN,UNKNOWN,Bid-support delivered; programme not funded,1.3-candidate,R3-BATCH-B,
C-R3-021,P06-COSTAR,CoSTAR consortium bid for national research infrastructure was NOT successful,NOT_APPLICABLE,,,CoSTAR consortium,UKRI,INTENDED,23,BENEFICIAL,REPORTED,NOT_ASSESSED,NOT_APPLICABLE,INTENDED,ACROSS_ORG,ACROSS_SECTOR,WITHIN_AREA,WITHIN_CHAIN,UNKNOWN,DESIGNED_IN,EXPIRED,ADVERSE,CoSTAR consortium,,,Confirmed by Iain 26/09/09,primary,UNKNOWN,COMPLETE,SHORT_LAG,NONE_FOUND_IN_REVIEW,HIGH,INTERNAL_ONLY,DESIGNER;ADVISOR,REVIEWED,INTERNAL_ONLY,Bid NOT successful confirmed by Iain; programme did not proceed; 25/10 consortium plan is different/revived,DESIGN,M-R3-013,Bid-support commission,Bid submitted but not funded,ADVISORY,,,,,,,2023,REVIEWED,NONE,NOT_REVIEWED,NOT_REQUESTED,UNKNOWN,UNKNOWN,Bid outcome confirmed by Iain,1.3-candidate,R3-BATCH-B,
C-R3-022,P07-CC,Creative City+ SIPF application proposed digital/creative initiative for Greater Manchester,DIRECT,,,The Fifth Sector,SIPF programme,INTENDED,20/09,BENEFICIAL,HYPOTHESIS,NOT_ASSESSED,NOT_APPLICABLE,INTENDED,ACROSS_ORG,ACROSS_SECTOR,WITHIN_AREA,WITHIN_CHAIN,UNKNOWN,DESIGNED_IN,EXPIRED,ADVERSE,GM creative sector,,,Inception note only; application NOT successful,primary,UNKNOWN,COMPLETE,SHORT_LAG,NONE_FOUND_IN_REVIEW,MEDIUM,INTERNAL_ONLY,DESIGNER,REVIEWED,INTERNAL_ONLY,SIPF application NOT successful confirmed by Iain 26/09/09; project did not proceed beyond inception; inception note is the only deliverable; QA FIX 26/09/11: option_state corrected from PROPOSED to EXPIRED; P07-CC is NOT_AWARDED; notes already confirmed unsuccessful,DESIGN,M-R3-014,SIPF application,Designed initiative proposal,ADVISORY,,EXPIRED,SIPF_PROGRAMME,UNKNOWN,Initiative would create digital/creative spillovers,Application not funded,No implementation data,20/09,REVIEWED,NONE,NOT_REVIEWED,NOT_REQUESTED,UNKNOWN,UNKNOWN,Proposed initiative requires funding to proceed,1.3-candidate,R3-BATCH-C
C-R3-023,P08-LIVDCI,LCR digital and creative industries cluster mapped with supply chain and skills analysis,DIRECT,,,The Fifth Sector,Liverpool City Region,INTENDED,24/07,BENEFICIAL,REPORTED,DESCRIPTIVE,MONETARY,INTENDED,WITHIN_ORG,WITHIN_SECTOR,WITHIN_AREA,WITHIN_CHAIN,COMPENSATED,DESIGNED_IN,REALISED,BENEFICIAL,Liverpool City Region,,,Sufficient from final report 27 tables,primary,UNKNOWN,COMPLETE,SHORT_LAG,NONE_FOUND_IN_REVIEW,MEDIUM,INTERNAL_ONLY,DESIGNER;DELIVERER,REVIEWED,INTERNAL_ONLY,Final report accepted by client; 844 paras 27 tables 85 pages; cluster mapping delivered,METHOD_OUTPUT,M-R3-015,Cluster mapping commission,Cluster mapping delivered,PRIME,,,,,,,2024-07,REVIEWED,DESCRIPTIVE_ESTIMATE,NOT_REVIEWED,NOT_REQUESTED,UNKNOWN,UNKNOWN,Cluster mapping from company and supply chain data,1.3-candidate,R3-BATCH-C,
C-R3-024,P08-LIVDCI,LCR digital and creative supply chain relationships documented,KNOWLEDGE,DEMONSTRATION,,The Fifth Sector,Liverpool City Region,INTENDED,24/07,BENEFICIAL,REPORTED,DESCRIPTIVE,NON_MONETARY,INTENDED,ACROSS_ORG,WITHIN_SECTOR,WITHIN_AREA,WITHIN_CHAIN,UNKNOWN,DESIGNED_IN,REALISED,BENEFICIAL,LCR digital and creative businesses,,,Sufficient from supply chain analysis,primary,UNKNOWN,COMPLETE,SHORT_LAG,NONE_FOUND_IN_REVIEW,MEDIUM,INTERNAL_ONLY,DESIGNER;DELIVERER,REVIEWED,INTERNAL_ONLY,Supply chain relationships documented; contextual finding; patterns are pre-existing not created by intervention,METHOD_OUTPUT,M-R3-015,Cluster mapping commission,Supply chain analysis delivered,PRIME,,PRE_EXISTING,,,,,2024-07,REVIEWED,NONE,NOT_REVIEWED,NOT_REQUESTED,UNKNOWN,UNKNOWN,Mapping documents existing supply chain relationships,1.3-candidate,R3-BATCH-C,
C-R3-025,P08-LIVDCI,LCR digital and creative skills gaps and workforce needs identified,DIRECT,,,The Fifth Sector,Liverpool City Region,INTENDED,24/07,BENEFICIAL,REPORTED,DESCRIPTIVE,NON_MONETARY,INTENDED,WITHIN_ORG,WITHIN_SECTOR,WITHIN_AREA,WITHIN_CHAIN,COMPENSATED,DESIGNED_IN,REALISED,BENEFICIAL,LCR digital and creative businesses,,,Sufficient from skills analysis,primary,UNKNOWN,COMPLETE,SHORT_LAG,NONE_FOUND_IN_REVIEW,MEDIUM,INTERNAL_ONLY,DESIGNER;DELIVERER,REVIEWED,INTERNAL_ONLY,Skills gaps and workforce needs identified; contextual finding,METHOD_OUTPUT,M-R3-015,Cluster mapping commission,Skills analysis delivered,PRIME,,,,,,,2024-07,REVIEWED,NONE,NOT_REVIEWED,NOT_REQUESTED,UNKNOWN,UNKNOWN,Skills analysis from workforce data,1.3-candidate,R3-BATCH-C,
C-R3-026,P08-LIVDCI,Proposal for LCR cluster mapping commission designed with methodology and experience framing,DIRECT,,,The Fifth Sector,Liverpool City Region,INTENDED,24/01,BENEFICIAL,REPORTED,DESCRIPTIVE,NOT_APPLICABLE,INTENDED,WITHIN_ORG,WITHIN_SECTOR,WITHIN_AREA,WITHIN_CHAIN,COMPENSATED,DESIGNED_IN,REALISED,BENEFICIAL,Liverpool City Region,,,Sufficient from proposal document,primary,UNKNOWN,COMPLETE,SHORT_LAG,NONE_FOUND_IN_REVIEW,MEDIUM,INTERNAL_ONLY,DESIGNER,REVIEWED,INTERNAL_ONLY,Proposal is distinct from final report; R2-T02 tested proposal vs delivery separation; proposal accepted and commission delivered,METHOD_OUTPUT,M-R3-016,Proposal design,Proposal designed and accepted,PRIME,,,,,,,2024-01,REVIEWED,NONE,NOT_REVIEWED,NOT_REQUESTED,UNKNOWN,UNKNOWN,Proposal accepted by client,1.3-candidate,R3-BATCH-C,
C-R3-027,P09-CDEC,ICT and creative industries convergence documented as existing contextual trend in 2012,CONTEXTUAL,,,Iain Bennett,CDEC,INTENDED,12/04,BENEFICIAL,REPORTED,DESCRIPTIVE,NOT_APPLICABLE,INTENDED,ACROSS_ORG,ACROSS_SECTOR,NATIONAL,WITHIN_CHAIN,UNKNOWN,RETROSPECTIVE,REALISED,BENEFICIAL,ICT and creative industries,,,Sufficient from challenges paper,primary,UNKNOWN,COMPLETE,LONG_LAG,NONE_FOUND_IN_REVIEW,MEDIUM,INTERNAL_ONLY,ADVISOR,REVIEWED,INTERNAL_ONLY,Paper documents existing convergence trends; R2-T03 tested contextual vs hypothesis; primary classification is REPORTED for contextual content; proposed mechanism is separate DESIGN claim; QA FIX 26/09/11: Reclassified METHOD_OUTPUT→CONTEXT; ICT/creative convergence is a contextual trend observation; not a method output; /deepthink flag,CONTEXT,M-R3-017,Challenges analysis,Advisory analysis of convergence trends,ADVISORY,,,,,,,2012-04,REVIEWED,NONE,NOT_REVIEWED,NOT_REQUESTED,UNKNOWN,UNKNOWN,Documents existing trends not creates them,1.3-candidate,R3-BATCH-C,
C-R3-028,P09-CDEC,Cross-sector mechanism proposed to accelerate ICT-creative convergence through CDEC,OPTION,EXPAND,,Iain Bennett,CDEC,INTENDED,UNKNOWN,BENEFICIAL,HYPOTHESIS,NOT_ASSESSED,NOT_APPLICABLE,INTENDED,ACROSS_ORG,ACROSS_SECTOR,NATIONAL,WITHIN_CHAIN,UNKNOWN,DESIGNED_IN,FORECAST,BENEFICIAL,ICT and creative industries,,,Proposed not implemented,primary,UNKNOWN,COMPLETE,LONG_LAG,NONE_FOUND_IN_REVIEW,LOW,INTERNAL_ONLY,ADVISOR,REVIEWED,INTERNAL_ONLY,Proposed mechanism is separate from contextual finding; R2-T03 contextual-vs-hypothesis rule applied; CDEC became Digital Catapult; option held by CDEC not Fifth Sector,DESIGN,M-R3-017,Challenges analysis,Designed cross-sector mechanism proposal,ADVISORY,,PROPOSED,CDEC,UNKNOWN,CDEC would accelerate convergence,Market forces already driving convergence,No implementation evidence,UNKNOWN,REVIEWED,NONE,NOT_REVIEWED,NOT_REQUESTED,UNKNOWN,UNKNOWN,Proposed mechanism requires implementation to create effects,1.3-candidate,R3-BATCH-C
C-R3-029,P10-KIRK,Kirklees creative economy mapped across three cycles (2022 2024 2026) with expanding scope and data depth,DIRECT,,,The Fifth Sector,Kirklees Council,INTENDED,22-26,BENEFICIAL,REPORTED,DESCRIPTIVE,NON_MONETARY,INTENDED,WITHIN_ORG,WITHIN_SECTOR,WITHIN_AREA,WITHIN_CHAIN,COMPENSATED,DESIGNED_IN,REALISED,BENEFICIAL,Kirklees Council,,,Sufficient from three reports,primary,UNKNOWN,COMPLETE,CONTEMPORARY,NONE_FOUND_IN_REVIEW,MEDIUM,INTERNAL_ONLY,DESIGNER;DELIVERER;EVALUATOR,REVIEWED,INTERNAL_ONLY,Three-cycle mapping with expanding scope: 2022 (8 tables) 2024 (19 tables) 2026 (21 tables); method evolution case study,METHOD_OUTPUT,M-R3-018,Creative economy mapping commission,Mapping delivered across three cycles,UNKNOWN,,,,,,,2022-2026,REVIEWED,NONE,NOT_REVIEWED,NOT_REQUESTED,UNKNOWN,UNKNOWN,Three-cycle method evolution,1.3-candidate,R3-BATCH-D,
C-R3-030,P10-KIRK,2024 report expanded data coverage from 2022 baseline with 11 additional tables and Beauhurst integration,CONTEXTUAL,,,The Fifth Sector,Kirklees Council,INTENDED,24/09,BENEFICIAL,REPORTED,DESCRIPTIVE,NON_MONETARY,INTENDED,WITHIN_ORG,WITHIN_SECTOR,WITHIN_AREA,WITHIN_CHAIN,COMPENSATED,DESIGNED_IN,REALISED,BENEFICIAL,Kirklees Council,,,Sufficient from 2024 report,primary,UNKNOWN,COMPLETE,SHORT_LAG,NONE_FOUND_IN_REVIEW,MEDIUM,INTERNAL_ONLY,DESIGNER;DELIVERER,REVIEWED,INTERNAL_ONLY,2024 report doubled table count from 8 to 19; Beauhurst data integrated; significant analytical expansion; QA FIX 26/09/11: Reclassified METHOD_OUTPUT→CONTEXT; Kirklees 2024 data coverage — descriptive; codebook: sector baseline not method output; /wishful+ /deepthink flag,CONTEXT,M-R3-018,Creative economy mapping commission,2024 update delivered,UNKNOWN,,,,,,,2024-09,REVIEWED,NONE,NOT_REVIEWED,NOT_REQUESTED,UNKNOWN,UNKNOWN,Analytical expansion from 2022 baseline,1.3-candidate,R3-BATCH-D,
C-R3-031,P10-KIRK,2026 report shifted from mapping to economic impact assessment with GVA and FTE intensity analysis,CONTEXTUAL,,,The Fifth Sector,Kirklees Council,INTENDED,26/05,BENEFICIAL,REPORTED,DESCRIPTIVE,MONETARY,INTENDED,WITHIN_ORG,WITHIN_SECTOR,WITHIN_AREA,WITHIN_CHAIN,COMPENSATED,DESIGNED_IN,REALISED,BENEFICIAL,Kirklees Council,,,Sufficient from 2026 report,primary,UNKNOWN,COMPLETE,CONTEMPORARY,NONE_FOUND_IN_REVIEW,MEDIUM,INTERNAL_ONLY,DESIGNER;DELIVERER;EVALUATOR,REVIEWED,INTERNAL_ONLY,2026 title shift to economic impact; 608 paras 21 tables; GVA and FTE intensity analysis; freelance GVA recommendations; 2026 report in progress not yet accepted; QA FIX 26/09/11: Reclassified METHOD_OUTPUT→CONTEXT; Kirklees 2026 economic impact — descriptive; codebook: sector baseline not method output; /wishful+ /deepthink flag,CONTEXT,M-R3-018;M-R3-019,Creative economy mapping and impact assessment,2026 impact assessment delivered,UNKNOWN,,,,,,,2026-05,REVIEWED,DESCRIPTIVE_ESTIMATE,NOT_REVIEWED,NOT_REQUESTED,UNKNOWN,UNKNOWN,Impact assessment from GVA and FTE data,1.3-candidate,R3-BATCH-D,
C-R3-032,P10-KIRK,Kirklees creative industries generate £250.9m GVA,CONTEXTUAL,,,The Fifth Sector,Kirklees Council,INTENDED,26/05,BENEFICIAL,REPORTED,DESCRIPTIVE,MONETARY,INTENDED,WITHIN_ORG,WITHIN_SECTOR,WITHIN_AREA,WITHIN_CHAIN,COMPENSATED,DESIGNED_IN,REALISED,BENEFICIAL,Kirklees Council,,,Sufficient from GVA analysis,primary,UNKNOWN,COMPLETE,CONTEMPORARY,NONE_FOUND_IN_REVIEW,MEDIUM,INTERNAL_ONLY,DESIGNER;DELIVERER;EVALUATOR,REVIEWED,INTERNAL_ONLY,£250.9m GVA figure from 2024 report; R2-T04 tested this as measurement and visibility option value; modelled estimate not direct measurement; measurement creates visibility for policy decisions; QA FIX 26/09/11: Reclassified METHOD_OUTPUT→CONTEXT; Kirklees £250.9m GVA — sector baseline; codebook: sector baseline not method output; /wishful+ /deepthink flag,CONTEXT,M-R3-019,Economic impact assessment,GVA estimated from workforce and company data,UNKNOWN,,,,,,,2026-05,REVIEWED,DESCRIPTIVE_ESTIMATE,NOT_REVIEWED,NOT_REQUESTED,UNKNOWN,UNKNOWN,GVA modelled from workforce data,1.3-candidate,R3-BATCH-D,
C-R3-033,P10-KIRK,Measuring Kirklees creative industries GVA creates visibility and option value for Kirklees Council policy decisions — OPTION EXERCISED: Council has used findings in policy decisions,OPTION,EXPAND,,The Fifth Sector,Kirklees Council,INTENDED,UNKNOWN,BENEFICIAL,REPORTED,NOT_ASSESSED,MONETARY,INTENDED,WITHIN_ORG,WITHIN_SECTOR,WITHIN_AREA,WITHIN_CHAIN,COMPENSATED,DESIGNED_IN,REALISED,BENEFICIAL,Kirklees Council,,,Evidence of policy use confirmed by Iain 26/09/09,primary,UNKNOWN,COMPLETE,CONTEMPORARY,NONE_FOUND_IN_REVIEW,MEDIUM,INTERNAL_ONLY,DESIGNER;DELIVERER;EVALUATOR,REVIEWED,INTERNAL_ONLY,R2-T04 tested this; measurement creates visibility by making sector legible to policy; option held by Kirklees Council; Iain confirmed 26/09/09 that Council HAS USED £250.9m GVA and other findings in policy decisions; option_state upgraded from PROPOSED to EXERCISED; first exercised option in pilot; evidence_status upgraded from HYPOTHESIS to REPORTED; outcome_status upgraded from FORECAST to REALISED,DESIGN,M-R3-019,Economic impact assessment,Measurement creates option value by enabling policy decisions,UNKNOWN,,EXERCISED,COMMISSIONER,UNKNOWN,Council uses GVA figure to justify creative industries investment,Council does not use figure; figure has no policy impact,Evidence of policy use confirmed by Iain 26/09/09,UNKNOWN,REVIEWED,VISIBILITY_OPTION_VALUE,NOT_REVIEWED,NOT_REQUESTED,UNKNOWN,UNKNOWN,Measurement creates visibility; OPTION EXERCISED — Council has used findings in policy decisions,1.3-candidate,R3-BATCH-D
C-R3-034,P10-KIRK,Voluntary arts sector mapped in Kirklees capturing activity often missed in SIC-based mapping,CONTEXTUAL,,,The Fifth Sector,Kirklees Council,INTENDED,24/09,BENEFICIAL,REPORTED,DESCRIPTIVE,NON_MONETARY,INTENDED,WITHIN_ORG,WITHIN_SECTOR,WITHIN_AREA,WITHIN_CHAIN,UNKNOWN,DESIGNED_IN,REALISED,BENEFICIAL,Voluntary arts sector,,,Sufficient from voluntary arts mapping,primary,UNKNOWN,COMPLETE,SHORT_LAG,NONE_FOUND_IN_REVIEW,MEDIUM,INTERNAL_ONLY,DESIGNER;DELIVERER,REVIEWED,INTERNAL_ONLY,Voluntary arts mapping captures activity missed by SIC codes; methodological innovation to address classification gap; QA FIX 26/09/11: Reclassified METHOD_OUTPUT→CONTEXT; Kirklees voluntary arts — sector baseline; codebook: sector baseline not method output; /wishful+ /deepthink flag,CONTEXT,M-R3-020,Voluntary arts mapping,Voluntary arts sector mapped,UNKNOWN,,,,,,,2024-09,REVIEWED,NONE,NOT_REVIEWED,NOT_REQUESTED,UNKNOWN,UNKNOWN,Voluntary arts data supplements SIC-based mapping,1.3-candidate,R3-BATCH-D,
C-R3-035,P10-KIRK,2026 structured audit workflow (Markdown drafts deepthink blindspot consistency) applied to report production,DIRECT,,,The Fifth Sector,Kirklees Council,INTENDED,26/05,BENEFICIAL,REPORTED,DESCRIPTIVE,NOT_APPLICABLE,INTENDED,WITHIN_ORG,WITHIN_SECTOR,WITHIN_AREA,WITHIN_CHAIN,COMPENSATED,DESIGNED_IN,REALISED,BENEFICIAL,Kirklees Council,,,Sufficient from audit files,primary,UNKNOWN,COMPLETE,CONTEMPORARY,NONE_FOUND_IN_REVIEW,MEDIUM,INTERNAL_ONLY,DESIGNER;DELIVERER;EVALUATOR,REVIEWED,INTERNAL_ONLY,2026 workflow shift from DOCX-only to Markdown + structured audits; potential feedback loop from project practice to toolkit design; effectiveness NOT_ESTABLISHED,METHOD_OUTPUT,M-R3-021,Structured audit workflow,Audit workflow applied to 2026 report,UNKNOWN,,,,,,,2026-05,REVIEWED,NONE,NOT_REVIEWED,NOT_REQUESTED,UNKNOWN,UNKNOWN,Workflow applied; effectiveness not yet evaluated,1.3-candidate,R3-BATCH-D,
C-R3-036,P36-DERBYCSR,Derby Culture Strategic Review RFQ issued by Derby City Council with £50K max budget and 7-month duration,DIRECT,,,Derby City Council,The Fifth Sector,INTENDED,26/06,BENEFICIAL,REPORTED,NOT_ASSESSED,NOT_APPLICABLE,INTENDED,WITHIN_ORG,WITHIN_SECTOR,WITHIN_AREA,WITHIN_CHAIN,COMPENSATED,DESIGNED_IN,REALISED,BENEFICIAL,Derby City Council,,,Sufficient from RFQ document,primary,UNKNOWN,COMPLETE,CONTEMPORARY,NONE_FOUND_IN_REVIEW,HIGH,INTERNAL_ONLY,DESIGNER,REVIEWED,INTERNAL_ONLY,RFQ ENQ1304; Below Threshold Procurement; £50K max; 7 months; CDP required; strategic review of cultural infrastructure governance and investment model; QA FIX 26/09/11: project_id reverted to empty — Derby Culture Strategic Review is NOT P23-DERBY (Screen Agency Feasibility); needs new project record; RESIDUAL UNCERTAINTY; QA FIX 26/09/11: project_id set to P36-DERBYCSR (Derby Culture Strategic Review bid); NOT P23-DERBY (Screen Agency); option_state set to EXPIRED (unsuccessful bid),DESIGN,,,RFQ issued by buyer,,,EXPIRED,,,,,2026-06,REVIEWED,NONE,NOT_REVIEWED,NOT_REQUESTED,UNKNOWN,UNKNOWN,Buyer-issued RFQ,1.3-candidate,R3-T05,
C-R3-037,P36-DERBYCSR,Fifth Sector submitted £40K bid for Derby Culture Strategic Review with Foresight platform and 6-person team,DIRECT,,,The Fifth Sector,Derby City Council,INTENDED,26/06,BENEFICIAL,REPORTED,DESCRIPTIVE,MONETARY,INTENDED,WITHIN_ORG,WITHIN_SECTOR,WITHIN_AREA,WITHIN_CHAIN,COMPENSATED,DESIGNED_IN,EXPIRED,ADVERSE,Derby City Council,,,Sufficient from response document,primary,UNKNOWN,COMPLETE,CONTEMPORARY,NONE_FOUND_IN_REVIEW,HIGH,INTERNAL_ONLY,DESIGNER;ADVISOR,REVIEWED,INTERNAL_ONLY,Fifth Sector bid £40K ex VAT; 62 days; 5 strands; Foresight platform; team: Bennett Bains Millington McCadden Freeman Barker; authored 2021 Masterplan; bid UNSUCCESSFUL; QA FIX 26/09/11: project_id reverted to empty — Derby Culture Strategic Review is NOT P23-DERBY (Screen Agency Feasibility); needs new project record; RESIDUAL UNCERTAINTY; QA FIX 26/09/11: project_id set to P36-DERBYCSR (Derby Culture Strategic Review bid); NOT P23-DERBY (Screen Agency); option_state set to EXPIRED (unsuccessful bid),BID_SUPPORT_DELIVERED,,,Bid submitted but unsuccessful,Submitted bid,UNKNOWN,EXPIRED,,,,,,26/06,REVIEWED,DESCRIPTIVE_ESTIMATE,NOT_REVIEWED,NOT_REQUESTED,UNKNOWN,UNKNOWN,Bid submitted at £40K,1.3-candidate,R3-T05
C-R3-038,P35-DERBYMAP,Fifth Sector authored Derby 2021 Cultural Masterplan Compact and Manifesto providing prior context for the review,CONTEXTUAL,DEMONSTRATION,,The Fifth Sector,Derby City Council,INTENDED,21-22,BENEFICIAL,REPORTED,DESCRIPTIVE,NON_MONETARY,INTENDED,WITHIN_ORG,WITHIN_SECTOR,WITHIN_AREA,WITHIN_CHAIN,COMPENSATED,DESIGNED_IN,REALISED,BENEFICIAL,Derby City Council,,,Sufficient from response document,primary,UNKNOWN,COMPLETE,LONG_LAG,NONE_FOUND_IN_REVIEW,MEDIUM,INTERNAL_ONLY,DESIGNER;ADVISOR,REVIEWED,INTERNAL_ONLY,Fifth Sector authored 2021 Masterplan Compact and Manifesto; prior work provides context but bid was still unsuccessful; prior work does not guarantee bid success; QA FIX 26/09/11: project_id set to P23-DERBY (was empty); reclassified METHOD_OUTPUT→CONTEXT; Derby Masterplan authorship is prior context for P23-DERBY review; not a method output; /skin flag; QA FIX 26/09/11: project_id corrected from P23-DERBY to P35-DERBYMAP (2021 Cultural Masterplan); NOT Screen Agency Feasibility; conflation error corrected,CONTEXT,,,2021 Masterplan authored,Prior work delivered,UNKNOWN,,PRE_EXISTING,,,,,21-22,REVIEWED,NONE,NOT_REVIEWED,NOT_REQUESTED,UNKNOWN,UNKNOWN,Prior work documented in response,1.3-candidate,R3-T05
C-G2-001,P11-ELFC,East London fashion sector contributes £1.4bn GVA and 36200 jobs to East London and Upper Lea Valley (2015 baseline),CONTEXTUAL,,,BOP Consulting / Iain Bennett,GLA / LCF,INTENDED,15,BENEFICIAL,REPORTED,DESCRIPTIVE,MONETARY,INTENDED,WITHIN_ORG,WITHIN_SECTOR,WITHIN_AREA,WITHIN_CHAIN,COMPENSATED,DESIGNED_IN,REALISED,BENEFICIAL,Fashion businesses,,,Sufficient from BRES and ABS data,primary,UNKNOWN,COMPLETE,CONTEMPORARY,NONE_FOUND_IN_REVIEW,MEDIUM,INTERNAL_ONLY,DESIGNER;DELIVERER;LEAD_CONSULTANT,REVIEWED,INTERNAL_ONLY,"Baseline measurement of existing sector scale not intervention effect; GVA estimated using ABS productivity data adjusted for local productivity ratios; employment from BRES; QA FIX 26/09/11: Reclassified METHOD_OUTPUT→CONTEXT; sector baseline measurement not method output; codebook: ""A mapping report estimating regional GVA is CONTEXT with a descriptive estimate, not value created by the consultant""; /wishful+ /deepthink flag",CONTEXT,M-G2-001,Fashion cluster mapping commission,BRES and ABS-based GVA estimation,SUBCONTRACTOR,,,,,,,2015,REVIEWED,DESCRIPTIVE_ESTIMATE,NOT_REVIEWED,NOT_REQUESTED,UNKNOWN,UNKNOWN,Modelled estimate from BRES employment data and ABS productivity ratios,1.3-candidate,G2-BATCH-A,
C-G2-002,P11-ELFC,East London fashion GVA grew 57% and employment grew 43% (10900 jobs) between 2010 and 2015 outpacing London overall (29% GVA 22% employment),CONTEXTUAL,,,BOP Consulting / Iain Bennett,GLA / LCF,INTENDED,10-15,BENEFICIAL,REPORTED,DESCRIPTIVE,MONETARY,INTENDED,WITHIN_ORG,WITHIN_SECTOR,WITHIN_AREA,WITHIN_CHAIN,COMPENSATED,OBSERVED,REALISED,BENEFICIAL,Fashion businesses,,,Sufficient from BRES time series,primary,UNKNOWN,COMPLETE,CONTEMPORARY,NONE_FOUND_IN_REVIEW,MEDIUM,INTERNAL_ONLY,DESIGNER;DELIVERER;LEAD_CONSULTANT,REVIEWED,INTERNAL_ONLY,"Pre-intervention growth trend measurement; not an effect of ELFC which was proposed after this period; manufacturing GVA grew 128% employment 94%; QA FIX 26/09/11: Reclassified METHOD_OUTPUT→CONTEXT; sector baseline measurement not method output; codebook: ""A mapping report estimating regional GVA is CONTEXT with a descriptive estimate, not value created by the consultant""; /wishful+ /deepthink flag; SPOT-CHECK 26/09/11: 43% employment growth is derived (10900/25300 baseline) not explicitly stated in source; 22% London employment growth figure NOT FOUND in source — only 29% London GVA growth confirmed (line 427); /skin flag — unverified figure; QA VERIFIED 26/09/11: 22% London employment figure confirmed in SRC-G2-003 Table 2 (London fashion employment grew 22% from 131300 to 159700); 43% East London employment growth confirmed in Table 3 (25300 to 36200); all figures verified against baseline spreadsheet and summary report",CONTEXT,M-G2-001,Fashion cluster mapping commission,BRES time series analysis,SUBCONTRACTOR,,,,,,,2010-2015,REVIEWED,DESCRIPTIVE_ESTIMATE,NOT_REVIEWED,NOT_REQUESTED,UNKNOWN,UNKNOWN,BRES time series comparison 2010 vs 2015,1.3-candidate,G2-BATCH-A,
C-G2-003,P11-ELFC,Physical clustering of fashion design production and service providers acts as amplifier for market signals making cluster members more productive competitive and creative,KNOWLEDGE,,,BOP Consulting / Iain Bennett,GLA / LCF,INTENDED,UNKNOWN,BENEFICIAL,HYPOTHESIS,NOT_ASSESSED,NOT_APPLICABLE,UNINTENDED,ACROSS_ORG,WITHIN_SECTOR,WITHIN_AREA,WITHIN_CHAIN,UNCOMPENSATED,EMERGENT,FORECAST,BENEFICIAL,Fashion businesses,,,Hypothetical; cited from cluster theory literature and Hackney Walk observation,primary,UNKNOWN,COMPLETE,CONTEMPORARY,NONE_FOUND_IN_REVIEW,LOW,INTERNAL_ONLY,DESIGNER;LEAD_CONSULTANT,REVIEWED,INTERNAL_ONLY,Knowledge spillover hypothesis from co-location; report cites this as theoretical basis not as measured outcome; GLA Economics note explicitly asks for evidence of spillover effects,DESIGN,M-G2-002,Cluster theory and case studies,Literature-based spillover hypothesis,SUBCONTRACTOR,,PROPOSED,COMMISSIONER,UNKNOWN,Clustering increases productivity,Cluster effects may be confounded by selection,Not tested empirically in this study,UNKNOWN,REVIEWED,THEORETICAL,NOT_REVIEWED,NOT_REQUESTED,UNKNOWN,UNKNOWN,Cluster theory predicts knowledge spillovers from co-location,1.3-candidate,G2-BATCH-A
C-G2-004,P11-ELFC,Bringing together fashion and technology sectors will stimulate pull-through of innovations in digital manufacturing with wider applications in other sectors,PRODUCT,,,BOP Consulting / Iain Bennett,GLA / LCF,INTENDED,UNKNOWN,BENEFICIAL,HYPOTHESIS,NOT_ASSESSED,MONETARY,UNINTENDED,ACROSS_ORG,ACROSS_SECTOR,WITHIN_AREA,ACROSS_CHAIN,UNCOMPENSATED,EMERGENT,FORECAST,BENEFICIAL,Fashion and tech businesses,,,Hypothetical; no evidence of realised cross-sector product spillover,primary,UNKNOWN,COMPLETE,CONTEMPORARY,NONE_FOUND_IN_REVIEW,LOW,INTERNAL_ONLY,DESIGNER;LEAD_CONSULTANT,REVIEWED,INTERNAL_ONLY,Product spillover forecast; report proposes fashion-tech convergence but provides no evidence of realised cross-sector product spillovers; cites startups (Unmade Fitsme Vinaya) as examples but not as measured spillover effects,DESIGN,M-G2-002,Cluster theory and case studies,Cross-sector innovation hypothesis,SUBCONTRACTOR,,PROPOSED,COMMISSIONER,UNKNOWN,Digital manufacturing innovations will spillover to other sectors,Other sectors may develop independently,No evidence of realised spillover,UNKNOWN,REVIEWED,THEORETICAL,NOT_REVIEWED,NOT_REQUESTED,UNKNOWN,UNKNOWN,Fashion-tech convergence may produce transferable innovations,1.3-candidate,G2-BATCH-A
C-G2-005,P11-ELFC,ELFC proposes four-stage gated investment sequence: pre-launch (to 18/04) then launch then LCF relocation (2021/22) then evaluation,OPTION,GATED_SEQUENCE,,BOP Consulting / Iain Bennett,GLA / LCF,INTENDED,17-22,BENEFICIAL,HYPOTHESIS,NOT_ASSESSED,NOT_APPLICABLE,INTENDED,WITHIN_ORG,WITHIN_SECTOR,WITHIN_AREA,WITHIN_CHAIN,COMPENSATED,DESIGNED_IN,FORECAST,BENEFICIAL,ELFC organisation; fashion businesses,,,Proposed sequence not implemented,primary,UNKNOWN,COMPLETE,CONTEMPORARY,NONE_FOUND_IN_REVIEW,MEDIUM,INTERNAL_ONLY,DESIGNER;LEAD_CONSULTANT,REVIEWED,INTERNAL_ONLY,Strategic option value via gated investment sequencing; report proposes phased approach with evaluation gate after 3 years; this is a DESIGN not an implemented sequence,DESIGN,M-G2-003,Action plan and scenario planning,Designed four-stage gated sequence,SUBCONTRACTOR,,PROPOSED,COMMISSIONER,UNKNOWN,Phased investment reduces risk and enables learning-based adaptation,Funding may not materialise; phases may not proceed,Sequence not implemented,UNKNOWN,REVIEWED,SCENARIO_ESTIMATE,NOT_REVIEWED,NOT_REQUESTED,UNKNOWN,UNKNOWN,Gated sequencing enables learning-based investment decisions,1.3-candidate,G2-BATCH-A
C-G2-006,P11-ELFC,ELFC proposed as beacon project for Thames Estuary Production Corridor and hub for national fashion sector plan with spokes in other UK clusters,OPTION,VISIBILITY,,BOP Consulting / Iain Bennett,GLA / LCF / BFC / UKFT,INTENDED,UNKNOWN,BENEFICIAL,HYPOTHESIS,NOT_ASSESSED,NOT_APPLICABLE,UNINTENDED,ACROSS_ORG,ACROSS_SECTOR,BEYOND_AREA,ACROSS_CHAIN,UNCOMPENSATED,EMERGENT,FORECAST,BENEFICIAL,UK fashion and textile sector,,,Proposed visibility option not exercised,primary,UNKNOWN,COMPLETE,CONTEMPORARY,NONE_FOUND_IN_REVIEW,LOW,INTERNAL_ONLY,DESIGNER;LEAD_CONSULTANT,REVIEWED,INTERNAL_ONLY,Visibility option value; report proposes ELFC as national hub-and-spoke model and beacon for Thames Estuary; this is a PROPOSED option not exercised; no evidence of national plan adoption,DESIGN,M-G2-003,Action plan and scenario planning,Proposed national hub-and-spoke visibility option,SUBCONTRACTOR,,PROPOSED,COMMISSIONER,UNKNOWN,ELFC visibility would attract national and international investment,National plan may not materialise; other hubs may compete,No evidence of national plan adoption,UNKNOWN,REVIEWED,SCENARIO_ESTIMATE,NOT_REVIEWED,NOT_REQUESTED,UNKNOWN,UNKNOWN,Visibility as cluster beacon attracts investment and talent,1.3-candidate,G2-BATCH-A
C-G2-007,P11-ELFC,Hackney has location quotient of 9.46 for design businesses indicating extreme concentration of design activity,CONTEXTUAL,,,BOP Consulting / Iain Bennett,GLA / LCF,INTENDED,14,BENEFICIAL,REPORTED,DESCRIPTIVE,NOT_APPLICABLE,INTENDED,WITHIN_ORG,WITHIN_SECTOR,WITHIN_AREA,WITHIN_CHAIN,COMPENSATED,OBSERVED,REALISED,BENEFICIAL,Design businesses,,,Sufficient from BRES LQ analysis,primary,UNKNOWN,COMPLETE,CONTEMPORARY,NONE_FOUND_IN_REVIEW,HIGH,INTERNAL_ONLY,DESIGNER;DELIVERER;LEAD_CONSULTANT,REVIEWED,INTERNAL_ONLY,"Location quotient measurement; indicates design concentration in Hackney; contextual finding not an effect; supports cluster theory hypothesis; QA FIX 26/09/11: Reclassified METHOD_OUTPUT→CONTEXT; sector baseline measurement not method output; codebook: ""A mapping report estimating regional GVA is CONTEXT with a descriptive estimate, not value created by the consultant""; /wishful+ /deepthink flag",CONTEXT,M-G2-001,Fashion cluster mapping commission,BRES location quotient analysis,SUBCONTRACTOR,,,,,,,2014,REVIEWED,DESCRIPTIVE_ESTIMATE,NOT_REVIEWED,NOT_REQUESTED,UNKNOWN,UNKNOWN,BRES-based LQ calculation,1.3-candidate,G2-BATCH-A,
C-G2-008,P11-ELFC,GLA Economics note explicitly states need for evidence of spillover effects/externalities from co-location in fashion sector as building block for intervention case,CONTEXTUAL,,,Iain Bennett,GLA,INTENDED,16/10,BENEFICIAL,REPORTED,DESCRIPTIVE,NOT_APPLICABLE,INTENDED,WITHIN_ORG,WITHIN_SECTOR,WITHIN_AREA,WITHIN_CHAIN,COMPENSATED,DESIGNED_IN,REALISED,BENEFICIAL,GLA Economics,,,Sufficient from GLA Economics note,primary,UNKNOWN,COMPLETE,CONTEMPORARY,NONE_FOUND_IN_REVIEW,HIGH,INTERNAL_ONLY,DESIGNER;LEAD_CONSULTANT,REVIEWED,INTERNAL_ONLY,Contextual finding not an effect; Iain-authored note identifies spillover evidence as critical gap; note states it is difficult to make economic case for intervention without spillover evidence; important for methodology development,CONTEXT,M-G2-004,Economic rationale analysis,Identified spillover evidence gap,SUBCONTRACTOR,,,,,,,2016-10,REVIEWED,NONE,NOT_REVIEWED,NOT_REQUESTED,UNKNOWN,UNKNOWN,Spillover evidence needed for intervention case,1.3-candidate,G2-BATCH-A,
C-G2-009,P12-KIRK15,Kirklees Creative Industries employment 3360 and Creative Economy employment 5020 (2015 baseline),CONTEXTUAL,,,BOP Consulting / Iain Bennett,Kirklees Council,INTENDED,15,BENEFICIAL,REPORTED,DESCRIPTIVE,MONETARY,INTENDED,WITHIN_ORG,WITHIN_SECTOR,WITHIN_AREA,WITHIN_CHAIN,COMPENSATED,DESIGNED_IN,REALISED,BENEFICIAL,Kirklees creative sector,,,Sufficient from BRES data and BOP analysis,primary,UNKNOWN,COMPLETE,CONTEMPORARY,NONE_FOUND_IN_REVIEW,MEDIUM,INTERNAL_ONLY,ADVISOR;INTERPRETER,REVIEWED,INTERNAL_ONLY,"Baseline measurement of existing sector scale; CI employment from BRES; CE employment includes embedded creative occupations; data-only source no narrative report; QA FIX 26/09/11: Reclassified METHOD_OUTPUT→CONTEXT; sector baseline measurement not method output; codebook: ""A mapping report estimating regional GVA is CONTEXT with a descriptive estimate, not value created by the consultant""; /wishful+ /deepthink flag",CONTEXT,M-G2-005,Creative economy baseline,BRES-based employment analysis,SUBCONTRACTOR,,,,,,,2015,REVIEWED,DESCRIPTIVE_ESTIMATE,NOT_REVIEWED,NOT_REQUESTED,UNKNOWN,UNKNOWN,BRES employment data with BOP scaling,1.3-candidate,G2-BATCH-A,
C-G2-010,P12-KIRK15,Kirklees Creative Industries GVA estimated at £100.979m with IT/software comprising 63% (£63.935m),CONTEXTUAL,,,BOP Consulting / Iain Bennett,Kirklees Council,INTENDED,15,BENEFICIAL,REPORTED,DESCRIPTIVE,MONETARY,INTENDED,WITHIN_ORG,WITHIN_SECTOR,WITHIN_AREA,WITHIN_CHAIN,COMPENSATED,DESIGNED_IN,REALISED,BENEFICIAL,Kirklees creative sector,,,Sufficient from ONS and BOP analysis,primary,UNKNOWN,COMPLETE,CONTEMPORARY,NONE_FOUND_IN_REVIEW,MEDIUM,INTERNAL_ONLY,ADVISOR;INTERPRETER,REVIEWED,INTERNAL_ONLY,"Baseline GVA measurement; IT/software dominant share (63%) notable for comparison with later Kirklees cycles where composition may have shifted; data-only source; QA FIX 26/09/11: Reclassified METHOD_OUTPUT→CONTEXT; sector baseline measurement not method output; codebook: ""A mapping report estimating regional GVA is CONTEXT with a descriptive estimate, not value created by the consultant""; /wishful+ /deepthink flag",CONTEXT,M-G2-005,Creative economy baseline,ONS and BOP GVA estimation,SUBCONTRACTOR,,,,,,,2015,REVIEWED,DESCRIPTIVE_ESTIMATE,NOT_REVIEWED,NOT_REQUESTED,UNKNOWN,UNKNOWN,ONS GVA data with BOP analysis,1.3-candidate,G2-BATCH-A,
C-G2-011,P13-CWL,Most Creativeworks London projects were at too early a stage of development to register clear economic impacts but a range of transformations from spin-out activity to increasing engagement of researchers in entrepreneurial activity were observed,CONTEXTUAL,,,BOP Consulting / Iain Bennett,AHRC,INTENDED,16,BENEFICIAL,REPORTED,DESCRIPTIVE,NOT_APPLICABLE,UNINTENDED,ACROSS_ORG,ACROSS_SECTOR,WITHIN_AREA,WITHIN_CHAIN,UNCOMPENSATED,EMERGENT,REALISED,BENEFICIAL,Creative SMEs; early career researchers,,,Sufficient from evaluation,primary,UNKNOWN,COMPLETE,CONTEMPORARY,NONE_FOUND_IN_REVIEW,MEDIUM,INTERNAL_ONLY,EVALUATOR,REVIEWED,INTERNAL_ONLY,Evaluation finding; explicitly states economic impacts not yet clear; transformations observed merit further investigation; important for spillover evidence gap identification; SPOT-CHECK CORRECTION 26/09/11: Iain led evaluation as BOP Associate Director; role updated to EVALUATOR; contracting_role set to ASSOCIATE,CONTEXT,M-G2-006,KE hub evaluation,Programme evaluation with counterfactual reasoning,ASSOCIATE,,,,,,,2016,REVIEWED,NONE,NOT_REVIEWED,NOT_REQUESTED,UNKNOWN,UNKNOWN,Early-stage projects too soon for economic impact measurement,1.3-candidate,G2-BATCH-A,
C-G2-012,P13-CWL,Absorptive capacity of SMEs for innovation in products and services was increased by engagement with collaborative knowledge exchange but further research needed to establish whether this results in improved commercial returns,KNOWLEDGE,,,BOP Consulting / Iain Bennett,AHRC,INTENDED,16,BENEFICIAL,REPORTED,DESCRIPTIVE,NOT_APPLICABLE,UNINTENDED,ACROSS_ORG,ACROSS_SECTOR,WITHIN_AREA,WITHIN_CHAIN,UNCOMPENSATED,EMERGENT,REALISED,BENEFICIAL,Creative SMEs,,,Sufficient from evaluation findings,primary,UNKNOWN,COMPLETE,CONTEMPORARY,NONE_FOUND_IN_REVIEW,MEDIUM,INTERNAL_ONLY,EVALUATOR,REVIEWED,INTERNAL_ONLY,Knowledge spillover observed; absorptive capacity increased; but commercial returns not yet established; important evidence of knowledge spillover mechanism; QA FIX 26/09/11: Reclassified METHOD_OUTPUT→EFFECT; this is a CWL programme effect detected by BOP evaluation not Fifth Sector method output; fifth_sector_role retained as ADVISOR;INTERPRETER (BOP was evaluator; Iain was advisor/interpreter within BOP); SPOT-CHECK CORRECTION 26/09/11; SPOT-CHECK CORRECTION 26/09/11: Iain led evaluation as BOP Associate Director — not merely advisor/interpreter; contracting_role set to ASSOCIATE,EFFECT,M-G2-006,KE hub evaluation,Iain led evaluation as BOP Associate Director; absorptive capacity increase is CWL programme effect detected by Iain-led evaluation; not Fifth Sector direct delivery,ASSOCIATE,,,,,,,2016,REVIEWED,NONE,NOT_REVIEWED,NOT_REQUESTED,UNKNOWN,UNKNOWN,Knowledge exchange increases absorptive capacity but commercial returns require longer time frame,1.3-candidate,G2-BATCH-A,
C-G2-013,P13-CWL,Evaluation explicitly addresses difficulty of establishing counterfactual case for effectiveness of arts and humanities research practice and collaboration in defining outcomes of creative innovation,CONTEXTUAL,,,BOP Consulting / Iain Bennett,AHRC,INTENDED,16,BENEFICIAL,REPORTED,DESCRIPTIVE,NOT_APPLICABLE,INTENDED,WITHIN_ORG,WITHIN_SECTOR,WITHIN_AREA,WITHIN_CHAIN,COMPENSATED,DESIGNED_IN,REALISED,BENEFICIAL,AHRC; creative sector,,,Sufficient from evaluation report,primary,UNKNOWN,COMPLETE,CONTEMPORARY,NONE_FOUND_IN_REVIEW,HIGH,INTERNAL_ONLY,EVALUATOR,REVIEWED,INTERNAL_ONLY,Methodological finding; report explicitly addresses counterfactual reasoning challenge; important for methodology development; identifies need for longer time frames in assessing creative innovation; SPOT-CHECK CORRECTION 26/09/11: Iain led evaluation as BOP Associate Director; role updated to EVALUATOR; contracting_role set to ASSOCIATE,CONTEXT,M-G2-006,KE hub evaluation,Counterfactual reasoning applied to KE evaluation,ASSOCIATE,,,,,,,2016,REVIEWED,NONE,NOT_REVIEWED,NOT_REQUESTED,UNKNOWN,UNKNOWN,Counterfactual case difficult to establish for arts and humanities research,1.3-candidate,G2-BATCH-A,
C-G2-014,P13-CWL,Creative sector tools (data visualisation video communications digital workflow social media AI VR) developed by creative sector are now finding wider audience in healthcare logistics finance,PRODUCT,,,BOP Consulting / Iain Bennett,AHRC,INTENDED,16,BENEFICIAL,REPORTED,DESCRIPTIVE,NOT_APPLICABLE,UNINTENDED,ACROSS_ORG,ACROSS_SECTOR,BEYOND_AREA,ACROSS_CHAIN,UNCOMPENSATED,EMERGENT,REALISED,BENEFICIAL,Healthcare; logistics; finance sectors,,,Sufficient from evaluation observation,primary,UNKNOWN,COMPLETE,CONTEMPORARY,NONE_FOUND_IN_REVIEW,MEDIUM,INTERNAL_ONLY,EVALUATOR,REVIEWED,INTERNAL_ONLY,Product spillover observation; creative sector tools adopted by other sectors; documented as observed phenomenon not measured outcome; SPOT-CHECK CORRECTION 26/09/11: Iain led evaluation as BOP Associate Director; role updated to EVALUATOR; contracting_role set to ASSOCIATE,CONTEXT,M-G2-006,KE hub evaluation,Observed cross-sector tool adoption,ASSOCIATE,,,,,,,2016,REVIEWED,NONE,NOT_REVIEWED,NOT_REQUESTED,UNKNOWN,UNKNOWN,Creative sector tools diffuse to other sectors,1.3-candidate,G2-BATCH-A,
C-G2-015,P14-DCAT,UK immersive tech sector comprises approximately 500 active companies with London home to over 200,CONTEXTUAL,,,BOP Consulting / Iain Bennett,Digital Catapult,INTENDED,18,BENEFICIAL,REPORTED,DESCRIPTIVE,NOT_APPLICABLE,INTENDED,WITHIN_ORG,WITHIN_SECTOR,WITHIN_AREA,WITHIN_CHAIN,COMPENSATED,DESIGNED_IN,REALISED,BENEFICIAL,Immersive tech companies,,,Sufficient from AI-powered mapping and Synoptica; 500 from main report (SRC-G2-007 line 327); over 200 in London from technical report (SRC-G2-008 line 55),primary,UNKNOWN,COMPLETE,CONTEMPORARY,NONE_FOUND_IN_REVIEW,MEDIUM,INTERNAL_ONLY,DESIGNER;DELIVERER;LEAD_CONSULTANT,REVIEWED,INTERNAL_ONLY,"Baseline measurement; 500 companies identified through AI-powered web search; London dominance noted; over 200 figure from technical report; no SIC/SOC codes for immersive so alternative mapping methods required; QA FIX 26/09/11: Reclassified METHOD_OUTPUT→CONTEXT; sector baseline measurement not method output; codebook: ""A mapping report estimating regional GVA is CONTEXT with a descriptive estimate, not value created by the consultant""; /wishful+ /deepthink flag",CONTEXT,M-G2-007,Immersive tech sector mapping,AI-powered supplier identification using Synoptica,SUBCONTRACTOR,,,,,,,2018,REVIEWED,DESCRIPTIVE_ESTIMATE,NOT_REVIEWED,NOT_REQUESTED,UNKNOWN,UNKNOWN,AI-powered web search and manual cleansing for company identification,1.3-candidate,G2-BATCH-A,
C-G2-016,P14-DCAT,Clustering is important factor in improving productivity through sharing of knowledge tools skills and access to markets; positive externalities from collaborative R&D may lower barriers to research production and distribution,KNOWLEDGE,,,BOP Consulting / Iain Bennett,Digital Catapult,INTENDED,18,BENEFICIAL,HYPOTHESIS,NOT_ASSESSED,NOT_APPLICABLE,UNINTENDED,ACROSS_ORG,WITHIN_SECTOR,WITHIN_AREA,WITHIN_CHAIN,UNCOMPENSATED,EMERGENT,FORECAST,BENEFICIAL,Immersive tech SMEs,,,Hypothetical; investigated qualitatively through 30+ interviews,primary,UNKNOWN,COMPLETE,CONTEMPORARY,NONE_FOUND_IN_REVIEW,MEDIUM,INTERNAL_ONLY,DESIGNER;DELIVERER;LEAD_CONSULTANT,REVIEWED,INTERNAL_ONLY,Knowledge spillover hypothesis; report explicitly investigates positive externalities and spillovers in collaborative R&D; qualitative approach used due to absence of quantitative data; cluster theory applied,DESIGN,M-G2-007,Immersive tech sector mapping,Qualitative cluster case studies testing spillover hypothesis,SUBCONTRACTOR,,PROPOSED,COMMISSIONER,UNKNOWN,Clustering improves productivity through knowledge sharing,Cluster effects may be confounded by selection,Qualitative not quantitative evidence,18,REVIEWED,THEORETICAL,NOT_REVIEWED,NOT_REQUESTED,UNKNOWN,UNKNOWN,Cluster theory predicts knowledge spillovers from co-location and collaboration,1.3-candidate,G2-BATCH-A
C-G2-017,P14-DCAT,Immersive content offers new value to range of sectors by recombining and providing interfaces for other key enabling technologies: cyber security data IoT satellite earth observation electronics sensors photonics robotics autonomous systems,PRODUCT,,,BOP Consulting / Iain Bennett,Digital Catapult,INTENDED,18,BENEFICIAL,HYPOTHESIS,NOT_ASSESSED,MONETARY,UNINTENDED,ACROSS_ORG,ACROSS_SECTOR,BEYOND_AREA,ACROSS_CHAIN,UNCOMPENSATED,EMERGENT,FORECAST,BENEFICIAL,Multiple sectors,,,Hypothetical; observed in case studies but not systematically measured,primary,UNKNOWN,COMPLETE,CONTEMPORARY,NONE_FOUND_IN_REVIEW,MEDIUM,INTERNAL_ONLY,DESIGNER;DELIVERER;LEAD_CONSULTANT,REVIEWED,INTERNAL_ONLY,Product spillover forecast; immersive tech as enabling technology for multiple sectors; case studies show applications in manufacturing healthcare education construction visitor economy; not systematically measured,DESIGN,M-G2-007,Immersive tech sector mapping,Cross-sector application analysis,SUBCONTRACTOR,,PROPOSED,COMMISSIONER,UNKNOWN,Immersive tech enables productivity gains across sectors,Other enabling technologies may substitute,Case studies show applications but not systematic measurement,18,REVIEWED,THEORETICAL,NOT_REVIEWED,NOT_REQUESTED,UNKNOWN,UNKNOWN,Immersive tech recombines with other enabling technologies for cross-sector value,1.3-candidate,G2-BATCH-A
C-G2-018,P14-DCAT,HVMC national immersive content cluster provides taste and test access to VR/AR/smart glasses/full motion rigs/CAVE systems enabling SMEs and large enterprises to make purchasing decisions and derisk development,CONTEXTUAL,,,BOP Consulting / Iain Bennett,Digital Catapult,INTENDED,18,BENEFICIAL,REPORTED,DESCRIPTIVE,NOT_APPLICABLE,UNINTENDED,ACROSS_ORG,ACROSS_SECTOR,WITHIN_AREA,ACROSS_CHAIN,UNCOMPENSATED,EMERGENT,REALISED,BENEFICIAL,Manufacturing SMEs; immersive tech companies,,,Sufficient from case study evidence,primary,UNKNOWN,COMPLETE,CONTEMPORARY,NONE_FOUND_IN_REVIEW,MEDIUM,INTERNAL_ONLY,DESIGNER;DELIVERER;LEAD_CONSULTANT,REVIEWED,INTERNAL_ONLY,"Network spillover observation; HVMC as anchor institution facilitating knowledge transfer and risk reduction; observed in case studies; companies like Rolls Royce Siemens Tata Steel DESTACO using VR for design and training; QA FIX 26/09/11: Reclassified METHOD_OUTPUT→CONTEXT; sector baseline measurement not method output; codebook: ""A mapping report estimating regional GVA is CONTEXT with a descriptive estimate, not value created by the consultant""; /wishful+ /deepthink flag",CONTEXT,M-G2-007,Immersive tech sector mapping,Cluster case study analysis,SUBCONTRACTOR,,,,,,,2018,REVIEWED,NONE,NOT_REVIEWED,NOT_REQUESTED,UNKNOWN,UNKNOWN,HVMC network model facilitates technology adoption and risk reduction,1.3-candidate,G2-BATCH-A,
C-G2-019,P15-LIVMUS,Liverpool core music sector generates £100.5m annual turnover and employs 2360 people (2017 baseline; note: executive summary states 2330 — internal source inconsistency),CONTEXTUAL,,,BOP Consulting / Iain Bennett,Culture Liverpool,INTENDED,17,BENEFICIAL,REPORTED,DESCRIPTIVE,MONETARY,INTENDED,WITHIN_ORG,WITHIN_SECTOR,WITHIN_AREA,WITHIN_CHAIN,COMPENSATED,DESIGNED_IN,REALISED,BENEFICIAL,Music businesses; musicians,,,Sufficient from UK Music data ONS and bespoke methodology,primary,UNKNOWN,COMPLETE,CONTEMPORARY,NONE_FOUND_IN_REVIEW,MEDIUM,INTERNAL_ONLY,DESIGNER;DELIVERER;LEAD_CONSULTANT,REVIEWED,INTERNAL_ONLY,"Baseline measurement; turnover from UK Music box office ONS for labels/publishers Advisory Board for musicians; draft had £108.6m revised to £100.5m in final; bespoke methodology for Liverpool music economy; NOTE: executive summary (line 46) states 2330 employed but detailed breakdown (line 174) totals 2360 — internal source inconsistency; claim uses detailed figure; QA FIX 26/09/11: Reclassified METHOD_OUTPUT→CONTEXT; sector baseline measurement not method output; codebook: ""A mapping report estimating regional GVA is CONTEXT with a descriptive estimate, not value created by the consultant""; /wishful+ /deepthink flag",CONTEXT,M-G2-008,Music sector economic mapping,Bespoke methodology combining UK Music ONS and Advisory Board estimates,SUBCONTRACTOR,,,,,,,2017,REVIEWED,DESCRIPTIVE_ESTIMATE,NOT_REVIEWED,NOT_REQUESTED,UNKNOWN,UNKNOWN,Bespoke methodology combining multiple data sources with Advisory Board validation; internal source inconsistency on employment figure (2330 vs 2360),1.3-candidate,G2-BATCH-A,
C-G2-020,P15-LIVMUS,Beatles heritage underpins £98m per annum from music visitor economy with visitor numbers growing year on year for a decade,CONTEXTUAL,,,BOP Consulting / Iain Bennett,Culture Liverpool,INTENDED,17,BENEFICIAL,REPORTED,DESCRIPTIVE,MONETARY,INTENDED,WITHIN_ORG,WITHIN_SECTOR,WITHIN_AREA,WITHIN_CHAIN,COMPENSATED,OBSERVED,REALISED,BENEFICIAL,Visitor economy; Beatles attractions,,,Sufficient from UK Music and IPM research,primary,UNKNOWN,COMPLETE,CONTEMPORARY,NONE_FOUND_IN_REVIEW,MEDIUM,INTERNAL_ONLY,DESIGNER;DELIVERER;LEAD_CONSULTANT,REVIEWED,INTERNAL_ONLY,"Baseline measurement; UK Music estimates £98m direct music tourism spending; IPM 2015 study estimated £81.9m net impact growing 5-15% annually; Beatles attractions turnover £10.2m; QA FIX 26/09/11: Reclassified METHOD_OUTPUT→CONTEXT; sector baseline measurement not method output; codebook: ""A mapping report estimating regional GVA is CONTEXT with a descriptive estimate, not value created by the consultant""; /wishful+ /deepthink flag",CONTEXT,M-G2-008,Music sector economic mapping,UK Music and IPM data analysis,SUBCONTRACTOR,,,,,,,2017,REVIEWED,DESCRIPTIVE_ESTIMATE,NOT_REVIEWED,NOT_REQUESTED,UNKNOWN,UNKNOWN,UK Music Wish You Were Here data and IPM Beatles impact study,1.3-candidate,G2-BATCH-A,
C-G2-021,P15-LIVMUS,Liverpool music sector has distinctive strength in production services with Adlib as major employer and centre of excellence serving music conferences theatre and non-music events,CONTEXTUAL,,,BOP Consulting / Iain Bennett,Culture Liverpool,INTENDED,17,BENEFICIAL,REPORTED,DESCRIPTIVE,NOT_APPLICABLE,UNINTENDED,ACROSS_ORG,ACROSS_SECTOR,WITHIN_AREA,ACROSS_CHAIN,UNCOMPENSATED,EMERGENT,REALISED,BENEFICIAL,Production services sector; non-music events,,,Sufficient from consultation and survey,primary,UNKNOWN,COMPLETE,CONTEMPORARY,NONE_FOUND_IN_REVIEW,MEDIUM,INTERNAL_ONLY,DESIGNER;DELIVERER;LEAD_CONSULTANT,REVIEWED,INTERNAL_ONLY,"Network spillover observation; Adlib production services serve multiple sectors beyond music; proposed Production Park collocated with film studios could catalyse further cross-sector growth; £7.6m music production turnover plus £3m non-music; QA FIX 26/09/11: Reclassified METHOD_OUTPUT→CONTEXT; sector baseline measurement not method output; codebook: ""A mapping report estimating regional GVA is CONTEXT with a descriptive estimate, not value created by the consultant""; /wishful+ /deepthink flag",CONTEXT,M-G2-008,Music sector economic mapping,Production services survey and consultation,SUBCONTRACTOR,,,,,,,2017,REVIEWED,NONE,NOT_REVIEWED,NOT_REQUESTED,UNKNOWN,UNKNOWN,Production services capabilities transfer across music film theatre and conference sectors,1.3-candidate,G2-BATCH-A,
C-G2-022,P15-LIVMUS,Liverpool City of Music Board proposed as industry-led governance structure to coordinate strategy and amplify city music sector,OPTION,GOVERNANCE,,BOP Consulting / Iain Bennett,Culture Liverpool,INTENDED,18-28,BENEFICIAL,HYPOTHESIS,NOT_ASSESSED,NOT_APPLICABLE,INTENDED,WITHIN_ORG,WITHIN_SECTOR,WITHIN_AREA,WITHIN_CHAIN,COMPENSATED,DESIGNED_IN,FORECAST,BENEFICIAL,Liverpool music sector,,,Proposed governance structure not implemented at time of report,primary,UNKNOWN,COMPLETE,CONTEMPORARY,NONE_FOUND_IN_REVIEW,MEDIUM,INTERNAL_ONLY,DESIGNER;LEAD_CONSULTANT,REVIEWED,INTERNAL_ONLY,Strategic option; proposed industry-led Board to coordinate public/private sector efforts; this is a DESIGN proposition; implementation status unclear,DESIGN,M-G2-009,Strategy and scenario planning,Designed governance structure and action plan,SUBCONTRACTOR,,PROPOSED,COMMISSIONER,UNKNOWN,Industry-led Board would improve coordination and amplify sector,Public sector may not devolve responsibility,Implementation status unclear,UNKNOWN,REVIEWED,SCENARIO_ESTIMATE,NOT_REVIEWED,NOT_REQUESTED,UNKNOWN,UNKNOWN,Industry-led governance improves sector coordination,1.3-candidate,G2-BATCH-A
C-G2-023,P15-LIVMUS,Proposed Production Park collocated with Liverpool Film Studios could form basis of private-sector led National College of Creative Industries for staging sound lighting and video skills,OPTION,VISIBILITY,,BOP Consulting / Iain Bennett,Culture Liverpool,INTENDED,UNKNOWN,BENEFICIAL,HYPOTHESIS,NOT_ASSESSED,MONETARY,UNINTENDED,ACROSS_ORG,ACROSS_SECTOR,WITHIN_AREA,ACROSS_CHAIN,UNCOMPENSATED,EMERGENT,FORECAST,BENEFICIAL,Music film and TV sectors,,,Proposed capital project not implemented,primary,UNKNOWN,COMPLETE,CONTEMPORARY,NONE_FOUND_IN_REVIEW,LOW,INTERNAL_ONLY,DESIGNER;LEAD_CONSULTANT,REVIEWED,INTERNAL_ONLY,Strategic option; proposed Production Park as cross-sector skills hub; this is a DESIGN proposition linking music production services with film studios; not implemented,DESIGN,M-G2-009,Strategy and scenario planning,Proposed cross-sector capital project,SUBCONTRACTOR,,PROPOSED,COMMISSIONER,UNKNOWN,Production Park would catalyse cross-sector skills development,Funding may not materialise; film studios may not proceed,Not implemented,UNKNOWN,REVIEWED,SCENARIO_ESTIMATE,NOT_REVIEWED,NOT_REQUESTED,UNKNOWN,UNKNOWN,Collocation of music and film production creates cross-sector skills hub,1.3-candidate,G2-BATCH-A
C-G2-024,P16-CICP,CICP evaluation approach designed with mixed-methods contribution analysis CBA DiD and LinkedIn/Meetup network mapping,DIRECT,,,BOP Consulting / Iain Bennett,UKRI / AHRC,INTENDED,20,BENEFICIAL,REPORTED,DESCRIPTIVE,NOT_APPLICABLE,INTENDED,WITHIN_ORG,ACROSS_SECTOR,NATIONAL,WITHIN_CHAIN,COMPENSATED,DESIGNED_IN,REALISED,BENEFICIAL,UKRI; AHRC; CICP clusters,Sufficient from approach document,primary,UNKNOWN,COMPLETE,CONTEMPORARY,Diversity of interventions and places makes attribution hard,MEDIUM,ADVISOR;INTERPRETER,METHOD_OUTPUT,M-G2-010,Evaluation approach design not outcome report; Iain contributed mapping and methodology via BOP; marginal claim,REVIEWED,G2-BATCH-B,,METHOD_OUTPUT,M-G2-010,,,,,,,,,,,,,,,,,,,1.3-candidate,G2-BATCH-B
C-G2-025,P17-LCRCSU,Leeds City Region creative industries employment grew 32% (14420 jobs) 2015-2018 to 58840,CONTEXTUAL,,,The Fifth Sector,WYCA,INTENDED,18,BENEFICIAL,REPORTED,DESCRIPTIVE,MONETARY,INTENDED,WITHIN_ORG,WITHIN_SECTOR,WITHIN_AREA,WITHIN_CHAIN,COMPENSATED,OBSERVED,REALISED,BENEFICIAL,WYCA; creative businesses,Sufficient from BRES data,primary,UNKNOWN,COMPLETE,CONTEMPORARY,Overall growth lower than national average,MEDIUM,DESIGNER;DELIVERER;LEAD_CONSULTANT,METHOD_OUTPUT,M-G2-011,Baseline growth measurement not intervention effect; BRES time series; Film/TV +91% IT +81% Music +75%,REVIEWED,G2-BATCH-B,"; QA FIX 26/09/11: Reclassified METHOD_OUTPUT→CONTEXT; sector baseline measurement not method output; codebook: ""A mapping report estimating regional GVA is CONTEXT with a descriptive estimate, not value created by the consultant""; /wishful+ /deepthink flag",CONTEXT,M-G2-011,,,,,,,,,,,,,OBSERVED_AMOUNT,,,,,,1.3-candidate,G2-BATCH-B
C-G2-026,P17-LCRCSU,Increasing importance of creative content and digital technology in other industries including smart cities energy health fintech and manufacturing,PRODUCT,,,The Fifth Sector,WYCA,INTENDED,UNKNOWN,BENEFICIAL,HYPOTHESIS,NOT_ASSESSED,MONETARY,UNINTENDED,ACROSS_ORG,ACROSS_SECTOR,WITHIN_AREA,ACROSS_CHAIN,UNCOMPENSATED,EMERGENT,FORECAST,BENEFICIAL,Multiple sectors,Interpretation from strategy documents and industry surveys,primary,UNKNOWN,COMPLETE,CONTEMPORARY,NONE_FOUND_IN_REVIEW,LOW,DESIGNER;LEAD_CONSULTANT,DESIGN,M-G2-011,Cross-sector spillover forecast; bid evidence not measured outcome; immersive tech expected to move beyond creative industries,REVIEWED,G2-BATCH-B,,DESIGN,M-G2-011,,,,,,,,,,,,,SCENARIO_ESTIMATE,,,,,,1.3-candidate,G2-BATCH-B
C-G2-027,P18-GRIMSBY,Grimsby has among lowest arts participation in England (27.3% vs 34.6% national) establishing baseline need for cultural intervention,DIRECT,,,The Fifth Sector,NELC / Magna Vitae,INTENDED,17,BENEFICIAL,REPORTED,DESCRIPTIVE,NON_MONETARY,INTENDED,WITHIN_ORG,WITHIN_SECTOR,WITHIN_AREA,WITHIN_CHAIN,COMPENSATED,DESIGNED_IN,REALISED,BENEFICIAL,Grimsby residents,Sufficient from Active Lives Survey,primary,UNKNOWN,COMPLETE,CONTEMPORARY,Local sector is insular; funding dependent on NELC/ACE,MEDIUM,ADVISOR;DATA_CONTRIBUTOR,CONTEXT,M-G2-012,Participation baseline from national surveys; Fifth Sector contributed mapping data; Magna Vitae authored report; contextual finding not intervention effect,REVIEWED,G2-BATCH-B,,CONTEXT,M-G2-012,,,,,,,,,,,,,,,,,,,1.3-candidate,G2-BATCH-B
C-G2-028,P19-LCRIMM,LCR immersive ecosystem comprises 169 organisations (126 companies 114 LCR-based) with estimated 600+ workforce,CONTEXTUAL,,,BOP Consulting / Iain Bennett,Growth Platform,INTENDED,20,BENEFICIAL,REPORTED,DESCRIPTIVE,MONETARY,INTENDED,WITHIN_ORG,WITHIN_SECTOR,WITHIN_AREA,WITHIN_CHAIN,COMPENSATED,DESIGNED_IN,REALISED,BENEFICIAL,Immersive tech SMEs,Sufficient from AI web search and LinkedIn,primary,UNKNOWN,COMPLETE,CONTEMPORARY,SIC/SOC codes cannot capture immersive; survey self-selecting,MEDIUM,DESIGNER;DELIVERER;LEAD_CONSULTANT,METHOD_OUTPUT,M-G2-013,Baseline mapping; 169 organisations; LinkedIn workforce 190 highly skilled; estimated 600+ total; Iain Bennett as BOP author,REVIEWED,G2-BATCH-B,"; QA FIX 26/09/11: Reclassified METHOD_OUTPUT→CONTEXT; sector baseline measurement not method output; codebook: ""A mapping report estimating regional GVA is CONTEXT with a descriptive estimate, not value created by the consultant""; /wishful+ /deepthink flag",CONTEXT,M-G2-013,,,,,,,,,,,,,DESCRIPTIVE_ESTIMATE,,,,,,1.3-candidate,G2-BATCH-B
C-G2-029,P19-LCRIMM,Immersive technologies applied across 25+ non-creative sectors including aerospace automotive defence education health manufacturing retail,CONTEXTUAL,,,BOP Consulting / Iain Bennett,Growth Platform,INTENDED,20,BENEFICIAL,REPORTED,DESCRIPTIVE,MONETARY,UNINTENDED,ACROSS_ORG,ACROSS_SECTOR,WITHIN_AREA,ACROSS_CHAIN,UNCOMPENSATED,EMERGENT,REALISED,BENEFICIAL,Multiple sectors,Sufficient from case studies,primary,UNKNOWN,COMPLETE,CONTEMPORARY,Demand beyond gaming uncertain; VR distribution segmented,MEDIUM,DESIGNER;DELIVERER;LEAD_CONSULTANT,EFFECT,M-G2-013,Documented cross-sector case studies: Draw and Code (AR museums/SwapBots) Kinicho (volumetric audio for Audible/Pinewood/CERN) VEC/Bentley (immersive design) Shaun the Sheep/Aardman (AI sensor tech Shanghai),REVIEWED,G2-BATCH-B,; QA FIX 26/09/11: Reclassified EFFECT→CONTEXT; ImmerseUK sector list is sector characteristic not spillover effect of mapping project; /wishful+ /skin flag,CONTEXT,M-G2-013,,,,,,,,,,,,,OBSERVED_AMOUNT,,,,,,1.3-candidate,G2-BATCH-B
C-G2-030,P19-LCRIMM,LCR immersive sector has active Meetup ecosystem and supply-chain relationships connecting creative digital manufacturing health and logistics,CONTEXTUAL,,,BOP Consulting / Iain Bennett,Growth Platform,INTENDED,20,BENEFICIAL,REPORTED,DESCRIPTIVE,NON_MONETARY,UNINTENDED,ACROSS_ORG,ACROSS_SECTOR,WITHIN_AREA,ACROSS_CHAIN,UNCOMPENSATED,EMERGENT,REALISED,BENEFICIAL,Immersive tech companies; end-users,Sufficient from mapping and survey,primary,UNKNOWN,COMPLETE,CONTEMPORARY,LCR smaller than Manchester less mature than Bristol,MEDIUM,DESIGNER;DELIVERER;LEAD_CONSULTANT,METHOD_OUTPUT,M-G2-013,Network spillover observation; large end-users include Alstom Cammell Laird JLR Royal HaskoningDHV; supply chain includes Adlib Lime Pictures,REVIEWED,G2-BATCH-B,"; QA FIX 26/09/11: Reclassified METHOD_OUTPUT→CONTEXT; sector baseline measurement not method output; codebook: ""A mapping report estimating regional GVA is CONTEXT with a descriptive estimate, not value created by the consultant""; /wishful+ /deepthink flag",CONTEXT,M-G2-013,,,,,,,,,,,,,,,,,,,1.3-candidate,G2-BATCH-B
C-G2-031,P19-LCRIMM,Multiple gated investment options proposed: Institute of Creative Technology demonstrator facilities large-scale XR venue and North West regional cluster,OPTION,STAGE_LEARN,,BOP Consulting / Iain Bennett,Growth Platform,INTENDED,UNKNOWN,BENEFICIAL,HYPOTHESIS,NOT_ASSESSED,NOT_APPLICABLE,INTENDED,ACROSS_ORG,ACROSS_SECTOR,WITHIN_AREA,WITHIN_CHAIN,UNCOMPENSATED,DESIGNED_IN,FORECAST,BENEFICIAL,Growth Platform; immersive SMEs,Proposed not implemented,primary,UNKNOWN,COMPLETE,CONTEMPORARY,NONE_FOUND_IN_REVIEW,MEDIUM,DESIGNER;LEAD_CONSULTANT,DESIGN,M-G2-013,Design propositions for multiple staged investment options; option held by Growth Platform not Fifth Sector,REVIEWED,G2-BATCH-B,; QA FIX 26/09/11: option_state set to PROPOSED (spot-check); /blindspot flag — empty option_state for OPTION claim,DESIGN,M-G2-013,,,,,PROPOSED,,,,,,,,,,,,,,1.3-candidate,G2-BATCH-B
C-G2-032,P20-SYMCA21,South Yorkshire creative industries comprise 4000+ companies and 31000 workforce vs official 2895 businesses and 13500 employees,CONTEXTUAL,,,The Fifth Sector,SYMCA,INTENDED,22,BENEFICIAL,REPORTED,DESCRIPTIVE,MONETARY,INTENDED,WITHIN_ORG,WITHIN_SECTOR,WITHIN_AREA,WITHIN_CHAIN,COMPENSATED,DESIGNED_IN,REALISED,BENEFICIAL,SYMCA; creative sector,Sufficient from BRES LinkedIn IDBR Companies House,primary,UNKNOWN,COMPLETE,CONTEMPORARY,BRES excludes freelancers and micro-enterprises below VAT threshold,MEDIUM,DESIGNER;DELIVERER;LEAD_CONSULTANT,METHOD_OUTPUT,M-G2-014,Baseline mapping; LinkedIn captures freelancers missed by BRES; 60% freelance estimated; Companies House cleansed 4025 businesses,REVIEWED,G2-BATCH-B,"; QA FIX 26/09/11: Reclassified METHOD_OUTPUT→CONTEXT; sector baseline measurement not method output; codebook: ""A mapping report estimating regional GVA is CONTEXT with a descriptive estimate, not value created by the consultant""; /wishful+ /deepthink flag",CONTEXT,M-G2-014,,,,,,,,,,,,,OBSERVED_AMOUNT,,,,,,1.3-candidate,G2-BATCH-B
C-G2-033,P20-SYMCA21,Creative growth paradox: large number of businesses and workforce growth coexists with very low R&D grants equity investment spinouts and scale-ups,CONTEXTUAL,,,The Fifth Sector,SYMCA,INTENDED,22,BENEFICIAL,REPORTED,DESCRIPTIVE,NOT_APPLICABLE,UNINTENDED,WITHIN_ORG,WITHIN_SECTOR,WITHIN_AREA,WITHIN_CHAIN,UNCOMPENSATED,RETROSPECTIVE,REALISED,BENEFICIAL,SYMCA; creative businesses,Sufficient from Beauhurst and Companies House analysis,primary,UNKNOWN,COMPLETE,CONTEMPORARY,NONE_FOUND_IN_REVIEW,HIGH,DESIGNER;DELIVERER;LEAD_CONSULTANT,CONTEXT,M-G2-014,Key finding: 4.8% file full accounts; <2% accessed R&D grants; 36 equity investments; 8 spinouts; 6 scale-ups; important for methodology development,REVIEWED,G2-BATCH-B,,CONTEXT,M-G2-014,,,,,,,,,,,,,,,,,,,1.3-candidate,G2-BATCH-B
C-G2-034,P20-SYMCA21,South Yorkshire free-riding on Screen Yorkshire for inward investment talent and crew services is unsustainable,NETWORK,,,The Fifth Sector,SYMCA,INTENDED,22,BENEFICIAL,REPORTED,DESCRIPTIVE,NON_MONETARY,UNINTENDED,ACROSS_ORG,WITHIN_SECTOR,WITHIN_AREA,WITHIN_CHAIN,UNCOMPENSATED,RETROSPECTIVE,REALISED,BENEFICIAL,SYMCA; Screen Yorkshire,Sufficient from consultation and analysis,primary,UNKNOWN,COMPLETE,CONTEMPORARY,NONE_FOUND_IN_REVIEW,MEDIUM,DESIGNER;DELIVERER;LEAD_CONSULTANT,CONTEXT,M-G2-014,Network dependency finding; recommendation to agree formal support package with Screen Yorkshire,REVIEWED,G2-BATCH-B,,CONTEXT,M-G2-014,,,,,,,,,,,,,,,,,,,1.3-candidate,G2-BATCH-B
C-G2-035,P21-MMUCCI,MMU research excellence is largely invisible to external stakeholders despite REF 2021 ranking second in UK for art and design research power,CONTEXTUAL,,,The Fifth Sector,MMU,INTENDED,22,BENEFICIAL,REPORTED,DESCRIPTIVE,NOT_APPLICABLE,INTENDED,WITHIN_ORG,WITHIN_SECTOR,WITHIN_AREA,WITHIN_CHAIN,COMPENSATED,DESIGNED_IN,REALISED,BENEFICIAL,MMU; CCI sector,Sufficient from stakeholder interviews and desk research,primary,UNKNOWN,COMPLETE,CONTEMPORARY,85% of arts/humanities outputs receive no citations,MEDIUM,DESIGNER;DELIVERER;LEAD_CONSULTANT,CONTEXT,M-G2-015,Contextual finding; internal research excellence contrasts with external stakeholder awareness; 70% world-leading English research impact,REVIEWED,G2-BATCH-B,,CONTEXT,M-G2-015,,,,,,,,,,,,,,,,,,,1.3-candidate,G2-BATCH-B
C-G2-036,P21-MMUCCI,MMU weakly connected to Manchester business networks (IOD Manchester Digital Pro Manchester) and BBC/Creative UK relationship is transactional,NETWORK,,,The Fifth Sector,MMU,INTENDED,22,BENEFICIAL,REPORTED,DESCRIPTIVE,NON_MONETARY,INTENDED,ACROSS_ORG,ACROSS_SECTOR,WITHIN_AREA,WITHIN_CHAIN,UNCOMPENSATED,RETROSPECTIVE,REALISED,BENEFICIAL,MMU,Sufficient from stakeholder interviews,primary,UNKNOWN,COMPLETE,CONTEMPORARY,VC dominates external dialogue; alumni engagement weak,MEDIUM,DESIGNER;DELIVERER;LEAD_CONSULTANT,CONTEXT,M-G2-015,Network gap finding; recommendation to overhaul account management and strengthen links to business networks,REVIEWED,G2-BATCH-B,,CONTEXT,M-G2-015,,,,,,,,,,,,,,,,,,,1.3-candidate,G2-BATCH-B
C-G2-037,P22-LCRFILM,"LCR Film Fund generated £12.08m total economic activity from £1.788m invested (2021 interim position: £6.76:£1 spend ratio, direct LCR spend £6.73M); final 2025 position improved to £8.69:£1 with £24.5M LCR spend from £2.82M across 10 productions (vs 6 interim)",DIRECT,,,The Fifth Sector,Liverpool Film Office,INTENDED,21,BENEFICIAL,REPORTED,DESCRIPTIVE,MONETARY,INTENDED,ACROSS_ORG,WITHIN_SECTOR,WITHIN_AREA,WITHIN_CHAIN,COMPENSATED,DESIGNED_IN,REALISED,BENEFICIAL,LCR film/TV sector,Sufficient from LFO management data,primary,UNKNOWN,COMPLETE,CONTEMPORARY,COVID shut filming Mar-20/07,HIGH,DESIGNER;DELIVERER;EVALUATOR;LEAD_CONSULTANT,METHOD_OUTPUT,M-G2-016,Documented output data; £1.788m of £2m capital deployed; richest quantitative evidence in post-2020 cohort,REVIEWED,G2-BATCH-B,RECONCILED 26/09/12: £12.08m = £1.788M×6.76 ratio-implied total activity (incl. induced); table shows £6.73M direct spend for same period. Final report comparison table verified both positions.,METHOD_OUTPUT,M-G2-016,,,,,,,,,,,,,OBSERVED_AMOUNT,,,,,,1.3-candidate,G2-BATCH-B
C-G2-038,P22-LCRFILM,"LCR Film Fund supported 455 indirect FTE jobs vs 280 target at £3,930 per FTE (2021 interim; vs £6,900 business case estimate); final 2025 position: 859 indirect FTE at £3,284 per job, recoupment 41% vs 30% target",DIRECT,,,The Fifth Sector,Liverpool Film Office,INTENDED,21,BENEFICIAL,REPORTED,DESCRIPTIVE,MONETARY,INTENDED,ACROSS_ORG,WITHIN_SECTOR,WITHIN_AREA,WITHIN_CHAIN,COMPENSATED,DESIGNED_IN,REALISED,BENEFICIAL,LCR crew and productions,Sufficient from LFO data,primary,UNKNOWN,COMPLETE,CONTEMPORARY,COVID distorted investment profile,HIGH,DESIGNER;DELIVERER;EVALUATOR;LEAD_CONSULTANT,METHOD_OUTPUT,M-G2-016,Documented output data; 455 indirect FTE vs 280 target; cost per FTE below business case estimate,REVIEWED,G2-BATCH-B,"RECONCILED 26/09/12: £3,930 = £1.788M÷455 (arithmetic verified); £3,284 = £2.82M÷859. Both positions in final report Table.",METHOD_OUTPUT,M-G2-016,,,,,,,,,,,,,OBSERVED_AMOUNT,,,,,,1.3-candidate,G2-BATCH-B
C-G2-039,P22-LCRFILM,Development Fund deployed £173604 supporting 17 LCR companies and 43 LCR jobs vs targets of 12 companies and 30 jobs,DIRECT,,,The Fifth Sector,Liverpool Film Office,INTENDED,21,BENEFICIAL,REPORTED,DESCRIPTIVE,MONETARY,INTENDED,WITHIN_ORG,WITHIN_SECTOR,WITHIN_AREA,WITHIN_CHAIN,COMPENSATED,DESIGNED_IN,REALISED,BENEFICIAL,LCR producers and writers,Sufficient from LFO data,primary,UNKNOWN,COMPLETE,CONTEMPORARY,NONE_FOUND_IN_REVIEW,HIGH,DESIGNER;DELIVERER;EVALUATOR;LEAD_CONSULTANT,METHOD_OUTPUT,M-G2-016,Documented output data; Development Fund exceeded company and job targets; seeded 7 pipeline projects,REVIEWED,G2-BATCH-B,,METHOD_OUTPUT,M-G2-016,,,,,,,,,,,,,OBSERVED_AMOUNT,,,,,,1.3-candidate,G2-BATCH-B
C-G2-040,P22-LCRFILM,LFO moved from provider to partner by drawing in Fund Advisor external assessors/panel and broadcaster partners creating knowledge spillover,KNOWLEDGE,,,The Fifth Sector,Liverpool Film Office,INTENDED,21,BENEFICIAL,REPORTED,DESCRIPTIVE,NON_MONETARY,UNINTENDED,ACROSS_ORG,WITHIN_SECTOR,WITHIN_AREA,WITHIN_CHAIN,UNCOMPENSATED,EMERGENT,REALISED,BENEFICIAL,LFO; LCR crew,Sufficient from evaluation findings,primary,UNKNOWN,COMPLETE,CONTEMPORARY,Skills gaps remain in HOD grades and entry-level roles,MEDIUM,DESIGNER;DELIVERER;EVALUATOR;LEAD_CONSULTANT,EFFECT,M-G2-016,EVALUATOR,REVIEWED,G2-BATCH-B,; QA FIX 26/09/11: fifth_sector_role set to EVALUATOR; LFO partnership change is a programme effect not Fifth Sector effect; /thad flag — testimony-based not counterfactual,EFFECT,M-G2-016,,Evaluation detected LFO governance change as programme effect,,,,,,,,,,,,,,,,,1.3-candidate,G2-BATCH-B
C-G2-041,P22-LCRFILM,Development Fund deployed £173604 supporting 17 LCR companies and 43 jobs (interim 2021); 7 seeded projects forecast 7.8:1 leverage NOT CONFIRMED in final 2025 evaluation; Development Fund treated as COVID emergency support not option value,OPTION,STAGE_LEARN,,The Fifth Sector,Liverpool Film Office,INTENDED,UNKNOWN,BENEFICIAL,HYPOTHESIS,NOT_ASSESSED,MONETARY,INTENDED,WITHIN_ORG,WITHIN_SECTOR,WITHIN_AREA,WITHIN_CHAIN,COMPENSATED,DESIGNED_IN,FORECAST,BENEFICIAL,LCR indigenous producers,Pipeline forecasts not realised outcomes,primary,UNKNOWN,COMPLETE,CONTEMPORARY,Commercial success not guaranteed; recoupment figures are estimates,MEDIUM,DESIGNER;DELIVERER;EVALUATOR;LEAD_CONSULTANT,DESIGN,M-G2-016,Strategic option value; Development Fund as seed capital; indigenous vs incoming leverage differential; forecast not realised,REVIEWED,G2-BATCH-B,"; QA FIX 26/09/11: option_state set to UNKNOWN; Development Fund pipeline forecasts from 2021 not yet confirmed as realised; /blindspot flag; QA FIX 26/09/11: option_state set to EXPIRED; final evaluation (SRC-LPF-FINAL, 25/06) does NOT confirm the 7.8:1 leverage forecast for the 7 seeded Development Fund projects; the Development Fund is described qualitatively as COVID-19 emergency support (£250k reallocated, 64 applications, closed 20/12); the 7.8:1 figure in the final evaluation appears only as a hypothetical scenario ratio for a proposed 10% indigenous grant allocation, not as a realised Development Fund outcome; interim forecast not realised or verified",DESIGN,M-G2-016,,,,,EXPIRED,,,,,,,,SCENARIO_ESTIMATE,,,,,,1.3-candidate,G2-BATCH-B
C-G2-042,P23-DERBY,Derby and Derbyshire film office feasibility established with 2 FTE staged start-up model and Liverpool Film Office comparator,OPTION,STAGE_LEARN,,The Fifth Sector,Derby City Council / Derbyshire County Council,INTENDED,UNKNOWN,BENEFICIAL,HYPOTHESIS,NOT_ASSESSED,NOT_APPLICABLE,INTENDED,WITHIN_ORG,WITHIN_SECTOR,WITHIN_AREA,WITHIN_CHAIN,COMPENSATED,DESIGNED_IN,FORECAST,BENEFICIAL,Derby/ Derbyshire screen sector,Design proposition not implemented,primary,UNKNOWN,COMPLETE,CONTEMPORARY,Survey n=17 not quantitative evidence base; Creative UK did not respond,MEDIUM,DESIGNER;DELIVERER;LEAD_CONSULTANT,DESIGN,M-G2-017,Feasibility design proposition; staged start-up with option to add grant/equity once demand proven; Liverpool comparator cost-neutral with 2 FTE and £100k budget,REVIEWED,G2-BATCH-B,; QA FIX 26/09/11: option_state set to PROPOSED (spot-check); /blindspot flag — empty option_state for OPTION claim,DESIGN,M-G2-017,,,,,PROPOSED,,,,,,,,,,,,,,1.3-candidate,G2-BATCH-B
C-G2-043,P24-SYMCACGP,South Yorkshire CCI estimated at up to £2bn GVA once freelance micro-enterprise indirect induced and visitor economy effects included,CONTEXTUAL,,,The Fifth Sector,SYMCA,INTENDED,22,BENEFICIAL,REPORTED,DESCRIPTIVE,MONETARY,INTENDED,WITHIN_ORG,WITHIN_SECTOR,WITHIN_AREA,WITHIN_CHAIN,COMPENSATED,DESIGNED_IN,REALISED,BENEFICIAL,SYMCA,Sufficient from DCMS GVA and ONS productivity index,primary,UNKNOWN,COMPLETE,CONTEMPORARY,GVA uses generic ONS productivity index; BRES pre-pandemic,MEDIUM,DESIGNER;DELIVERER;LEAD_CONSULTANT,METHOD_OUTPUT,M-G2-018,Modelled estimate; £2bn incorporates freelance indirect induced and visitor economy; if as productive as national average would exceed £1bn; if South East level nearly £1.4bn,REVIEWED,G2-BATCH-B,"; QA FIX 26/09/11: Reclassified METHOD_OUTPUT→CONTEXT; sector baseline measurement not method output; codebook: ""A mapping report estimating regional GVA is CONTEXT with a descriptive estimate, not value created by the consultant""; /wishful+ /deepthink flag",CONTEXT,M-G2-018,,,,,,,,,,,,,DESCRIPTIVE_ESTIMATE,,,,,,1.3-candidate,G2-BATCH-B
C-G2-044,P24-SYMCACGP,Every 1 FTE directly employed in arts/culture supports total footprint of 2.46 FTE (0.62 indirect + 0.84 induced),CONTEXTUAL,,,The Fifth Sector,SYMCA,INTENDED,22,BENEFICIAL,REPORTED,DESCRIPTIVE,MONETARY,INTENDED,WITHIN_ORG,WITHIN_SECTOR,WITHIN_AREA,WITHIN_CHAIN,COMPENSATED,DESIGNED_IN,REALISED,BENEFICIAL,SYMCA,Sufficient from DCMS modelling,primary,UNKNOWN,COMPLETE,CONTEMPORARY,NONE_FOUND_IN_REVIEW,MEDIUM,DESIGNER;DELIVERER;LEAD_CONSULTANT,METHOD_OUTPUT,M-G2-018,Multiplier estimate from DCMS modelling; 2.46 total footprint per 1 FTE; contextual finding not intervention effect,REVIEWED,G2-BATCH-B,"; QA FIX 26/09/11: Reclassified METHOD_OUTPUT→CONTEXT; sector baseline measurement not method output; codebook: ""A mapping report estimating regional GVA is CONTEXT with a descriptive estimate, not value created by the consultant""; /wishful+ /deepthink flag",CONTEXT,M-G2-018,,,,,,,,,,,,,OBSERVED_AMOUNT,,,,,,1.3-candidate,G2-BATCH-B
C-G2-045,P24-SYMCACGP,South Yorkshire has 1013 creative courses across region and wider TTWA but only 5 creative apprenticeships available,CONTEXTUAL,,,The Fifth Sector,SYMCA,INTENDED,22,BENEFICIAL,REPORTED,DESCRIPTIVE,NON_MONETARY,INTENDED,WITHIN_ORG,WITHIN_SECTOR,WITHIN_AREA,WITHIN_CHAIN,COMPENSATED,DESIGNED_IN,REALISED,BENEFICIAL,SYMCA; creative students,Sufficient from course/qualification audit,primary,UNKNOWN,COMPLETE,CONTEMPORARY,Training gaps for Creative Content and alternative entry routes,MEDIUM,DESIGNER;DELIVERER;LEAD_CONSULTANT,METHOD_OUTPUT,M-G2-018,Skills mapping; 24 providers 331 courses in SYMCA; 548 wider TTWA; 134 online; 5 apprenticeships only; Sheffield 55% of delivery,REVIEWED,G2-BATCH-B,"; QA FIX 26/09/11: Reclassified METHOD_OUTPUT→CONTEXT; sector baseline measurement not method output; codebook: ""A mapping report estimating regional GVA is CONTEXT with a descriptive estimate, not value created by the consultant""; /wishful+ /deepthink flag",CONTEXT,M-G2-018,,,,,,,,,,,,,,,,,,,1.3-candidate,G2-BATCH-B
C-G2-046,P24-SYMCACGP,Time-limited policy windows (Levelling Up for Culture ACE Priority Places NP11) require urgent action to secure South Yorkshire benefit,OPTION,,,The Fifth Sector,SYMCA,INTENDED,UNKNOWN,BENEFICIAL,HYPOTHESIS,NOT_ASSESSED,NOT_APPLICABLE,INTENDED,WITHIN_ORG,WITHIN_SECTOR,WITHIN_AREA,WITHIN_CHAIN,COMPENSATED,DESIGNED_IN,FORECAST,BENEFICIAL,SYMCA; Barnsley/Doncaster/Rotherham,Policy windows time-limited,primary,UNKNOWN,COMPLETE,CONTEMPORARY,NONE_FOUND_IN_REVIEW,MEDIUM,DESIGNER;DELIVERER;LEAD_CONSULTANT,DESIGN,M-G2-018,Strategic option; Barnsley Doncaster Rotherham eligible for Levelling Up for Culture; ACE Priority Places; NP11 devolution agenda,REVIEWED,G2-BATCH-B,; QA FIX 26/09/11: option_state set to PROPOSED (spot-check); /blindspot flag — empty option_state for OPTION claim,DESIGN,M-G2-018,,,,,PROPOSED,,,,,,,,,,,,,,1.3-candidate,G2-BATCH-B
C-G2-047,P25-LANCGP,Lancashire creative economy comprises 4500 businesses and 36000 jobs (6% of workforce) with 980 new formations since 21/04,CONTEXTUAL,,,The Fifth Sector,Lancashire LEP,INTENDED,22,BENEFICIAL,REPORTED,DESCRIPTIVE,MONETARY,INTENDED,WITHIN_ORG,WITHIN_SECTOR,WITHIN_AREA,WITHIN_CHAIN,COMPENSATED,OBSERVED,REALISED,BENEFICIAL,Lancashire creative sector,Sufficient from IDBR and Beauhurst,primary,UNKNOWN,COMPLETE,CONTEMPORARY,NONE_FOUND_IN_REVIEW,MEDIUM,DESIGNER;ADVISOR;DATA_CONTRIBUTOR,METHOD_OUTPUT,M-G2-019,Baseline mapping; IDBR 21/04; Fifth Sector/Beauhurst analysis; Blackpool 3400 creative workers; 400 vacancies,REVIEWED,G2-BATCH-B,"; BID UNSUCCESSFUL — programme not awarded (Iain confirmed 26/09/11); QA FIX 26/09/11: Reclassified METHOD_OUTPUT→CONTEXT; sector baseline measurement not method output; codebook: ""A mapping report estimating regional GVA is CONTEXT with a descriptive estimate, not value created by the consultant""; /wishful+ /deepthink flag",CONTEXT,M-G2-019,,,,,,,,,,,,,OBSERVED_AMOUNT,,,,,,1.3-candidate,G2-BATCH-B
C-G2-048,P25-LANCGP,Pennine Originals hub designed to develop technical textiles with explicit spillovers into aerospace and automotive sectors,PRODUCT,,,The Fifth Sector,Lancashire LEP,INTENDED,UNKNOWN,BENEFICIAL,HYPOTHESIS,NOT_ASSESSED,MONETARY,UNINTENDED,ACROSS_ORG,ACROSS_SECTOR,WITHIN_AREA,ACROSS_CHAIN,UNCOMPENSATED,DESIGNED_IN,FORECAST,BENEFICIAL,Textiles; aerospace; automotive,Design proposition in grant application,primary,UNKNOWN,COMPLETE,CONTEMPORARY,Grant application not outcome report,MEDIUM,DESIGNER;ADVISOR;DATA_CONTRIBUTOR,DESIGN,M-G2-019,Product spillover design proposition; Pennine Originals hub; technical textiles and homewares with spillovers into high-value sectors; from bid not delivered programme,REVIEWED,G2-BATCH-B,; BID UNSUCCESSFUL — programme not awarded (Iain confirmed 26/09/11); QA FIX 26/09/11: option_state set to EXPIRED; Lancashire CGP bid unsuccessful — option lapsed; /blindspot flag,DESIGN,M-G2-019,,,,,EXPIRED,,,,,,,,SCENARIO_ESTIMATE,,,,,,1.3-candidate,G2-BATCH-B
C-G2-049,P26-WSBH,West Sussex Brighton Hove Lewes area has 10225 creative companies and 54428 workforce vs official 7470 businesses and 23690 employees,CONTEXTUAL,,,The Fifth Sector,Greater Brighton Economic Board / Coastal West Sussex,INTENDED,23,BENEFICIAL,REPORTED,DESCRIPTIVE,MONETARY,INTENDED,WITHIN_ORG,WITHIN_SECTOR,WITHIN_AREA,WITHIN_CHAIN,COMPENSATED,DESIGNED_IN,REALISED,BENEFICIAL,Sub-regional partnership,Sufficient from BRES 2021 and LinkedIn,primary,UNKNOWN,COMPLETE,CONTEMPORARY,LinkedIn not directly comparable to BRES; 21000 freelance (38.9%),MEDIUM,DESIGNER;DELIVERER;LEAD_CONSULTANT,METHOD_OUTPUT,M-G2-020,Baseline mapping; BRES 2021 22325 employment; LinkedIn 54428; Beauhurst 10255 active businesses 38.6% greater than official 7400,REVIEWED,G2-BATCH-B,"; QA FIX 26/09/11: Reclassified METHOD_OUTPUT→CONTEXT; sector baseline measurement not method output; codebook: ""A mapping report estimating regional GVA is CONTEXT with a descriptive estimate, not value created by the consultant""; /wishful+ /deepthink flag",CONTEXT,M-G2-020,,,,,,,,,,,,,OBSERVED_AMOUNT,,,,,,1.3-candidate,G2-BATCH-B
C-G2-050,P26-WSBH,Createch strengths in immersive/VR/AR/XR and Virtual Production being adopted across film TV games animation and live experiences,CONTEXTUAL,,,The Fifth Sector,Greater Brighton Economic Board,INTENDED,23,BENEFICIAL,REPORTED,DESCRIPTIVE,MONETARY,UNINTENDED,ACROSS_ORG,WITHIN_SECTOR,WITHIN_AREA,WITHIN_CHAIN,UNCOMPENSATED,EMERGENT,REALISED,BENEFICIAL,Creative and digital businesses,Documented observation from mapping,primary,UNKNOWN,COMPLETE,CONTEMPORARY,Sector still to fully recover; start-up formation below trend,MEDIUM,DESIGNER;DELIVERER;LEAD_CONSULTANT,EFFECT,M-G2-020,Product spillover observation; Createch adoption across multiple sub-sectors; Digital Catapult Brighton and University of Brighton as institutional assets,REVIEWED,G2-BATCH-B,; QA FIX 26/09/11: Reclassified EFFECT→CONTEXT; sector observation about createch adoption not an effect of the mapping project; /wishful flag,CONTEXT,M-G2-020,,,,,,,,,,,,,OBSERVED_AMOUNT,,,,,,1.3-candidate,G2-BATCH-B
C-G2-051,P26-WSBH,Creative Assembly and Red River act as anchor investors supporting supply chain of smaller digital creative businesses and contractors,NETWORK,,,The Fifth Sector,Greater Brighton Economic Board,INTENDED,23,BENEFICIAL,REPORTED,DESCRIPTIVE,NON_MONETARY,UNINTENDED,ACROSS_ORG,WITHIN_SECTOR,WITHIN_AREA,WITHIN_CHAIN,UNCOMPENSATED,EMERGENT,REALISED,BENEFICIAL,Digital creative supply chain,Sufficient from mapping and consultation,primary,UNKNOWN,COMPLETE,CONTEMPORARY,Brexit cost-of-living and property market headwinds,MEDIUM,DESIGNER;DELIVERER;LEAD_CONSULTANT,CONTEXT,M-G2-020,Network spillover observation; anchor firms support supply chain across games film TV and short-form content,REVIEWED,G2-BATCH-B,,CONTEXT,M-G2-020,,,,,,,,,,,,,,,,,,,1.3-candidate,G2-BATCH-B
C-G2-052,P27-WAKECDF,CDF programme delivered £22.03m total value from £4.38m grant with £6.06m private/partner capital leveraged,DIRECT,,,The Fifth Sector,Wakefield Council,INTENDED,25,BENEFICIAL,REPORTED,DESCRIPTIVE,MONETARY,INTENDED,ACROSS_ORG,WITHIN_SECTOR,WITHIN_AREA,WITHIN_CHAIN,COMPENSATED,DESIGNED_IN,REALISED,BENEFICIAL,Wakefield cultural sector,Sufficient from financial records,primary,UNKNOWN,COMPLETE,CONTEMPORARY,Construction overruns required additional £2.1m Council funding,HIGH,DESIGNER;DELIVERER;EVALUATOR;LEAD_CONSULTANT,METHOD_OUTPUT,M-G2-021,Documented financial data; £4.38m CDF grant; £19.70m capital; £2.34m revenue; £13.64m public capital; £6.06m private leveraged,REVIEWED,G2-BATCH-B,,METHOD_OUTPUT,M-G2-021,,,,,,,,,,,,,OBSERVED_AMOUNT,,,,,,1.3-candidate,G2-BATCH-B
C-G2-053,P27-WAKECDF,Wakefield CCI employment grew 32% (2210 to 2910) and estimated GVA grew 79% (£52.8m to £94.2m) 2020-2023,CONTEXTUAL,,,The Fifth Sector,Wakefield Council,INTENDED,23,BENEFICIAL,REPORTED,DESCRIPTIVE,MONETARY,INTENDED,WITHIN_ORG,WITHIN_SECTOR,WITHIN_AREA,WITHIN_CHAIN,COMPENSATED,DESIGNED_IN,REALISED,BENEFICIAL,Wakefield creative sector,Sufficient from ONS BRES and DCMS estimates,primary,UNKNOWN,COMPLETE,CONTEMPORARY,GVA modelled not causal; report uses correlates with language; ONS business count fell slightly,MEDIUM,DESIGNER;DELIVERER;EVALUATOR;LEAD_CONSULTANT,METHOD_OUTPUT,M-G2-021,Modelled estimates not causal attribution; music/performing +194%; advertising +292%; design +133%; arts output £4.6m to £32.8m (+600%),REVIEWED,G2-BATCH-B,"; QA FIX 26/09/11: Reclassified METHOD_OUTPUT→CONTEXT; source says ""correlates with"" not ""caused by""; modelled estimates not causal attribution; /wishful+ /deepthink flag — preserves correlation language",CONTEXT,M-G2-021,,,,,,,,,,,,,DESCRIPTIVE_ESTIMATE,,,,,,1.3-candidate,G2-BATCH-B
C-G2-054,P27-WAKECDF,Creative Wakefield network grew 458% from 150 members (20/04) to 837 (24/10),NETWORK,,,The Fifth Sector,Wakefield Council,INTENDED,24,BENEFICIAL,REPORTED,DESCRIPTIVE,NON_MONETARY,UNINTENDED,ACROSS_ORG,WITHIN_SECTOR,WITHIN_AREA,WITHIN_CHAIN,UNCOMPENSATED,EMERGENT,REALISED,BENEFICIAL,Creative Wakefield members,Sufficient from membership data,primary,UNKNOWN,COMPLETE,CONTEMPORARY,NONE_FOUND_IN_REVIEW,HIGH,DESIGNER;DELIVERER;EVALUATOR;LEAD_CONSULTANT,EFFECT,M-G2-021,EVALUATOR,REVIEWED,G2-BATCH-B,; QA FIX 26/09/11: fifth_sector_role set to EVALUATOR; Creative Wakefield network growth is a CDF programme effect not Fifth Sector effect; /thad flag,EFFECT,M-G2-021,,Evaluation documented CDF programme network growth effect,,,,,,,,,,,,,,,,,1.3-candidate,G2-BATCH-B
C-G2-055,P27-WAKECDF,XPLOR supported 10 enterprises to introduce new-to-market products and 20 to introduce new-to-firm products,PRODUCT,,,The Fifth Sector,Wakefield Council,INTENDED,25,BENEFICIAL,REPORTED,DESCRIPTIVE,NON_MONETARY,UNINTENDED,ACROSS_ORG,WITHIN_SECTOR,WITHIN_AREA,WITHIN_CHAIN,UNCOMPENSATED,EMERGENT,REALISED,BENEFICIAL,XPLOR enterprises,Sufficient from monitoring data,primary,UNKNOWN,COMPLETE,CONTEMPORARY,NONE_FOUND_IN_REVIEW,HIGH,DESIGNER;DELIVERER;EVALUATOR;LEAD_CONSULTANT,EFFECT,M-G2-021,EVALUATOR,REVIEWED,G2-BATCH-B,; QA FIX 26/09/11: fifth_sector_role set to EVALUATOR; XPLOR new products are CDF programme outputs not Fifth Sector effects; /thad flag,EFFECT,M-G2-021,,Evaluation documented CDF/XPLOR programme product output,,,,,,,,,,,,,,,,,1.3-candidate,G2-BATCH-B
C-G2-056,P27-WAKECDF,CDF catalysed strategic alliance between Wakefield Council and Production Park instrumental in securing CoSTAR Live Lab,NETWORK,,,The Fifth Sector,Wakefield Council,INTENDED,25,BENEFICIAL,REPORTED,DESCRIPTIVE,NON_MONETARY,UNINTENDED,ACROSS_ORG,ACROSS_SECTOR,WITHIN_AREA,ACROSS_CHAIN,UNCOMPENSATED,EMERGENT,REALISED,BENEFICIAL,Production Park; Council,Interview testimony; causal claim,primary,UNKNOWN,COMPLETE,CONTEMPORARY,Attribution based on testimony not counterfactual experiment,MEDIUM,DESIGNER;DELIVERER;EVALUATOR;LEAD_CONSULTANT,EFFECT,M-G2-021,EVALUATOR,REVIEWED,G2-BATCH-B,; QA FIX 26/09/11: fifth_sector_role set to EVALUATOR; CoSTAR alliance is CDF programme effect; /thad flag — testimony-based not counterfactual; /blindspot flag — University of York co-partner not mentioned in claim; QA FIX 26/09/11: Added rival_explanations noting University of York as co-partner and multiple contributing factors; testimony-based attribution retained as EFFECT/DESCRIPTIVE per user decision C,EFFECT,M-G2-021,,Evaluation documented CDF catalysis of CoSTAR alliance; testimony-based attribution,,,,,,,CoSTAR Live Lab selection involved multiple contributing factors: Wakefield Council leadership; Production Park facilities and bid capacity; University of York as academic co-partner; national CoSTAR programme design and selection criteria. CDF role in catalysing the alliance is testimony-based (stakeholder interview) not counterfactual analysis.,,,,,,,,,,1.3-candidate,G2-BATCH-B
C-G2-057,P27-WAKECDF,Creative Leadership programme produced 15 participants from 11 sub-sectors resulting in 12 new and ongoing cross-sector collaborations,KNOWLEDGE,,,The Fifth Sector,Wakefield Council,INTENDED,25,BENEFICIAL,REPORTED,DESCRIPTIVE,NON_MONETARY,UNINTENDED,ACROSS_ORG,ACROSS_SECTOR,WITHIN_AREA,WITHIN_CHAIN,UNCOMPENSATED,EMERGENT,REALISED,BENEFICIAL,Creative leaders,Sufficient from programme monitoring,primary,UNKNOWN,COMPLETE,CONTEMPORARY,NONE_FOUND_IN_REVIEW,MEDIUM,DESIGNER;DELIVERER;EVALUATOR;LEAD_CONSULTANT,EFFECT,M-G2-021,EVALUATOR,REVIEWED,G2-BATCH-B,; QA FIX 26/09/11: fifth_sector_role set to EVALUATOR; Creative Leadership outcomes are CDF programme effects not Fifth Sector effects; /thad flag,EFFECT,M-G2-021,,Evaluation documented CDF Creative Leadership programme knowledge output,,,,,,,,,,,,,,,,,1.3-candidate,G2-BATCH-B
C-G2-058,P27-WAKECDF,"RESOLVED INCONSISTENCY (26/09/12): CDF jobs created/safeguarded reported as 120 FTE in executive summary and headline indicators table, but Table 14 itemised breakdown sums to 160 FTE (40 PP workspace + 14 XPLOR + 1 traineeship + 40 PP businesses + 35 WX tenants + 30 Xcellerator), labelled ""verified, distinct, and non-overlapping project outputs"". RESOLUTION: cite 160 FTE with Table 14 provenance; 120 is a stale draft figure. Secondary slip: narrative ""35 new jobs"" for Xcellerator is 35 businesses; jobs = 30.",CONTEXTUAL,,,The Fifth Sector,Wakefield Council,INTENDED,25,BENEFICIAL,REPORTED,NOT_ASSESSED,NOT_APPLICABLE,INTENDED,WITHIN_ORG,WITHIN_SECTOR,WITHIN_AREA,WITHIN_CHAIN,COMPENSATED,DESIGNED_IN,REALISED,BENEFICIAL,Wakefield Council,Internal inconsistency in source document,primary,UNKNOWN,COMPLETE,CONTEMPORARY,Xcellerator 35 jobs (line 93) vs 30 jobs (Table 14),HIGH,DESIGNER;DELIVERER;EVALUATOR;LEAD_CONSULTANT,HIGH,M-G2-021,Source inconsistency flagged; 120 FTE (exec summary Table 1 lines 96 563) vs 160 FTE (main body Table 14 lines 339 773); direct jobs 55; indirect 105 or 140 depending on source,REVIEWED,G2-BATCH-B,Resolved from source — itemised table carries evidence basis per component; headline figures stale,CONTEXT,M-G2-021,,,,,,,,,,,,,,,,,,,1.3-candidate,G2-BATCH-B
C-G2-059,P28-CALDER,Calderdale CCI comprises 655 ONS firms (880 Beauhurst) with 2360 BRES employment but 7375 LinkedIn workforce indicating large freelance sector,CONTEXTUAL,,,The Fifth Sector,Calderdale Council,INTENDED,23,BENEFICIAL,REPORTED,DESCRIPTIVE,MONETARY,INTENDED,WITHIN_ORG,WITHIN_SECTOR,WITHIN_AREA,WITHIN_CHAIN,COMPENSATED,DESIGNED_IN,REALISED,BENEFICIAL,Calderdale creative sector,Sufficient from ONS IDBR BRES Beauhurst LinkedIn,primary,UNKNOWN,COMPLETE,CONTEMPORARY,LinkedIn not comparable to BRES; 83% report employment status,MEDIUM,DESIGNER;DELIVERER;LEAD_CONSULTANT,METHOD_OUTPUT,M-G2-022,Baseline mapping; 1620 freelance (32% of LinkedIn sample); 3230 more workers than BRES; music deep dive 378 LinkedIn 273 MU members 63 licensed venues,REVIEWED,G2-BATCH-B,"; QA FIX 26/09/11: Reclassified METHOD_OUTPUT→CONTEXT; sector baseline measurement not method output; codebook: ""A mapping report estimating regional GVA is CONTEXT with a descriptive estimate, not value created by the consultant""; /wishful+ /deepthink flag",CONTEXT,M-G2-022,,,,,,,,,,,,,OBSERVED_AMOUNT,,,,,,1.3-candidate,G2-BATCH-B
C-G2-060,P28-CALDER,New blended creative and digital skills in demand across health finance construction and other sectors,PRODUCT,,,The Fifth Sector,Calderdale Council,INTENDED,23,BENEFICIAL,HYPOTHESIS,NOT_ASSESSED,MONETARY,UNINTENDED,ACROSS_ORG,ACROSS_SECTOR,WITHIN_AREA,ACROSS_CHAIN,UNCOMPENSATED,EMERGENT,FORECAST,BENEFICIAL,Health; finance; construction,Interpretation of skills-market data,primary,UNKNOWN,COMPLETE,CONTEMPORARY,Unclear if support would translate into economic benefit,LOW,DESIGNER;DELIVERER;LEAD_CONSULTANT,DESIGN,M-G2-022,Cross-sector skills demand hypothesis; Createch courses needed; Calderdale College planning games animation design film/TV esports motion-capture,REVIEWED,G2-BATCH-B,,DESIGN,M-G2-022,,,,,,,,,,,,,SCENARIO_ESTIMATE,,,,,,1.3-candidate,G2-BATCH-B
C-G2-061,P28-CALDER,Screen Yorkshire Connected Campus links TV/film professionals production companies broadcasters and students across Yorkshire HEIs and FE colleges,NETWORK,,,The Fifth Sector,Calderdale Council,INTENDED,23,BENEFICIAL,REPORTED,DESCRIPTIVE,NON_MONETARY,UNINTENDED,ACROSS_ORG,ACROSS_SECTOR,WITHIN_AREA,WITHIN_CHAIN,UNCOMPENSATED,RETROSPECTIVE,REALISED,BENEFICIAL,Yorkshire screen sector,Sufficient from documented network,primary,UNKNOWN,COMPLETE,CONTEMPORARY,Unclear if Calderdale College plans to join Connected Campus,MEDIUM,DESIGNER;DELIVERER;LEAD_CONSULTANT,CONTEXT,M-G2-022,Network spillover observation; Screen Yorkshire as transferable model; BFI Northern Screen Alliance as regional network channel,REVIEWED,G2-BATCH-B,,CONTEXT,M-G2-022,,,,,,,,,,,,,,,,,,,1.3-candidate,G2-BATCH-B
C-G2-062,P29-SOLENTCGP,Solent has 4510 active CI businesses (10.7% of 42000 total) and 40000 CI jobs with £1.5bn GVA,CONTEXTUAL,,,The Fifth Sector,Solent LEP,INTENDED,23,BENEFICIAL,REPORTED,DESCRIPTIVE,MONETARY,INTENDED,WITHIN_ORG,WITHIN_SECTOR,WITHIN_AREA,WITHIN_CHAIN,COMPENSATED,DESIGNED_IN,REALISED,BENEFICIAL,Solent creative sector,Sufficient from Beauhurst and Lightcast,primary,UNKNOWN,COMPLETE,CONTEMPORARY,Beauhurst 33% higher than IDBR; freelance not accurately measured,MEDIUM,DESIGNER;ADVISOR;DATA_CONTRIBUTOR,METHOD_OUTPUT,M-G2-023,Baseline mapping; Beauhurst 23/09; Lightcast 40000 jobs £1.5bn GVA; Oxford Economics 5000 new jobs by 2030 forecast,REVIEWED,G2-BATCH-B,"; BID UNSUCCESSFUL — programme not awarded (Iain confirmed 26/09/11); QA FIX 26/09/11: Reclassified METHOD_OUTPUT→CONTEXT; sector baseline measurement not method output; codebook: ""A mapping report estimating regional GVA is CONTEXT with a descriptive estimate, not value created by the consultant""; /wishful+ /deepthink flag",CONTEXT,M-G2-023,,,,,,,,,,,,,DESCRIPTIVE_ESTIMATE,,,,,,1.3-candidate,G2-BATCH-B
C-G2-063,P29-SOLENTCGP,Createch cohort designed to develop IP for live events museums film/VFX virtual production and games with spillovers into maritime aerospace and logistics,PRODUCT,,,The Fifth Sector,Solent LEP,INTENDED,UNKNOWN,BENEFICIAL,HYPOTHESIS,NOT_ASSESSED,MONETARY,UNINTENDED,ACROSS_ORG,ACROSS_SECTOR,WITHIN_AREA,ACROSS_CHAIN,UNCOMPENSATED,DESIGNED_IN,FORECAST,BENEFICIAL,Maritime; aerospace; logistics,Design proposition in draft application,primary,UNKNOWN,COMPLETE,CONTEMPORARY,Draft application; no implementation outcomes,MEDIUM,DESIGNER;ADVISOR;DATA_CONTRIBUTOR,DESIGN,M-G2-023,Product spillover design proposition; digital twins for maritime/aerospace/logistics; projection mapping for live events; from draft bid not delivered programme,REVIEWED,G2-BATCH-B,; BID UNSUCCESSFUL — programme not awarded (Iain confirmed 26/09/11); QA FIX 26/09/11: option_state set to EXPIRED; Solent CGP bid unsuccessful — option lapsed; /blindspot flag,DESIGN,M-G2-023,,,,,EXPIRED,,,,,,,,SCENARIO_ESTIMATE,,,,,,1.3-candidate,G2-BATCH-B
C-G2-064,P30-HEREFORD,Herefordshire has 590 official creative businesses but 4000+ LinkedIn professionals indicating large hidden freelance sector,CONTEXTUAL,,,The Fifth Sector,Herefordshire Council,INTENDED,24,BENEFICIAL,REPORTED,DESCRIPTIVE,MONETARY,INTENDED,WITHIN_ORG,WITHIN_SECTOR,WITHIN_AREA,WITHIN_CHAIN,COMPENSATED,DESIGNED_IN,REALISED,BENEFICIAL,Herefordshire creative sector,Sufficient from ONS/DCMS and LinkedIn,primary,UNKNOWN,COMPLETE,CONTEMPORARY,Limited data collection obscures true sector size,MEDIUM,DESIGNER;DELIVERER;LEAD_CONSULTANT,METHOD_OUTPUT,M-G2-024,Baseline mapping; 590 official flat vs 2019; 4000+ LinkedIn c.3x larger; 56% graduate leakage; 58% no training in past year; 79% difficulty filling technical roles,REVIEWED,G2-BATCH-B,"; QA FIX 26/09/11: Reclassified METHOD_OUTPUT→CONTEXT; sector baseline measurement not method output; codebook: ""A mapping report estimating regional GVA is CONTEXT with a descriptive estimate, not value created by the consultant""; /wishful+ /deepthink flag",CONTEXT,M-G2-024,,,,,,,,,,,,,OBSERVED_AMOUNT,,,,,,1.3-candidate,G2-BATCH-B
C-G2-065,P30-HEREFORD,Herefordshire can pioneer rural creative economy models with cross-cutting skills for agritech ecotourism and wellbeing,OPTION,,,The Fifth Sector,Herefordshire Council,INTENDED,UNKNOWN,BENEFICIAL,HYPOTHESIS,NOT_ASSESSED,MONETARY,UNINTENDED,ACROSS_ORG,ACROSS_SECTOR,WITHIN_AREA,ACROSS_CHAIN,UNCOMPENSATED,EMERGENT,FORECAST,BENEFICIAL,Agritech; ecotourism; wellbeing,Strategic hypothesis not realised,primary,UNKNOWN,COMPLETE,CONTEMPORARY,Fragmented ecosystem; flat business growth; ACE budgets down 35% real terms,LOW,DESIGNER;DELIVERER;LEAD_CONSULTANT,DESIGN,M-G2-024,Strategic option; rural creative economy model; cross-cutting skills for emerging markets; vision for 2029 beacon of rural cultural innovation,REVIEWED,G2-BATCH-B,; QA FIX 26/09/11: option_state set to PROPOSED (spot-check); /blindspot flag — empty option_state for OPTION claim,DESIGN,M-G2-024,,,,,PROPOSED,,,,,,,,SCENARIO_ESTIMATE,,,,,,1.3-candidate,G2-BATCH-B
C-G2-066,P31-PRODPARK,Production Park area employment data fragment maps LinkedIn industry codes to BRES SIC07 for West Yorkshire/Wakefield,CONTEXTUAL,,,The Fifth Sector,Production Park / Wakefield Council,INTENDED,24,BENEFICIAL,REPORTED,DESCRIPTIVE,NON_MONETARY,INTENDED,WITHIN_ORG,WITHIN_SECTOR,WITHIN_AREA,WITHIN_CHAIN,COMPENSATED,DESIGNED_IN,REALISED,BENEFICIAL,Production Park,Sufficient from data table,primary,UNKNOWN,COMPLETE,CONTEMPORARY,BRES 2022 columns empty; incomplete fragment,LOW,DESIGNER;DELIVERER,METHOD_OUTPUT,M-G2-025,Data fragment only; no narrative; no spillover evidence; supplements P27-WAKECDF; incomplete extract with empty columns,REVIEWED,G2-BATCH-B,"; QA FIX 26/09/11: Reclassified METHOD_OUTPUT→CONTEXT; sector baseline measurement not method output; codebook: ""A mapping report estimating regional GVA is CONTEXT with a descriptive estimate, not value created by the consultant""; /wishful+ /deepthink flag",CONTEXT,M-G2-025,,,,,,,,,,,,,,,,,,,1.3-candidate,G2-BATCH-B
C-G2-067,P32-SURREY,Surrey+ creative corridor generates £7.2bn annually with 17000 companies and 115000 workforce growing 12% since 2019 vs UK average 2%,CONTEXTUAL,,,The Fifth Sector,Surrey County Council,INTENDED,24,BENEFICIAL,REPORTED,DESCRIPTIVE,MONETARY,INTENDED,WITHIN_ORG,WITHIN_SECTOR,WITHIN_AREA,WITHIN_CHAIN,COMPENSATED,DESIGNED_IN,REALISED,BENEFICIAL,Surrey+ creative sector,Sufficient from mapping evidence,primary,UNKNOWN,COMPLETE,CONTEMPORARY,Underlying data sources not shown in text,MEDIUM,DESIGNER;DELIVERER;LEAD_CONSULTANT,METHOD_OUTPUT,M-G2-026,Baseline mapping; 43% freelance; 90% micro-businesses <5 employees; 12% growth vs 2% UK average,REVIEWED,G2-BATCH-B,"; QA FIX 26/09/11: Reclassified METHOD_OUTPUT→CONTEXT; sector baseline measurement not method output; codebook: ""A mapping report estimating regional GVA is CONTEXT with a descriptive estimate, not value created by the consultant""; /wishful+ /deepthink flag",CONTEXT,M-G2-026,,,,,,,,,,,,,DESCRIPTIVE_ESTIMATE,,,,,,1.3-candidate,G2-BATCH-B
C-G2-068,P32-SURREY,Farnborough aircraft hangars converted to sound stages translating aerospace technology into screen production innovation,CONTEXTUAL,,,The Fifth Sector,Surrey County Council,INTENDED,24,BENEFICIAL,REPORTED,DESCRIPTIVE,NON_MONETARY,UNINTENDED,ACROSS_ORG,ACROSS_SECTOR,WITHIN_AREA,ACROSS_CHAIN,UNCOMPENSATED,EMERGENT,REALISED,BENEFICIAL,Screen production; aerospace,Documented example,primary,UNKNOWN,COMPLETE,CONTEMPORARY,NONE_FOUND_IN_REVIEW,MEDIUM,DESIGNER;DELIVERER;LEAD_CONSULTANT,EFFECT,M-G2-026,Product spillover observation; aerospace-to-screen technology transfer; Sony Professional at Pinewood developing camera systems for Warner Bros/Apple F1 movie,REVIEWED,G2-BATCH-B,; QA FIX 26/09/11: Reclassified EFFECT→CONTEXT; Farnborough hangars conversion pre-exists Surrey+ mapping; not caused by the mapping; /wishful+ /skin flag — no evidence of technology translation,CONTEXT,M-G2-026,,,,,,,,,,,,,,,,,,,1.3-candidate,G2-BATCH-B
C-G2-069,P32-SURREY,£3-4m strategic investment over 3 years could catalyse 450-600 new jobs £15-20m economic value and over £30m private investment (modelled forecast),OPTION,STAGE_LEARN,,The Fifth Sector,Surrey County Council,INTENDED,UNKNOWN,BENEFICIAL,HYPOTHESIS,NOT_ASSESSED,MONETARY,INTENDED,ACROSS_ORG,ACROSS_SECTOR,WITHIN_AREA,WITHIN_CHAIN,COMPENSATED,DESIGNED_IN,FORECAST,BENEFICIAL,Surrey+ creative sector,Modelled forecast not observed outcome,primary,UNKNOWN,COMPLETE,CONTEMPORARY,Other regions already building stronger strategies; no South East earmarked funding,MEDIUM,DESIGNER;DELIVERER;LEAD_CONSULTANT,DESIGN,M-G2-026,Investment forecast; £4 return per £1 invested; comparator benchmarks 2.8x investment returns 37% faster innovation commercialisation 42% better talent retention; modelled design proposition,REVIEWED,G2-BATCH-B,; QA FIX 26/09/11: option_state set to PROPOSED (spot-check); /blindspot flag — empty option_state for OPTION claim,DESIGN,M-G2-026,,,,,PROPOSED,,,,,,,,SCENARIO_ESTIMATE,,,,,,1.3-candidate,G2-BATCH-B
C-G2-070,P33-LCRMUS,LCR music economy generates £405.9m direct GVA (Integrated Case) and £779.8m total economic impact (Type II multiplier 1.92),CONTEXTUAL,,,The Fifth Sector,Liverpool City Region,INTENDED,25,BENEFICIAL,REPORTED,DESCRIPTIVE,MONETARY,INTENDED,WITHIN_ORG,WITHIN_SECTOR,WITHIN_AREA,WITHIN_CHAIN,COMPENSATED,DESIGNED_IN,REALISED,BENEFICIAL,LCR music sector,Sufficient from four-tier workforce model,primary,UNKNOWN,COMPLETE,CONTEMPORARY,Tier 4 data quality low (50% confidence); LinkedIn coverage ~45%,MEDIUM,DESIGNER;DELIVERER;LEAD_CONSULTANT,METHOD_OUTPUT,M-G2-027,Modelled estimate; four-tier workforce model; 14370 headcount 7215 FTE; Base Case £324.7m direct; GVA per FTE by subsector ranges £25174 (Artists) to £145798 (Publishing),REVIEWED,G2-BATCH-B,"; QA FIX 26/09/11: Reclassified METHOD_OUTPUT→CONTEXT; sector baseline measurement not method output; codebook: ""A mapping report estimating regional GVA is CONTEXT with a descriptive estimate, not value created by the consultant""; /wishful+ /deepthink flag",CONTEXT,M-G2-027,,,,,,,,,,,,,DESCRIPTIVE_ESTIMATE,,,,,,1.3-candidate,G2-BATCH-B
C-G2-071,P33-LCRMUS,Adlib Audio serves major touring productions festivals and corporate events across UK and internationally — music-sector technical services sold into non-music markets,CONTEXTUAL,,,The Fifth Sector,Liverpool City Region,INTENDED,25,BENEFICIAL,REPORTED,DESCRIPTIVE,MONETARY,UNINTENDED,ACROSS_ORG,ACROSS_SECTOR,WITHIN_AREA,ACROSS_CHAIN,UNCOMPENSATED,EMERGENT,REALISED,BENEFICIAL,Production services; non-music events,Documented business fact,primary,UNKNOWN,COMPLETE,CONTEMPORARY,Departure of any Tier 1 employer would materially damage ecosystem,HIGH,DESIGNER;DELIVERER;LEAD_CONSULTANT,EFFECT,M-G2-027,Product spillover observation; Adlib cross-sector production services; anchor firm in live/technical cluster as economic moat; proprietary data on casual crew across venues,REVIEWED,G2-BATCH-B,; QA FIX 26/09/11: Reclassified EFFECT→CONTEXT; Adlib founded 1984 pre-exists LCR Music mapping; sector characteristic not spillover effect; /wishful+ /skin flag — corporate events ≠ cross-sector spillover,CONTEXT,M-G2-027,,,,,,,,,,,,,OBSERVED_AMOUNT,,,,,,1.3-candidate,G2-BATCH-B
C-G2-072,P33-LCRMUS,SNA of 272 LCR music businesses shows 12% of connections within closed triangles but only 0.6% of possible connections exist with average degree 1.67,NETWORK,,,The Fifth Sector,Liverpool City Region,INTENDED,25,BENEFICIAL,REPORTED,CO_AUTHORED_ANALYSIS,NON_MONETARY,UNINTENDED,ACROSS_ORG,WITHIN_SECTOR,WITHIN_AREA,WITHIN_CHAIN,UNCOMPENSATED,RETROSPECTIVE,REALISED,BENEFICIAL,LCR music businesses,Sufficient from SNA results,primary,UNKNOWN,COMPLETE,CONTEMPORARY,Network topology is diffuse; limits claims of dense network spillovers,HIGH,DESIGNER;DELIVERER;LEAD_CONSULTANT,METHOD_OUTPUT,M-G2-027,SNA of 272 businesses; workers moving with clear intention between small number of organisations; high interdependence suggests revenue retained in regional economy; but low connectivity limits spillover claims,REVIEWED,G2-BATCH-B,,METHOD_OUTPUT,M-G2-027,,,,,,,,,,,,,,,,,,,1.3-candidate,G2-BATCH-B
C-G2-073,P33-LCRMUS,£1bn by 2035 target requires 2.5% CAGR from £780m baseline with growth levers: IP capture (£100m) production export (£75m) formalisation (£60m) venues (£50m) music-tech (£43m),OPTION,STAGE_LEARN,,The Fifth Sector,Liverpool City Region,INTENDED,UNKNOWN,BENEFICIAL,HYPOTHESIS,NOT_ASSESSED,MONETARY,INTENDED,WITHIN_ORG,WITHIN_SECTOR,WITHIN_AREA,WITHIN_CHAIN,COMPENSATED,DESIGNED_IN,FORECAST,BENEFICIAL,LCR music sector,Modelled targets not realised outcomes,primary,UNKNOWN,COMPLETE,CONTEMPORARY,Management/ Business Services LQ 0.37; career development and IP capture leak to London,MEDIUM,DESIGNER;DELIVERER;LEAD_CONSULTANT,DESIGN,M-G2-027,Growth scenarios: Organic 2.5% CAGR Accelerated 3.9% Ambitious 5.6% Transformational 6.7%; 4 growth levers with modelled GVA targets; IP capture option £40-85m shift,REVIEWED,G2-BATCH-B,; QA FIX 26/09/11: option_state set to PROPOSED (spot-check); /blindspot flag — empty option_state for OPTION claim,DESIGN,M-G2-027,,,,,PROPOSED,,,,,,,,SCENARIO_ESTIMATE,,,,,,1.3-candidate,G2-BATCH-B
C-G2-074,P33-LCRMUS,Moving 20% of artists from performance-fee-only to performance-plus-IP-ownership could shift £40-85m in captured GVA,OPTION,,,The Fifth Sector,Liverpool City Region,INTENDED,UNKNOWN,BENEFICIAL,HYPOTHESIS,NOT_ASSESSED,MONETARY,UNINTENDED,ACROSS_ORG,WITHIN_SECTOR,WITHIN_AREA,WITHIN_CHAIN,UNCOMPENSATED,DESIGNED_IN,FORECAST,BENEFICIAL,LCR artists and musicians,Modelled design proposition,primary,UNKNOWN,COMPLETE,CONTEMPORARY,IP capture leaks to London; streaming revenue decline,MEDIUM,DESIGNER;DELIVERER;LEAD_CONSULTANT,DESIGN,M-G2-027,IP capture option; modelled design proposition; MusicFutures positioned to build local capture infrastructure; formalisation of 500 freelancers could add £40-50m direct GVA,REVIEWED,G2-BATCH-B,; QA FIX 26/09/11: option_state set to PROPOSED (spot-check); /blindspot flag — empty option_state for OPTION claim,DESIGN,M-G2-027,,,,,PROPOSED,,,,,,,,SCENARIO_ESTIMATE,,,,,,1.3-candidate,G2-BATCH-B
C-G2-075,P34-SOLENTHANTS,Solent and Hampshire CA creative industries estimated at £5.25bn GVA (reconciled) with 39980 BRES employees and 80511 LinkedIn workforce,CONTEXTUAL,,,The Fifth Sector,Solent and Hampshire CA,INTENDED,25,BENEFICIAL,REPORTED,DESCRIPTIVE,MONETARY,INTENDED,WITHIN_ORG,WITHIN_SECTOR,WITHIN_AREA,WITHIN_CHAIN,COMPENSATED,DESIGNED_IN,REALISED,BENEFICIAL,SHCA creative sector,Sufficient from ONS BRES DataCity LinkedIn DCMS,primary,UNKNOWN,COMPLETE,CONTEMPORARY,DCMS top-down £6.9bn almost certainly overestimate; 31% IT contraction,MEDIUM,DESIGNER;DELIVERER;LEAD_CONSULTANT,METHOD_OUTPUT,M-G2-028,Reconciled GVA estimate; ONS regional output £3.4bn; DCMS scaled £6.9bn overestimate; 7530 IDBR 11420 DataCity; 12700 freelance (17%) 23000+ contractors (31%),REVIEWED,G2-BATCH-B,"; QA FIX 26/09/11: Reclassified METHOD_OUTPUT→CONTEXT; sector baseline measurement not method output; codebook: ""A mapping report estimating regional GVA is CONTEXT with a descriptive estimate, not value created by the consultant""; /wishful+ /deepthink flag",CONTEXT,M-G2-028,,,,,,,,,,,,,DESCRIPTIVE_ESTIMATE,,,,,,1.3-candidate,G2-BATCH-B
C-G2-076,P34-SOLENTHANTS,Freelancers play critical role in innovation and knowledge transfer between creative firms and other sectors and between universities and cultural organisations,KNOWLEDGE,,,The Fifth Sector,Solent and Hampshire CA,INTENDED,25,BENEFICIAL,REPORTED,DESCRIPTIVE,NON_MONETARY,UNINTENDED,ACROSS_ORG,ACROSS_SECTOR,WITHIN_AREA,ACROSS_CHAIN,UNCOMPENSATED,EMERGENT,REALISED,BENEFICIAL,Freelancers; creative firms; universities,Interpretation from LinkedIn analysis,primary,UNKNOWN,COMPLETE,CONTEMPORARY,LinkedIn over-represents advertising/design 6-8x BRES,MEDIUM,DESIGNER;DELIVERER;LEAD_CONSULTANT,CONTEXT,M-G2-028,Knowledge spillover interpretation; 23000+ independent professionals (31%); Creative Trident concept; co-location of creative and professional services driving innovation,REVIEWED,G2-BATCH-B,,CONTEXT,M-G2-028,,,,,,,,,,,,,,,,,,,1.3-candidate,G2-BATCH-B
C-G2-077,P34-SOLENTHANTS,SHCA creative economy is network of interconnected specialised hubs with B2B ecosystem co-locating creative with professional services,NETWORK,,,The Fifth Sector,Solent and Hampshire CA,INTENDED,25,BENEFICIAL,REPORTED,DESCRIPTIVE,NON_MONETARY,UNINTENDED,ACROSS_ORG,ACROSS_SECTOR,WITHIN_AREA,WITHIN_CHAIN,UNCOMPENSATED,RETROSPECTIVE,REALISED,BENEFICIAL,SHCA creative sector,Interpretation from HDBSCAN and LQ mapping,primary,UNKNOWN,COMPLETE,CONTEMPORARY,HDBSCAN caveat: accountants in all but 3 postcode areas,MEDIUM,DESIGNER;DELIVERER;LEAD_CONSULTANT,CONTEXT,M-G2-028,Network spillover interpretation; advertising/marketing co-located with professional services; Services supply chain 31246 and Tech supply chain 21387; HDBSCAN spatial clustering,REVIEWED,G2-BATCH-B,,CONTEXT,M-G2-028,,,,,,,,,,,,,,,,,,,1.3-candidate,G2-BATCH-B
C-G2-078,P46,Tees Valley has smallest CCI cluster of any English CA area; creative industries 1.3% of total employment,CONTEXTUAL,,,,,,,BENEFICIAL,REPORTED,DESCRIPTIVE,NOT_APPLICABLE,,,,,,,,,,Tees Valley CCI sector,,,UNKNOWN,COMPLETE,CONTEMPORARY,,,,MEDIUM,,LEAD_CONSULTANT,PENDING,G2-BATCH-C,BRES 2020; TVCA baseline line 190; source: SRC-G2-035,CONTEXT,,,,,,,,,,,,,EXTRACTED,OBSERVED_AMOUNT,,,,,,1.3-candidate,G2-BATCH-C
C-G2-079,P46,"Tees Valley has 2,050 registered CCI businesses (Companies House/D&B), more than double ONS estimate of 950",CONTEXTUAL,,,,,,,BENEFICIAL,REPORTED,DESCRIPTIVE,NOT_APPLICABLE,,,,,,,,,,Tees Valley CCI sector,,,UNKNOWN,COMPLETE,CONTEMPORARY,,,,MEDIUM,,LEAD_CONSULTANT,PENDING,G2-BATCH-C,Fifth Sector/Curator Technologies 2021; line 373; source: SRC-G2-035,CONTEXT,,,,,,,,,,,,,EXTRACTED,OBSERVED_AMOUNT,,,,,,1.3-candidate,G2-BATCH-C
C-G2-080,P46,Total CCI turnover across Tees Valley estimated at £351m per annum (conservative),CONTEXTUAL,,,,,,,BENEFICIAL,REPORTED,DESCRIPTIVE,MONETARY,,,,,,,,,,Tees Valley CCI sector,,,UNKNOWN,COMPLETE,CONTEMPORARY,,,,MEDIUM,,LEAD_CONSULTANT,PENDING,G2-BATCH-C,Fifth Sector/MyCake 2021; line 661; ~600 orgs missing data; source: SRC-G2-035,CONTEXT,,,,,,,,,,,,,EXTRACTED,DESCRIPTIVE_ESTIMATE,,,,,,1.3-candidate,G2-BATCH-C
C-G2-081,P46,"BRES 2020 records 3,965 creative jobs, down 20% from 4,930 (2019) and 34% from 6,015 (2015)",CONTEXTUAL,,,,,,,BENEFICIAL,REPORTED,DESCRIPTIVE,NOT_APPLICABLE,,,,,,,,,,Tees Valley creative workforce,,,UNKNOWN,COMPLETE,CONTEMPORARY,,,,MEDIUM,,LEAD_CONSULTANT,PENDING,G2-BATCH-C,BRES 2020; line 426; source: SRC-G2-035,CONTEXT,,,,,,,,,,,,,EXTRACTED,OBSERVED_AMOUNT,,,,,,1.3-candidate,G2-BATCH-C
C-G2-082,P46,"LinkedIn analysis shows 12,856 CCI individuals in Tees Valley, 3x BRES figure of 3,965",CONTEXTUAL,,,,,,,BENEFICIAL,REPORTED,DESCRIPTIVE,NOT_APPLICABLE,,,,,,,,,,Tees Valley creative workforce,,,UNKNOWN,COMPLETE,CONTEMPORARY,,,,MEDIUM,,LEAD_CONSULTANT,PENDING,G2-BATCH-C,Fifth Sector/Curator Technologies LinkedIn 21/06; line 442; source: SRC-G2-035,CONTEXT,,,,,,,,,,,,,EXTRACTED,DESCRIPTIVE_ESTIMATE,,,,,,1.3-candidate,G2-BATCH-C
C-G2-083,P46,"Enterprises with turnover <£1m make up 98% of sector, generating £195m (56% of sector total)",CONTEXTUAL,,,,,,,BENEFICIAL,REPORTED,DESCRIPTIVE,MONETARY,,,,,,,,,,Tees Valley CCI sector,,,UNKNOWN,COMPLETE,CONTEMPORARY,,,,MEDIUM,,LEAD_CONSULTANT,PENDING,G2-BATCH-C,Fifth Sector/MyCake 2021; line 191; source: SRC-G2-035,CONTEXT,,,,,,,,,,,,,EXTRACTED,OBSERVED_AMOUNT,,,,,,1.3-candidate,G2-BATCH-C
C-G2-084,P46,ACE invested £19.2m in Tees Valley 2015-2022; £3.95/head vs national average £7-9,CONTEXTUAL,,,,,,,BENEFICIAL,REPORTED,DESCRIPTIVE,MONETARY,,,,,,,,,,Tees Valley cultural sector,,,UNKNOWN,COMPLETE,CONTEMPORARY,,,,MEDIUM,,LEAD_CONSULTANT,PENDING,G2-BATCH-C,ACE data; line 2757; source: SRC-G2-035,CONTEXT,,,,,,,,,,,,,EXTRACTED,OBSERVED_AMOUNT,,,,,,1.3-candidate,G2-BATCH-C
C-G2-085,P46,Tees Valley lost 840 creative jobs (26%) between 2019 and 2020 due to COVID,CONTEXTUAL,,,,,,,BENEFICIAL,REPORTED,DESCRIPTIVE,NOT_APPLICABLE,,,,,,,,,,Tees Valley creative workforce,,,UNKNOWN,COMPLETE,CONTEMPORARY,,,,MEDIUM,,LEAD_CONSULTANT,PENDING,G2-BATCH-C,BRES 2020; line 432; source: SRC-G2-035,CONTEXT,,,,,,,,,,,,,EXTRACTED,OBSERVED_AMOUNT,,,,,,1.3-candidate,G2-BATCH-C
C-G2-086,P46,BBC committed £25m investment in North East,CONTEXTUAL,,,,,,,BENEFICIAL,REPORTED,DESCRIPTIVE,MONETARY,,,,,,,,,,North East screen industries,,,UNKNOWN,COMPLETE,CONTEMPORARY,,,,MEDIUM,,LEAD_CONSULTANT,PENDING,G2-BATCH-C,Reported in TVCA baseline; line 195; source: SRC-G2-035,CONTEXT,,,,,,,,,,,,,EXTRACTED,DESCRIPTIVE_ESTIMATE,,,,,,1.3-candidate,G2-BATCH-C
C-G2-087,P46,Heritage sector generates £13.1bn for English economy,CONTEXTUAL,,,,,,,BENEFICIAL,REPORTED,DESCRIPTIVE,MONETARY,,,,,,,,,,English heritage sector,,,UNKNOWN,COMPLETE,CONTEMPORARY,,,,MEDIUM,,LEAD_CONSULTANT,PENDING,G2-BATCH-C,Cebr 2020 for ACE; line 758; source: SRC-G2-035,CONTEXT,,,,,,,,,,,,,EXTRACTED,DESCRIPTIVE_ESTIMATE,,,,,,1.3-candidate,G2-BATCH-C
C-G2-088,P46,Fifth Sector developed LinkedIn-based workforce mapping with Curator Technologies using 29m UK profiles,DIRECT,,,,,,,BENEFICIAL,REPORTED,DESCRIPTIVE,NOT_APPLICABLE,,,,,,,,,,Creative economy researchers,,,UNKNOWN,COMPLETE,CONTEMPORARY,,,,MEDIUM,,LEAD_CONSULTANT,PENDING,G2-BATCH-C,Fifth Sector/Curator Technologies 2021; line 251; methodology innovation; source: SRC-G2-035,METHOD_OUTPUT,,,,,,,,,,,,,EXTRACTED,NONE,,,,,,1.3-candidate,G2-BATCH-C
C-G2-089,P46,"Supply chain analysis classified 2,800 creative organisations across five groupings",DIRECT,,,,,,,BENEFICIAL,REPORTED,DESCRIPTIVE,NOT_APPLICABLE,,,,,,,,,,Tees Valley CCI sector,,,UNKNOWN,COMPLETE,CONTEMPORARY,,,,MEDIUM,,LEAD_CONSULTANT,PENDING,G2-BATCH-C,Fifth Sector 2021; line 380; source: SRC-G2-035,METHOD_OUTPUT,,,,,,,,,,,,,EXTRACTED,NONE,,,,,,1.3-candidate,G2-BATCH-C
C-G2-090,P46,313 grants identified 2015-21 totalling £28m to Tees Valley cultural sector,DIRECT,,,,,,,BENEFICIAL,REPORTED,DESCRIPTIVE,MONETARY,,,,,,,,,,Tees Valley cultural sector,,,UNKNOWN,COMPLETE,CONTEMPORARY,,,,MEDIUM,,LEAD_CONSULTANT,PENDING,G2-BATCH-C,Investment review; line 2636; source: SRC-G2-035,METHOD_OUTPUT,,,,,,,,,,,,,EXTRACTED,OBSERVED_AMOUNT,,,,,,1.3-candidate,G2-BATCH-C
C-G2-091,P46,Capital Investment Leverage Framework designed for TVCA,DIRECT,,,,,,,BENEFICIAL,HYPOTHESIS,DESCRIPTIVE,NOT_APPLICABLE,,,,,,,,,,TVCA creative sector,,,UNKNOWN,COMPLETE,CONTEMPORARY,,,,MEDIUM,,LEAD_CONSULTANT,PENDING,G2-BATCH-C,Section 5; line 3142; source: SRC-G2-035,DESIGN,,,,,,PROPOSED,,,,,,,EXTRACTED,NONE,,,,,,1.3-candidate,G2-BATCH-C
C-G2-092,P46,Darlington Railway Heritage Quarter: £20m TVCA leveraging £14.4m other = £34.4m total (1:1.72),DIRECT,,,,,,,BENEFICIAL,HYPOTHESIS,DESCRIPTIVE,MONETARY,,,,,,,,,,Darlington cultural quarter,,,UNKNOWN,COMPLETE,CONTEMPORARY,,,,MEDIUM,,LEAD_CONSULTANT,PENDING,G2-BATCH-C,Table 23; line 2400; source: SRC-G2-035,DESIGN,,,,,,PROPOSED,,,,,,,EXTRACTED,SCENARIO_ESTIMATE,,,,,,1.3-candidate,G2-BATCH-C
C-G2-093,P46,Proposed Tees Valley Heritage Area-Based Scheme to bid for NLHF up to £5m,DIRECT,,,,,,,BENEFICIAL,HYPOTHESIS,DESCRIPTIVE,MONETARY,,,,,,,,,,Tees Valley heritage sector,,,UNKNOWN,COMPLETE,CONTEMPORARY,,,,MEDIUM,,LEAD_CONSULTANT,PENDING,G2-BATCH-C,Section 5.5; line 3146; source: SRC-G2-035,DESIGN,,,,,,PROPOSED,,,,,,,EXTRACTED,SCENARIO_ESTIMATE,,,,,,1.3-candidate,G2-BATCH-C
C-G2-094,P46,ACE levelling up to all-England average would yield £2.9m annual gain (196% of current),DIRECT,,,,,,,BENEFICIAL,HYPOTHESIS,DESCRIPTIVE,MONETARY,,,,,,,,,,Tees Valley cultural sector,,,UNKNOWN,COMPLETE,CONTEMPORARY,,,,MEDIUM,,LEAD_CONSULTANT,PENDING,G2-BATCH-C,Table 36; line 3070; source: SRC-G2-035,DESIGN,,,,,,PROPOSED,,,,,,,EXTRACTED,SCENARIO_ESTIMATE,,,,,,1.3-candidate,G2-BATCH-C
C-G2-095,P46,NLHF levelling up to all-England average would yield £1.2m annual gain,DIRECT,,,,,,,BENEFICIAL,HYPOTHESIS,DESCRIPTIVE,MONETARY,,,,,,,,,,Tees Valley heritage sector,,,UNKNOWN,COMPLETE,CONTEMPORARY,,,,MEDIUM,,LEAD_CONSULTANT,PENDING,G2-BATCH-C,Table 37; line 3107; source: SRC-G2-035,DESIGN,,,,,,PROPOSED,,,,,,,EXTRACTED,SCENARIO_ESTIMATE,,,,,,1.3-candidate,G2-BATCH-C
C-G2-096,P46,"Oxford Economics: for every 10 creative jobs, 7 more supported via supply chain; for every £1 direct, £0.50 via supply chain",KNOWLEDGE,,,,,,,BENEFICIAL,REPORTED,DESCRIPTIVE,NOT_APPLICABLE,,,,,,,,,,UK creative industries,,,UNKNOWN,COMPLETE,CONTEMPORARY,,,,MEDIUM,,LEAD_CONSULTANT,PENDING,G2-BATCH-C,Oxford Economics 2021; line 744; national estimate not regional; source: SRC-G2-035,EFFECT,,,,,,,,,,,,,EXTRACTED,DESCRIPTIVE_ESTIMATE,,,,,,1.3-candidate,G2-BATCH-C
C-G2-097,P46,"Cebr: for every 1 FTE in arts/culture, total footprint of 2.46 FTE supported in wider economy (0.62 indirect + 0.84 induced)",KNOWLEDGE,,,,,,,BENEFICIAL,REPORTED,DESCRIPTIVE,NOT_APPLICABLE,,,,,,,,,,UK arts and culture sector,,,UNKNOWN,COMPLETE,CONTEMPORARY,,,,MEDIUM,,LEAD_CONSULTANT,PENDING,G2-BATCH-C,Cebr 2020 for ACE; line 756; national estimate; source: SRC-G2-035,EFFECT,,,,,,,,,,,,,EXTRACTED,DESCRIPTIVE_ESTIMATE,,,,,,1.3-candidate,G2-BATCH-C
C-G2-098,P46,Middlesbrough creative content avg turnover £370k vs TVCA avg £166k (223% of average) - clustering productivity effect,PRODUCT,,,,,,,BENEFICIAL,REPORTED,DESCRIPTIVE,NOT_APPLICABLE,,,,,,,,,,Middlesbrough creative content businesses,,,UNKNOWN,COMPLETE,CONTEMPORARY,,,,MEDIUM,,LEAD_CONSULTANT,PENDING,G2-BATCH-C,Fifth Sector/MyCake 2021; Table 6; line 545; source: SRC-G2-035,EFFECT,,,,,,,,,,,,,EXTRACTED,OBSERVED_AMOUNT,,,,,,1.3-candidate,G2-BATCH-C
C-G2-099,P46,Stockton digital avg turnover £402k vs TVCA avg £237k (170%) - clustering productivity effect,PRODUCT,,,,,,,BENEFICIAL,REPORTED,DESCRIPTIVE,NOT_APPLICABLE,,,,,,,,,,Stockton digital creative businesses,,,UNKNOWN,COMPLETE,CONTEMPORARY,,,,MEDIUM,,LEAD_CONSULTANT,PENDING,G2-BATCH-C,Fifth Sector/MyCake 2021; Table 6; line 546; source: SRC-G2-035,EFFECT,,,,,,,,,,,,,EXTRACTED,OBSERVED_AMOUNT,,,,,,1.3-candidate,G2-BATCH-C
C-G2-100,P46,Average creative company size grew from 3.0 (Nesta 2016) to 3.5 (2020) in Middlesbrough/Stockton cluster,KNOWLEDGE,,,,,,,BENEFICIAL,REPORTED,DESCRIPTIVE,NOT_APPLICABLE,,,,,,,,,,Middlesbrough/Stockton creative cluster,,,UNKNOWN,COMPLETE,CONTEMPORARY,,,,MEDIUM,,LEAD_CONSULTANT,PENDING,G2-BATCH-C,Nesta 2016 and BRES 2020; line 438; source: SRC-G2-035,EFFECT,,,,,,,,,,,,,EXTRACTED,OBSERVED_AMOUNT,,,,,,1.3-candidate,G2-BATCH-C
C-G2-101,P69,Our Year Wakefield District 2024 was a £4.2m strategic cultural investment by Wakefield Council,CONTEXTUAL,,,,,,,BENEFICIAL,REPORTED,DESCRIPTIVE,MONETARY,,,,,,,,,,Wakefield District residents,,,UNKNOWN,COMPLETE,CONTEMPORARY,,,,MEDIUM,,LEAD_CONSULTANT,PENDING,G2-BATCH-C,Final report 25/11; line 84; source: SRC-G2-068,CONTEXT,,,,,,,,,,,,,EXTRACTED,OBSERVED_AMOUNT,,,,,,1.3-candidate,G2-BATCH-C
C-G2-102,P69,"External funding and partnership contributions totalled £1.965m (47% of total) including ACE £500k, WYCA £850k, NLHF £168k, UKSPF £233k",CONTEXTUAL,,,,,,,BENEFICIAL,REPORTED,DESCRIPTIVE,MONETARY,,,,,,,,,,Wakefield cultural sector,,,UNKNOWN,COMPLETE,CONTEMPORARY,,,,MEDIUM,,LEAD_CONSULTANT,PENDING,G2-BATCH-C,Table 3; line 161-167,CONTEXT,,,,,,,,,,,,,EXTRACTED,OBSERVED_AMOUNT,,,,,,1.3-candidate,G2-BATCH-C
C-G2-103,P69,"Programme delivered 640,651 audience and participant engagements, exceeding target of 615,000",CONTEXTUAL,,,,,,,BENEFICIAL,REPORTED,DESCRIPTIVE,MONETARY,,,,,,,,,,Wakefield residents,,,UNKNOWN,COMPLETE,CONTEMPORARY,,,,MEDIUM,,LEAD_CONSULTANT,PENDING,G2-BATCH-C,Final programme data; line 267,CONTEXT,,,,,,,,,,,,,EXTRACTED,OBSERVED_AMOUNT,,,,,,1.3-candidate,G2-BATCH-C
C-G2-104,P69,"1,524 volunteers contributed 3,974 hours (target was 150 volunteers and 3,000 hours)",CONTEXTUAL,,,,,,,BENEFICIAL,REPORTED,DESCRIPTIVE,MONETARY,,,,,,,,,,Wakefield community,,,UNKNOWN,COMPLETE,CONTEMPORARY,,,,MEDIUM,,LEAD_CONSULTANT,PENDING,G2-BATCH-C,Programme data; line 265,CONTEXT,,,,,,,,,,,,,EXTRACTED,OBSERVED_AMOUNT,,,,,,1.3-candidate,G2-BATCH-C
C-G2-105,P69,126 Community Partners across all 21 wards (target was 20),CONTEXTUAL,,,,,,,BENEFICIAL,REPORTED,DESCRIPTIVE,MONETARY,,,,,,,,,,Wakefield communities,,,UNKNOWN,COMPLETE,CONTEMPORARY,,,,MEDIUM,,LEAD_CONSULTANT,PENDING,G2-BATCH-C,Programme data; line 261,CONTEXT,,,,,,,,,,,,,EXTRACTED,OBSERVED_AMOUNT,,,,,,1.3-candidate,G2-BATCH-C
C-G2-106,P69,Network of 126 community partners distributed across all 21 wards,CONTEXTUAL,,,,,,,BENEFICIAL,REPORTED,DESCRIPTIVE,MONETARY,,,,,,,,,,Wakefield wards,,,UNKNOWN,COMPLETE,CONTEMPORARY,,,,MEDIUM,,LEAD_CONSULTANT,PENDING,G2-BATCH-C,Programme data; line 155,CONTEXT,,,,,,,,,,,,,EXTRACTED,OBSERVED_AMOUNT,,,,,,1.3-candidate,G2-BATCH-C
C-G2-107,P69,"Culture Grants programme mobilised £359,699 in match funding - 43.1% co-investment rate vs typical 3-5%",DIRECT,,,,,,,BENEFICIAL,REPORTED,DESCRIPTIVE,MONETARY,,,,,,,,,,Wakefield community groups,,,UNKNOWN,COMPLETE,CONTEMPORARY,,,,MEDIUM,,LEAD_CONSULTANT,PENDING,G2-BATCH-C,Programme data; line 257; target was £50k (719% of target),METHOD_OUTPUT,,,,,,,,,,,,,EXTRACTED,OBSERVED_AMOUNT,,,,,,1.3-candidate,G2-BATCH-C
C-G2-108,P69,162 schools engaged (216% of target of 75),DIRECT,,,,,,,BENEFICIAL,REPORTED,DESCRIPTIVE,MONETARY,,,,,,,,,,Wakefield schools,,,UNKNOWN,COMPLETE,CONTEMPORARY,,,,MEDIUM,,LEAD_CONSULTANT,PENDING,G2-BATCH-C,Programme data; line 1049,METHOD_OUTPUT,,,,,,,,,,,,,EXTRACTED,OBSERVED_AMOUNT,,,,,,1.3-candidate,G2-BATCH-C
C-G2-109,P69,146 teachers trained (122% of target of 120),DIRECT,,,,,,,BENEFICIAL,REPORTED,DESCRIPTIVE,MONETARY,,,,,,,,,,Wakefield teachers,,,UNKNOWN,COMPLETE,CONTEMPORARY,,,,MEDIUM,,LEAD_CONSULTANT,PENDING,G2-BATCH-C,Programme data; line 1045,METHOD_OUTPUT,,,,,,,,,,,,,EXTRACTED,OBSERVED_AMOUNT,,,,,,1.3-candidate,G2-BATCH-C
C-G2-110,P69,"1,392 creative practitioners directly involved (348% of target of 400)",DIRECT,,,,,,,BENEFICIAL,REPORTED,DESCRIPTIVE,MONETARY,,,,,,,,,,Wakefield creative sector,,,UNKNOWN,COMPLETE,CONTEMPORARY,,,,MEDIUM,,LEAD_CONSULTANT,PENDING,G2-BATCH-C,Programme data; line 762,METHOD_OUTPUT,,,,,,,,,,,,,EXTRACTED,OBSERVED_AMOUNT,,,,,,1.3-candidate,G2-BATCH-C
C-G2-111,P69,Creative Wakefield network grew by 225 new members,DIRECT,,,,,,,BENEFICIAL,REPORTED,DESCRIPTIVE,MONETARY,,,,,,,,,,Wakefield creative sector,,,UNKNOWN,COMPLETE,CONTEMPORARY,,,,MEDIUM,,LEAD_CONSULTANT,PENDING,G2-BATCH-C,Programme data; line 718,METHOD_OUTPUT,,,,,,,,,,,,,EXTRACTED,OBSERVED_AMOUNT,,,,,,1.3-candidate,G2-BATCH-C
C-G2-112,P69,"21 commissioned artworks with over 745,600 annual footfall",DIRECT,,,,,,,BENEFICIAL,REPORTED,DESCRIPTIVE,MONETARY,,,,,,,,,,Wakefield public realm,,,UNKNOWN,COMPLETE,CONTEMPORARY,,,,MEDIUM,,LEAD_CONSULTANT,PENDING,G2-BATCH-C,Programme data; line 717; note: only 8 of 21 target commissions delivered,METHOD_OUTPUT,,,,,,,,,,,,,EXTRACTED,OBSERVED_AMOUNT,,,,,,1.3-candidate,G2-BATCH-C
C-G2-113,P69,61 community groups and 15 local artists funded through Culture Grants (target 30 community groups),DIRECT,,,,,,,BENEFICIAL,REPORTED,DESCRIPTIVE,MONETARY,,,,,,,,,,Wakefield community groups,,,UNKNOWN,COMPLETE,CONTEMPORARY,,,,MEDIUM,,LEAD_CONSULTANT,PENDING,G2-BATCH-C,Programme data; line 256,METHOD_OUTPUT,,,,,,,,,,,,,EXTRACTED,OBSERVED_AMOUNT,,,,,,1.3-candidate,G2-BATCH-C
C-G2-114,P69,"15,128 school participation opportunities delivered (101% of target)",DIRECT,,,,,,,BENEFICIAL,REPORTED,DESCRIPTIVE,MONETARY,,,,,,,,,,Wakefield schoolchildren,,,UNKNOWN,COMPLETE,CONTEMPORARY,,,,MEDIUM,,LEAD_CONSULTANT,PENDING,G2-BATCH-C,Programme data; line 1065,METHOD_OUTPUT,,,,,,,,,,,,,EXTRACTED,OBSERVED_AMOUNT,,,,,,1.3-candidate,G2-BATCH-C
C-G2-115,P69,624 Pupil Premium and 616 SEND students accessed cultural learning via Access Bursary,DIRECT,,,,,,,BENEFICIAL,REPORTED,DESCRIPTIVE,MONETARY,,,,,,,,,,Disadvantaged Wakefield students,,,UNKNOWN,COMPLETE,CONTEMPORARY,,,,MEDIUM,,LEAD_CONSULTANT,PENDING,G2-BATCH-C,Programme data; line 755,METHOD_OUTPUT,,,,,,,,,,,,,EXTRACTED,OBSERVED_AMOUNT,,,,,,1.3-candidate,G2-BATCH-C
C-G2-116,P69,National Library of Korea requested to publish case study of summer s'cool as global best practice,DIRECT,,,,,,,BENEFICIAL,REPORTED,DESCRIPTIVE,NOT_APPLICABLE,,,,,,,,,,International cultural education community,,,UNKNOWN,COMPLETE,CONTEMPORARY,,,,MEDIUM,,LEAD_CONSULTANT,PENDING,G2-BATCH-C,Programme data; line 103,METHOD_OUTPUT,,,,,,,,,,,,,EXTRACTED,NONE,,,,,,1.3-candidate,G2-BATCH-C
C-G2-117,P69,Estimated £12.96m to £13.95m visitor spend generated by programme,PRODUCT,,,,,,,BENEFICIAL,REPORTED,DESCRIPTIVE,MONETARY,,,,,,,,,,Wakefield visitor economy,,,UNKNOWN,COMPLETE,CONTEMPORARY,,,,MEDIUM,,LEAD_CONSULTANT,PENDING,G2-BATCH-C,Final report; line 1259; estimate not full GVA study,EFFECT,,,,,,,,,,,,,EXTRACTED,DESCRIPTIVE_ESTIMATE,,,,,,1.3-candidate,G2-BATCH-C
C-G2-118,P69,£1.62 million directly invested into local creative economy through commissioning,PRODUCT,,,,,,,BENEFICIAL,REPORTED,DESCRIPTIVE,MONETARY,,,,,,,,,,Wakefield creative sector,,,UNKNOWN,COMPLETE,CONTEMPORARY,,,,MEDIUM,,LEAD_CONSULTANT,PENDING,G2-BATCH-C,Final report; line 1259,EFFECT,,,,,,,,,,,,,EXTRACTED,OBSERVED_AMOUNT,,,,,,1.3-candidate,G2-BATCH-C
C-G2-119,P69,"12 businesses engaged through Creativity Around the Corner (target 3, 400%)",PRODUCT,,,,,,,BENEFICIAL,REPORTED,DESCRIPTIVE,MONETARY,,,,,,,,,,Wakefield businesses,,,UNKNOWN,COMPLETE,CONTEMPORARY,,,,MEDIUM,,LEAD_CONSULTANT,PENDING,G2-BATCH-C,Programme data; line 989,EFFECT,,,,,,,,,,,,,EXTRACTED,OBSERVED_AMOUNT,,,,,,1.3-candidate,G2-BATCH-C
C-G2-120,P69,"Business residencies with NHS Pinderfields, OE Electrics, and Wakefield Exchange created new models for cultural-economic integration",NETWORK,,,,,,,BENEFICIAL,REPORTED,DESCRIPTIVE,NOT_APPLICABLE,,,,,,,,,,Wakefield businesses and cultural sector,,,UNKNOWN,COMPLETE,CONTEMPORARY,,,,MEDIUM,,LEAD_CONSULTANT,PENDING,G2-BATCH-C,Final report; line 107; demonstrates cultural-economic integration beyond sponsorship,EFFECT,,,,,,,,,,,,,EXTRACTED,NONE,,,,,,1.3-candidate,G2-BATCH-C
C-G2-121,P69,62% of residents report cultural activities improve their quality of life,KNOWLEDGE,,,,,,,BENEFICIAL,REPORTED,DESCRIPTIVE,MONETARY,,,,,,,,,,Wakefield residents,,,UNKNOWN,COMPLETE,CONTEMPORARY,,,,MEDIUM,,LEAD_CONSULTANT,PENDING,G2-BATCH-C,Survey data; line 740,EFFECT,,,,,,,,,,,,,EXTRACTED,OBSERVED_AMOUNT,,,,,,1.3-candidate,G2-BATCH-C
C-G2-122,P69,30.5% of Hatchling attendees were first-time cultural event attendees in Wakefield,KNOWLEDGE,,,,,,,BENEFICIAL,REPORTED,DESCRIPTIVE,MONETARY,,,,,,,,,,New Wakefield cultural audiences,,,UNKNOWN,COMPLETE,CONTEMPORARY,,,,MEDIUM,,LEAD_CONSULTANT,PENDING,G2-BATCH-C,Survey data; line 269,EFFECT,,,,,,,,,,,,,EXTRACTED,OBSERVED_AMOUNT,,,,,,1.3-candidate,G2-BATCH-C
C-G2-123,P69,96.4% of Culture Grants participants felt they could genuinely contribute ideas to project organisation,KNOWLEDGE,,,,,,,BENEFICIAL,REPORTED,DESCRIPTIVE,MONETARY,,,,,,,,,,Wakefield community groups,,,UNKNOWN,COMPLETE,CONTEMPORARY,,,,MEDIUM,,LEAD_CONSULTANT,PENDING,G2-BATCH-C,Evaluation; line 258,EFFECT,,,,,,,,,,,,,EXTRACTED,OBSERVED_AMOUNT,,,,,,1.3-candidate,G2-BATCH-C
C-G2-124,P69,Wakefield Place-Based Curriculum created as permanent educational resource,DIRECT,,,,,,,BENEFICIAL,HYPOTHESIS,DESCRIPTIVE,NOT_APPLICABLE,,,,,,,,,,Wakefield schools,,,UNKNOWN,COMPLETE,CONTEMPORARY,,,,MEDIUM,,LEAD_CONSULTANT,PENDING,G2-BATCH-C,Programme data; line 244; permanent infrastructure,DESIGN,,,,,,REALISED,,,,,,,EXTRACTED,NONE,,,,,,1.3-candidate,G2-BATCH-C
C-G2-125,P69,Community-led consortium bid for ACE Creative People & Places funding (unsuccessful but demonstrates community ownership),DIRECT,,,,,,,BENEFICIAL,HYPOTHESIS,DESCRIPTIVE,NOT_APPLICABLE,,,,,,,,,,Wakefield community,,,UNKNOWN,COMPLETE,CONTEMPORARY,,,,MEDIUM,,LEAD_CONSULTANT,PENDING,G2-BATCH-C,Programme data; line 124; validates cultural democracy approach,DESIGN,,,,,,EXERCISED,,,,,,,EXTRACTED,NONE,,,,,,1.3-candidate,G2-BATCH-C
C-G2-126,P69,"Recommended framework for future evaluation includes WELLBY methodology, GVA study, and longitudinal tracking",DIRECT,,,,,,,BENEFICIAL,HYPOTHESIS,DESCRIPTIVE,NOT_APPLICABLE,,,,,,,,,,Cultural policy community,,,UNKNOWN,COMPLETE,CONTEMPORARY,,,,MEDIUM,,LEAD_CONSULTANT,PENDING,G2-BATCH-C,Appendix C; line 1272-1293; proposed evaluation framework,DESIGN,,,,,,PROPOSED,,,,,,,EXTRACTED,NONE,,,,,,1.3-candidate,G2-BATCH-C
C-G2-127,P69,Positive Impacts Toolkit developed and distributed for sustainable cultural event planning,DIRECT,,,,,,,BENEFICIAL,HYPOTHESIS,DESCRIPTIVE,NOT_APPLICABLE,,,,,,,,,,Wakefield cultural sector,,,UNKNOWN,COMPLETE,CONTEMPORARY,,,,MEDIUM,,LEAD_CONSULTANT,PENDING,G2-BATCH-C,Programme data; line 114; capacity building for sustainability,DESIGN,,,,,,REALISED,,,,,,,EXTRACTED,NONE,,,,,,1.3-candidate,G2-BATCH-C
C-G2-128,P69,"Crossings & Gateways programme engaged community groups in co-design of public art, creating both physical landmarks and strengthened social connections",NETWORK,,,,,,,BENEFICIAL,REPORTED,DESCRIPTIVE,NOT_APPLICABLE,,,,,,,,,,Wakefield communities,,,UNKNOWN,COMPLETE,CONTEMPORARY,,,,MEDIUM,,LEAD_CONSULTANT,PENDING,G2-BATCH-C,"Final report; line 97; e.g. Knottingley Bagley's Glass, South Elmsall 100+ residents",EFFECT,,,,,,,,,,,,,EXTRACTED,NONE,,,,,,1.3-candidate,G2-BATCH-C
C-G2-129,P69,Programme influenced Wakefield Council corporate strategy: cultural participation metrics integrated into State of the District 2024 report,KNOWLEDGE,,,,,,,BENEFICIAL,REPORTED,DESCRIPTIVE,NOT_APPLICABLE,,,,,,,,,,Wakefield Council,,,UNKNOWN,COMPLETE,CONTEMPORARY,,,,MEDIUM,,LEAD_CONSULTANT,PENDING,G2-BATCH-C,Final report; line 728; policy spillover into corporate strategy,EFFECT,,,,,,,,,,,,,EXTRACTED,NONE,,,,,,1.3-candidate,G2-BATCH-C
C-G2-130,P69,Our Year model adopted as template for WYCA Gainshare investments and ACE Cultural Communities outcome,KNOWLEDGE,,,,,,,BENEFICIAL,REPORTED,DESCRIPTIVE,NOT_APPLICABLE,,,,,,,,,,West Yorkshire cultural sector,,,UNKNOWN,COMPLETE,CONTEMPORARY,,,,MEDIUM,,LEAD_CONSULTANT,PENDING,G2-BATCH-C,Final report; line 801; regional policy spillover,EFFECT,,,,,,,,,,,,,EXTRACTED,NONE,,,,,,1.3-candidate,G2-BATCH-C
C-G2-131,P83,"British Council Western Balkans Creative Economy Programme operated across Albania, North Macedonia, Montenegro, WB6 Feb-25/12",CONTEXTUAL,,,,,,,BENEFICIAL,REPORTED,DESCRIPTIVE,NOT_APPLICABLE,,,,,,,,,,Western Balkans creative sector,,,UNKNOWN,COMPLETE,CONTEMPORARY,,,,MEDIUM,,STRATEGIC_ADVISOR,PENDING,G2-BATCH-C,Summary report; line 1-6; source: SRC-G2-086,CONTEXT,,,,,,,,,,,,,EXTRACTED,NONE,,,,,,1.3-candidate,G2-BATCH-C
C-G2-132,P83,"Programme operated across three nested systems: macro (regional), meso (national), micro (sector/organisational)",CONTEXTUAL,,,,,,,BENEFICIAL,REPORTED,DESCRIPTIVE,NOT_APPLICABLE,,,,,,,,,,Western Balkans creative sector,,,UNKNOWN,COMPLETE,CONTEMPORARY,,,,MEDIUM,,STRATEGIC_ADVISOR,PENDING,G2-BATCH-C,Report; line 9; ecological systems approach,CONTEXT,,,,,,,,,,,,,EXTRACTED,NONE,,,,,,1.3-candidate,G2-BATCH-C
C-G2-133,P83,Kotor Ministerial Meeting (25/05) produced joint declaration endorsed by all WB6 ministers committing to regional creative economy cooperation,CONTEXTUAL,,,,,,,BENEFICIAL,REPORTED,DESCRIPTIVE,NOT_APPLICABLE,,,,,,,,,,Western Balkans creative sector,,,UNKNOWN,COMPLETE,CONTEMPORARY,,,,MEDIUM,,STRATEGIC_ADVISOR,PENDING,G2-BATCH-C,Report; line 15; political milestone,CONTEXT,,,,,,,,,,,,,EXTRACTED,NONE,,,,,,1.3-candidate,G2-BATCH-C
C-G2-134,P83,"Albania Creative Economy Framework delivered 25/07 with stakeholder mapping, budget analysis, working group structure, 5-year strategy outline",DIRECT,,,,,,,BENEFICIAL,REPORTED,DESCRIPTIVE,NOT_APPLICABLE,,,,,,,,,,Albania creative sector,,,UNKNOWN,COMPLETE,CONTEMPORARY,,,,MEDIUM,,STRATEGIC_ADVISOR,PENDING,G2-BATCH-C,Report; line 40-46,METHOD_OUTPUT,,,,,,,,,,,,,EXTRACTED,NONE,,,,,,1.3-candidate,G2-BATCH-C
C-G2-135,P83,"Albania framework includes OKRs: 15% annual sector growth, 500+ young entrepreneurs trained by end 2026, 5+ university partnerships",DIRECT,,,,,,,BENEFICIAL,REPORTED,DESCRIPTIVE,NOT_APPLICABLE,,,,,,,,,,Albania creative sector,,,UNKNOWN,COMPLETE,CONTEMPORARY,,,,MEDIUM,,STRATEGIC_ADVISOR,PENDING,G2-BATCH-C,Report; line 46,METHOD_OUTPUT,,,,,,,,,,,,,EXTRACTED,NONE,,,,,,1.3-candidate,G2-BATCH-C
C-G2-136,P83,North Macedonia CEC comparative analysis delivered examining two governance models (Ministry-controlled vs Independent Sector-Led) with RACI matrices across 14 functions,DIRECT,,,,,,,BENEFICIAL,REPORTED,DESCRIPTIVE,NOT_APPLICABLE,,,,,,,,,,North Macedonia creative sector,,,UNKNOWN,COMPLETE,CONTEMPORARY,,,,MEDIUM,,STRATEGIC_ADVISOR,PENDING,G2-BATCH-C,Report; line 51-53,METHOD_OUTPUT,,,,,,,,,,,,,EXTRACTED,NONE,,,,,,1.3-candidate,G2-BATCH-C
C-G2-137,P83,Recommendation made for North Macedonia: Independent sector-led council model with formalised ministry observer framework,DIRECT,,,,,,,BENEFICIAL,REPORTED,DESCRIPTIVE,NOT_APPLICABLE,,,,,,,,,,North Macedonia creative sector,,,UNKNOWN,COMPLETE,CONTEMPORARY,,,,MEDIUM,,STRATEGIC_ADVISOR,PENDING,G2-BATCH-C,Report; line 54; rationale documented,METHOD_OUTPUT,,,,,,,,,,,,,EXTRACTED,NONE,,,,,,1.3-candidate,G2-BATCH-C
C-G2-138,P83,"Plymouth-Montenegro partnership framework designed with collaboration matrix, 3-day visit programme, long-term roadmap targeting Horizon Europe, Creative Europe, WBIF funding",DIRECT,,,,,,,BENEFICIAL,REPORTED,DESCRIPTIVE,NOT_APPLICABLE,,,,,,,,,,Montenegro and Plymouth creative sectors,,,UNKNOWN,COMPLETE,CONTEMPORARY,,,,MEDIUM,,STRATEGIC_ADVISOR,PENDING,G2-BATCH-C,Report; line 60-61,METHOD_OUTPUT,,,,,,,,,,,,,EXTRACTED,NONE,,,,,,1.3-candidate,G2-BATCH-C
C-G2-139,P83,Creative Economy Skills Initiative framework delivered 25/06 with employer-led evidence principle,DIRECT,,,,,,,BENEFICIAL,REPORTED,DESCRIPTIVE,NOT_APPLICABLE,,,,,,,,,,Western Balkans creative sector,,,UNKNOWN,COMPLETE,CONTEMPORARY,,,,MEDIUM,,STRATEGIC_ADVISOR,PENDING,G2-BATCH-C,Report; line 108-109; procurement underway,METHOD_OUTPUT,,,,,,,,,,,,,EXTRACTED,NONE,,,,,,1.3-candidate,G2-BATCH-C
C-G2-140,P83,North Macedonia CEC Phase 1 operational funding estimated at £45K-£75K,DIRECT,,,,,,,BENEFICIAL,HYPOTHESIS,DESCRIPTIVE,MONETARY,,,,,,,,,,North Macedonia creative sector,,,UNKNOWN,COMPLETE,CONTEMPORARY,,,,MEDIUM,,STRATEGIC_ADVISOR,PENDING,G2-BATCH-C,Report; line 57; range £45-75k,DESIGN,,,,,,PROPOSED,,,,,,,EXTRACTED,SCENARIO_ESTIMATE,,,,,,1.3-candidate,G2-BATCH-C
C-G2-141,P83,Regional data comparability exercise estimated at 55-75 consultant days to establish WB6 creative economy baseline,DIRECT,,,,,,,BENEFICIAL,HYPOTHESIS,DESCRIPTIVE,MONETARY,,,,,,,,,,Western Balkans creative sector,,,UNKNOWN,COMPLETE,CONTEMPORARY,,,,MEDIUM,,STRATEGIC_ADVISOR,PENDING,G2-BATCH-C,Report; line 71; mix of BC experts and local consultants,DESIGN,,,,,,PROPOSED,,,,,,,EXTRACTED,SCENARIO_ESTIMATE,,,,,,1.3-candidate,G2-BATCH-C
C-G2-142,P83,Kosovo-Albania joint project on skills development has access to £300K Berlin Process funding,DIRECT,,,,,,,BENEFICIAL,HYPOTHESIS,DESCRIPTIVE,MONETARY,,,,,,,,,,Kosovo-Albania creative sectors,,,UNKNOWN,COMPLETE,CONTEMPORARY,,,,MEDIUM,,STRATEGIC_ADVISOR,PENDING,G2-BATCH-C,Report; line 47; bilateral partnership opportunity,DESIGN,,,,,,PROPOSED,,,,,,,EXTRACTED,SCENARIO_ESTIMATE,,,,,,1.3-candidate,G2-BATCH-C
C-G2-143,P83,"Kotor Declaration created political space for subsequent national-level work on strategy development, institutional reform, and skills initiatives",NETWORK,,,,,,,BENEFICIAL,REPORTED,DESCRIPTIVE,NOT_APPLICABLE,,,,,,,,,,Western Balkans creative sector,,,UNKNOWN,COMPLETE,CONTEMPORARY,,,,MEDIUM,,STRATEGIC_ADVISOR,PENDING,G2-BATCH-C,Report; line 36; political spillover from regional to national,EFFECT,,,,,,,,,,,,,EXTRACTED,NONE,,,,,,1.3-candidate,G2-BATCH-C
C-G2-144,P83,Programme positioned UK as leading partner in Western Balkans creative economy development while advancing EU accession readiness,NETWORK,,,,,,,BENEFICIAL,REPORTED,DESCRIPTIVE,NOT_APPLICABLE,,,,,,,,,,UK and Western Balkans creative sectors,,,UNKNOWN,COMPLETE,CONTEMPORARY,,,,MEDIUM,,STRATEGIC_ADVISOR,PENDING,G2-BATCH-C,Report; line 16; diplomatic and soft power spillover,EFFECT,,,,,,,,,,,,,EXTRACTED,NONE,,,,,,1.3-candidate,G2-BATCH-C
C-G2-145,P83,"Albania framework enables coordination across previously siloed ministries (Culture, Finance, Economy, Education, Innovation, Local Government)",NETWORK,,,,,,,BENEFICIAL,REPORTED,DESCRIPTIVE,NOT_APPLICABLE,,,,,,,,,,Albania government,,,UNKNOWN,COMPLETE,CONTEMPORARY,,,,MEDIUM,,STRATEGIC_ADVISOR,PENDING,G2-BATCH-C,Report; line 48; cross-ministerial coordination spillover,EFFECT,,,,,,,,,,,,,EXTRACTED,NONE,,,,,,1.3-candidate,G2-BATCH-C
C-G2-146,P83,"Plymouth-Montenegro partnership creates reciprocal learning rather than one-way knowledge transfer, recognising Montenegro's substantial expertise",KNOWLEDGE,,,,,,,BENEFICIAL,REPORTED,DESCRIPTIVE,NOT_APPLICABLE,,,,,,,,,,Plymouth and Montenegro creative sectors,,,UNKNOWN,COMPLETE,CONTEMPORARY,,,,MEDIUM,,STRATEGIC_ADVISOR,PENDING,G2-BATCH-C,Report; line 60; bidirectional knowledge spillover,EFFECT,,,,,,,,,,,,,EXTRACTED,NONE,,,,,,1.3-candidate,G2-BATCH-C
C-G2-147,P83,Multi-level systems thinking prevented programme from becoming disconnected from reality; NM council analysis credible because grounded in sector-specific realities,KNOWLEDGE,,,,,,,BENEFICIAL,REPORTED,DESCRIPTIVE,NOT_APPLICABLE,,,,,,,,,,Western Balkans creative sector,,,UNKNOWN,COMPLETE,CONTEMPORARY,,,,MEDIUM,,STRATEGIC_ADVISOR,PENDING,G2-BATCH-C,Report; line 106; methodological lesson,EFFECT,,,,,,,,,,,,,EXTRACTED,NONE,,,,,,1.3-candidate,G2-BATCH-C
C-G2-148,P83,"By 25/12, transition from strategy to implementation remains incomplete; no operational funding mechanisms or accountability structures in place",CONTEXTUAL,,,,,,,BENEFICIAL,REPORTED,DESCRIPTIVE,NOT_APPLICABLE,,,,,,,,,,Western Balkans creative sector,,,UNKNOWN,COMPLETE,CONTEMPORARY,,,,MEDIUM,,STRATEGIC_ADVISOR,PENDING,G2-BATCH-C,Report; line 10; PHASE_COMPLETE_AWAITING_INSTRUCTION,CONTEXT,,,,,,,,,,,,,EXTRACTED,NONE,,,,,,1.3-candidate,G2-BATCH-C
C-G2-149,P83,No regional body currently oversees progress or coordinates implementation of ministerial commitments across WB6 countries,CONTEXTUAL,,,,,,,BENEFICIAL,REPORTED,DESCRIPTIVE,NOT_APPLICABLE,,,,,,,,,,Western Balkans creative sector,,,UNKNOWN,COMPLETE,CONTEMPORARY,,,,MEDIUM,,STRATEGIC_ADVISOR,PENDING,G2-BATCH-C,Report; line 37; governance gap,CONTEXT,,,,,,,,,,,,,EXTRACTED,NONE,,,,,,1.3-candidate,G2-BATCH-C
C-G2-150,P57,Rushmoor has 744 independent creative/digital enterprises and 99 cultural assets in Council ownership,CONTEXTUAL,,,,,,,BENEFICIAL,REPORTED,DESCRIPTIVE,MONETARY,,,,,,,,,,Rushmoor CCI sector,,,UNKNOWN,COMPLETE,CONTEMPORARY,,,,MEDIUM,,LEAD_CONSULTANT,PENDING,G2-BATCH-C,Fifth Sector/Curator 2021; line 166; source: SRC-G2-049,CONTEXT,,,,,,,,,,,,,EXTRACTED,OBSERVED_AMOUNT,,,,,,1.3-candidate,G2-BATCH-C
C-G2-151,P57,"BRES 2019 shows 6,000 creative industries jobs in Rushmoor, with IT/software representing 5,000 of total",CONTEXTUAL,,,,,,,BENEFICIAL,REPORTED,DESCRIPTIVE,MONETARY,,,,,,,,,,Rushmoor creative workforce,,,UNKNOWN,COMPLETE,CONTEMPORARY,,,,MEDIUM,,LEAD_CONSULTANT,PENDING,G2-BATCH-C,BRES 2019; line 214-229,CONTEXT,,,,,,,,,,,,,EXTRACTED,OBSERVED_AMOUNT,,,,,,1.3-candidate,G2-BATCH-C
C-G2-152,P57,"LinkedIn analysis shows 5,790 CCI individuals in Rushmoor; stripping digital leaves ~2,500 creative workforce, plus 1,453 digital in creative/production roles = ~4,000 total",CONTEXTUAL,,,,,,,BENEFICIAL,REPORTED,DESCRIPTIVE,MONETARY,,,,,,,,,,Rushmoor creative workforce,,,UNKNOWN,COMPLETE,CONTEMPORARY,,,,MEDIUM,,LEAD_CONSULTANT,PENDING,G2-BATCH-C,Fifth Sector/Curator LinkedIn 21/06; line 261,CONTEXT,,,,,,,,,,,,,EXTRACTED,DESCRIPTIVE_ESTIMATE,,,,,,1.3-candidate,G2-BATCH-C
C-G2-153,P57,"Nesta 2016 identified Guildford-Aldershot TTWA as significant digital/creative cluster: 5,120 companies, 38,963 employees, 30,300 creative jobs",CONTEXTUAL,,,,,,,BENEFICIAL,REPORTED,DESCRIPTIVE,MONETARY,,,,,,,,,,Guildford-Aldershot creative cluster,,,UNKNOWN,COMPLETE,CONTEMPORARY,,,,MEDIUM,,LEAD_CONSULTANT,PENDING,G2-BATCH-C,Nesta 2016; line 275,CONTEXT,,,,,,,,,,,,,EXTRACTED,OBSERVED_AMOUNT,,,,,,1.3-candidate,G2-BATCH-C
C-G2-154,P57,"Fifth Sector applied LinkedIn workforce mapping methodology (29m UK profiles) to Rushmoor, revealing freelance workforce invisible in BRES",DIRECT,,,,,,,BENEFICIAL,REPORTED,DESCRIPTIVE,NOT_APPLICABLE,,,,,,,,,,Rushmoor creative sector,,,UNKNOWN,COMPLETE,CONTEMPORARY,,,,MEDIUM,,LEAD_CONSULTANT,PENDING,G2-BATCH-C,Fifth Sector/Curator Technologies 2021; methodology reused from TVCA,METHOD_OUTPUT,,,,,,,,,,,,,EXTRACTED,NONE,,,,,,1.3-candidate,G2-BATCH-C
C-G2-155,P57,Resident survey (n=477) identified West End Centre as most memorable cultural venue; aviation heritage and military connections dominant in cultural memory,DIRECT,,,,,,,BENEFICIAL,REPORTED,DESCRIPTIVE,NOT_APPLICABLE,,,,,,,,,,Rushmoor residents,,,UNKNOWN,COMPLETE,CONTEMPORARY,,,,MEDIUM,,LEAD_CONSULTANT,PENDING,G2-BATCH-C,Resident survey; line 1144-1299,METHOD_OUTPUT,,,,,,,,,,,,,EXTRACTED,NONE,,,,,,1.3-candidate,G2-BATCH-C
C-G2-156,P57,Cultural Strategy and Compact designed for Rushmoor with benchmarks from Dundee (jam/jute/journalism/joysticks) and Laval (superpower of specialisation),DIRECT,,,,,,,BENEFICIAL,HYPOTHESIS,DESCRIPTIVE,NOT_APPLICABLE,,,,,,,,,,Rushmoor cultural sector,,,UNKNOWN,COMPLETE,CONTEMPORARY,,,,MEDIUM,,LEAD_CONSULTANT,PENDING,G2-BATCH-C,Report; line 53-54; benchmarking approach,DESIGN,,,,,,PROPOSED,,,,,,,EXTRACTED,NONE,,,,,,1.3-candidate,G2-BATCH-C
C-G2-157,P57,Games sector in Rushmoor understated by 50-60 businesses due to SIC code misclassification; only 35% of games companies use correct SIC codes,KNOWLEDGE,,,,,,,BENEFICIAL,REPORTED,DESCRIPTIVE,MONETARY,,,,,,,,,,Rushmoor games sector,,,UNKNOWN,COMPLETE,CONTEMPORARY,,,,MEDIUM,,LEAD_CONSULTANT,PENDING,G2-BATCH-C,Fifth Sector analysis; line 204; data quality spillover finding,EFFECT,,,,,,,,,,,,,EXTRACTED,DESCRIPTIVE_ESTIMATE,,,,,,1.3-candidate,G2-BATCH-C
C-G2-158,P57,"Creative experiences workforce 333 in LinkedIn vs 75 in BRES; creative services 1,034 vs 305; originals 347 vs 5 - revealing hidden freelance economy",KNOWLEDGE,,,,,,,BENEFICIAL,REPORTED,DESCRIPTIVE,MONETARY,,,,,,,,,,Rushmoor creative workforce,,,UNKNOWN,COMPLETE,CONTEMPORARY,,,,MEDIUM,,LEAD_CONSULTANT,PENDING,G2-BATCH-C,LinkedIn vs BRES comparison; line 263-265,EFFECT,,,,,,,,,,,,,EXTRACTED,OBSERVED_AMOUNT,,,,,,1.3-candidate,G2-BATCH-C
C-G2-159,P52,Somerset CCI direct GVA estimated at £492m; combined with indirect (£52.6m) and induced (£71.3m) = £616m total,CONTEXTUAL,,,,,,,BENEFICIAL,REPORTED,DESCRIPTIVE,MONETARY,,,,,,,,,,Somerset CCI sector,,,UNKNOWN,COMPLETE,CONTEMPORARY,,,,MEDIUM,,LEAD_CONSULTANT,PENDING,G2-BATCH-C,Table 7; line 522-565; source: SRC-G2-045,CONTEXT,,,,,,,,,,,,,EXTRACTED,DESCRIPTIVE_ESTIMATE,,,,,,1.3-candidate,G2-BATCH-C
C-G2-160,P52,"Arts and culture represent 26% of creative businesses (615) and 34% of creative workforce (3,220) in Somerset",CONTEXTUAL,,,,,,,BENEFICIAL,REPORTED,DESCRIPTIVE,MONETARY,,,,,,,,,,Somerset arts and culture sector,,,UNKNOWN,COMPLETE,CONTEMPORARY,,,,MEDIUM,,LEAD_CONSULTANT,PENDING,G2-BATCH-C,Report; line 560,CONTEXT,,,,,,,,,,,,,EXTRACTED,OBSERVED_AMOUNT,,,,,,1.3-candidate,G2-BATCH-C
C-G2-161,P52,"Applying Cebr multiplier: arts & culture combined GVA £208.9m (£84.9m direct, £52.6m indirect, £71.3m induced)",CONTEXTUAL,,,,,,,BENEFICIAL,REPORTED,DESCRIPTIVE,MONETARY,,,,,,,,,,Somerset arts and culture sector,,,UNKNOWN,COMPLETE,CONTEMPORARY,,,,MEDIUM,,LEAD_CONSULTANT,PENDING,G2-BATCH-C,Report; line 561; Cebr multiplier applied,CONTEXT,,,,,,,,,,,,,EXTRACTED,DESCRIPTIVE_ESTIMATE,,,,,,1.3-candidate,G2-BATCH-C
C-G2-162,P52,"Crafts sector in Somerset is outlier: 1,335 makers generating £94.5m GVA, second largest creative sector",CONTEXTUAL,,,,,,,BENEFICIAL,REPORTED,DESCRIPTIVE,MONETARY,,,,,,,,,,Somerset crafts sector,,,UNKNOWN,COMPLETE,CONTEMPORARY,,,,MEDIUM,,LEAD_CONSULTANT,PENDING,G2-BATCH-C,Report; line 569; complete outlier from any other English area,CONTEXT,,,,,,,,,,,,,EXTRACTED,OBSERVED_AMOUNT,,,,,,1.3-candidate,G2-BATCH-C
C-G2-163,P52,Urban areas in SW receive 8x ACE funding per capita compared to Somerset,CONTEXTUAL,,,,,,,BENEFICIAL,REPORTED,DESCRIPTIVE,MONETARY,,,,,,,,,,Somerset cultural sector,,,UNKNOWN,COMPLETE,CONTEMPORARY,,,,MEDIUM,,LEAD_CONSULTANT,PENDING,G2-BATCH-C,Report; line 122; historic funding discrepancy,CONTEXT,,,,,,,,,,,,,EXTRACTED,OBSERVED_AMOUNT,,,,,,1.3-candidate,G2-BATCH-C
C-G2-164,P52,£23m Glastonbury Town Deal and £29m Octagon Theatre redevelopment are major capital investments,CONTEXTUAL,,,,,,,BENEFICIAL,REPORTED,DESCRIPTIVE,MONETARY,,,,,,,,,,Somerset cultural infrastructure,,,UNKNOWN,COMPLETE,CONTEMPORARY,,,,MEDIUM,,LEAD_CONSULTANT,PENDING,G2-BATCH-C,Report; line 121,CONTEXT,,,,,,,,,,,,,EXTRACTED,OBSERVED_AMOUNT,,,,,,1.3-candidate,G2-BATCH-C
C-G2-165,P52,Cultural and Creative Zones (CCZs) proposed as '30-minute cultural county' mosaic linking urban and rural creative districts,DIRECT,,,,,,,BENEFICIAL,HYPOTHESIS,DESCRIPTIVE,NOT_APPLICABLE,,,,,,,,,,Somerset creative sector,,,UNKNOWN,COMPLETE,CONTEMPORARY,,,,MEDIUM,,LEAD_CONSULTANT,PENDING,G2-BATCH-C,Report; line 181-182; innovative rural-urban linking model,DESIGN,,,,,,PROPOSED,,,,,,,EXTRACTED,NONE,,,,,,1.3-candidate,G2-BATCH-C
C-G2-166,P52,Cultural Advisory Board for Somerset proposed to strengthen cross-sector network and coordinate investment,DIRECT,,,,,,,BENEFICIAL,HYPOTHESIS,DESCRIPTIVE,NOT_APPLICABLE,,,,,,,,,,Somerset cultural sector,,,UNKNOWN,COMPLETE,CONTEMPORARY,,,,MEDIUM,,LEAD_CONSULTANT,PENDING,G2-BATCH-C,"Report; line 123, 180; governance design",DESIGN,,,,,,PROPOSED,,,,,,,EXTRACTED,NONE,,,,,,1.3-candidate,G2-BATCH-C
C-G2-167,P52,"Seven-point action plan: CCI investment, creative skills, collaborative networks, CCZs, green destination, intelligence framework, social prescribing",DIRECT,,,,,,,BENEFICIAL,HYPOTHESIS,DESCRIPTIVE,NOT_APPLICABLE,,,,,,,,,,Somerset cultural sector,,,UNKNOWN,COMPLETE,CONTEMPORARY,,,,MEDIUM,,LEAD_CONSULTANT,PENDING,G2-BATCH-C,Report; line 177-184,DESIGN,,,,,,PROPOSED,,,,,,,EXTRACTED,NONE,,,,,,1.3-candidate,G2-BATCH-C
C-G2-168,P52,"Cebr multiplier: for every 1 FTE in arts/culture, total footprint of 2.46 FTE supported (0.62 indirect + 0.84 induced)",KNOWLEDGE,,,,,,,BENEFICIAL,REPORTED,DESCRIPTIVE,NOT_APPLICABLE,,,,,,,,,,UK arts and culture sector,,,UNKNOWN,COMPLETE,CONTEMPORARY,,,,MEDIUM,,LEAD_CONSULTANT,PENDING,G2-BATCH-C,Cebr for ACE; line 559; national multiplier applied to Somerset,EFFECT,,,,,,,,,,,,,EXTRACTED,DESCRIPTIVE_ESTIMATE,,,,,,1.3-candidate,G2-BATCH-C
C-G2-169,P52,Community arts in Somerset credited with sector resilience over decade of funding cuts through habits of collaboration,NETWORK,,,,,,,BENEFICIAL,REPORTED,DESCRIPTIVE,NOT_APPLICABLE,,,,,,,,,,Somerset community arts sector,,,UNKNOWN,COMPLETE,CONTEMPORARY,,,,MEDIUM,,LEAD_CONSULTANT,PENDING,G2-BATCH-C,Report; line 320; social capital spillover,EFFECT,,,,,,,,,,,,,EXTRACTED,NONE,,,,,,1.3-candidate,G2-BATCH-C
C-G2-170,P52,Illuminated Carnivals identified as distinctive cultural expression reflecting shared historical legacy,KNOWLEDGE,,,,,,,BENEFICIAL,REPORTED,DESCRIPTIVE,NOT_APPLICABLE,,,,,,,,,,Somerset communities,,,UNKNOWN,COMPLETE,CONTEMPORARY,,,,MEDIUM,,LEAD_CONSULTANT,PENDING,G2-BATCH-C,Report; line 319; cultural identity spillover,EFFECT,,,,,,,,,,,,,EXTRACTED,NONE,,,,,,1.3-candidate,G2-BATCH-C
C-G2-171,P62,"Theatre Royal Plymouth consultation involved 100+ individuals across staff, participants, partners, stakeholders",CONTEXTUAL,,,,,,,BENEFICIAL,REPORTED,DESCRIPTIVE,MONETARY,,,,,,,,,,TRP community,,,UNKNOWN,COMPLETE,CONTEMPORARY,,,,MEDIUM,,LEAD_CONSULTANT,PENDING,G2-BATCH-C,Report; line 50; source: SRC-G2-061,CONTEXT,,,,,,,,,,,,,EXTRACTED,OBSERVED_AMOUNT,,,,,,1.3-candidate,G2-BATCH-C
C-G2-172,P62,"Over 2,000 CICs in Plymouth identified by Board members - substantial social capital",CONTEXTUAL,,,,,,,BENEFICIAL,REPORTED,DESCRIPTIVE,MONETARY,,,,,,,,,,Plymouth social economy,,,UNKNOWN,COMPLETE,CONTEMPORARY,,,,MEDIUM,,LEAD_CONSULTANT,PENDING,G2-BATCH-C,Report; line 84; interview finding,CONTEXT,,,,,,,,,,,,,EXTRACTED,OBSERVED_AMOUNT,,,,,,1.3-candidate,G2-BATCH-C
C-G2-173,P62,"Five key opportunities identified: pedagogy excellence, TR2 skills centre, annual celebration, programme refinement, outreach/co-creation for artistic success",DIRECT,,,,,,,BENEFICIAL,REPORTED,DESCRIPTIVE,NOT_APPLICABLE,,,,,,,,,,TRP Education and Learning,,,UNKNOWN,COMPLETE,CONTEMPORARY,,,,MEDIUM,,LEAD_CONSULTANT,PENDING,G2-BATCH-C,Report; line 101-114,METHOD_OUTPUT,,,,,,,,,,,,,EXTRACTED,NONE,,,,,,1.3-candidate,G2-BATCH-C
C-G2-174,P62,'TRP Way' pedagogical approach identified as best practice nationally but uncodified and vulnerable to staff loss,DIRECT,,,,,,,BENEFICIAL,REPORTED,DESCRIPTIVE,NOT_APPLICABLE,,,,,,,,,,TRP staff and practitioners,,,UNKNOWN,COMPLETE,CONTEMPORARY,,,,MEDIUM,,LEAD_CONSULTANT,PENDING,G2-BATCH-C,Report; line 104; knowledge management finding,METHOD_OUTPUT,,,,,,,,,,,,,EXTRACTED,NONE,,,,,,1.3-candidate,G2-BATCH-C
C-G2-175,P62,"TR2 proposed as practical accredited skills development centre for production skills (carpentry, electrics, set/costume design)",DIRECT,,,,,,,BENEFICIAL,HYPOTHESIS,DESCRIPTIVE,NOT_APPLICABLE,,,,,,,,,,Plymouth young people and creative sector,,,UNKNOWN,COMPLETE,CONTEMPORARY,,,,MEDIUM,,LEAD_CONSULTANT,PENDING,G2-BATCH-C,Report; line 113-114; alternative education pathway,DESIGN,,,,,,PROPOSED,,,,,,,EXTRACTED,NONE,,,,,,1.3-candidate,G2-BATCH-C
C-G2-176,P62,Community levy or similar funding stream discussed with Plymouth City Council to support skills development,DIRECT,,,,,,,BENEFICIAL,HYPOTHESIS,DESCRIPTIVE,NOT_APPLICABLE,,,,,,,,,,Plymouth creative skills sector,,,UNKNOWN,COMPLETE,CONTEMPORARY,,,,MEDIUM,,LEAD_CONSULTANT,PENDING,G2-BATCH-C,Report; line 114; funding mechanism design,DESIGN,,,,,,PROPOSED,,,,,,,EXTRACTED,NONE,,,,,,1.3-candidate,G2-BATCH-C
C-G2-177,P62,Lab Company described as creating network of artists in Plymouth; 'The one talent development programme that is key for young people in Plymouth',NETWORK,,,,,,,BENEFICIAL,REPORTED,DESCRIPTIVE,NOT_APPLICABLE,,,,,,,,,,Plymouth creative sector,,,UNKNOWN,COMPLETE,CONTEMPORARY,,,,MEDIUM,,LEAD_CONSULTANT,PENDING,G2-BATCH-C,Report; line 66-67; network spillover via talent development,EFFECT,,,,,,,,,,,,,EXTRACTED,NONE,,,,,,1.3-candidate,G2-BATCH-C
C-G2-178,P62,TRP described as 'remedy for isolation' and 'safe space' by participants; 'family' language used repeatedly,KNOWLEDGE,,,,,,,BENEFICIAL,REPORTED,DESCRIPTIVE,NOT_APPLICABLE,,,,,,,,,,TRP participants,,,UNKNOWN,COMPLETE,CONTEMPORARY,,,,MEDIUM,,LEAD_CONSULTANT,PENDING,G2-BATCH-C,Report; line 59-61; wellbeing spillover,EFFECT,,,,,,,,,,,,,EXTRACTED,NONE,,,,,,1.3-candidate,G2-BATCH-C
C-G2-179,P62,Freelancers report TRP production staff professionalism as key factor in programme success; 'goldmine of accommodations',KNOWLEDGE,,,,,,,BENEFICIAL,REPORTED,DESCRIPTIVE,NOT_APPLICABLE,,,,,,,,,,TRP freelance practitioners,,,UNKNOWN,COMPLETE,CONTEMPORARY,,,,MEDIUM,,LEAD_CONSULTANT,PENDING,G2-BATCH-C,Report; line 63-68; professional development spillover,EFFECT,,,,,,,,,,,,,EXTRACTED,NONE,,,,,,1.3-candidate,G2-BATCH-C
C-G2-180,P62,TRP seen as only agency that can interface between differing viewpoints in Plymouth on colonialism and LGBTQ+ representation,NETWORK,,,,,,,BENEFICIAL,REPORTED,DESCRIPTIVE,NOT_APPLICABLE,,,,,,,,,,Plymouth communities,,,UNKNOWN,COMPLETE,CONTEMPORARY,,,,MEDIUM,,LEAD_CONSULTANT,PENDING,G2-BATCH-C,Report; line 96; civic role spillover,EFFECT,,,,,,,,,,,,,EXTRACTED,NONE,,,,,,1.3-candidate,G2-BATCH-C
C-G2-181,P62,"With Flying Colours project raised children's awareness of theatre roles beyond acting (script writing, prop-making, music, stage management)",KNOWLEDGE,,,,,,,BENEFICIAL,REPORTED,DESCRIPTIVE,NOT_APPLICABLE,,,,,,,,,,Plymouth schoolchildren,,,UNKNOWN,COMPLETE,CONTEMPORARY,,,,MEDIUM,,LEAD_CONSULTANT,PENDING,G2-BATCH-C,Report; line 74; educational spillover,EFFECT,,,,,,,,,,,,,EXTRACTED,NONE,,,,,,1.3-candidate,G2-BATCH-C
C-G2-182,P37,"Suffolk CC identified 58 council-owned sites covering more than 5,200 hectares suitable for renewable energy development",CONTEXTUAL,,,,,,,BENEFICIAL,REPORTED,DESCRIPTIVE,MONETARY,,,,Suffolk,,,,,,Suffolk CC,,,UNKNOWN,COMPLETE,CONTEMPORARY,,,,MEDIUM,,LEAD_CONSULTANT,PENDING,G2-BATCH-D,Business case v1.0; line 162-180; source: SRC-G2-031,CONTEXT,,,,,,,,,,,,,EXTRACTED,OBSERVED_AMOUNT,,,,,,1.3-candidate,G2-BATCH-D
C-G2-183,P37,"Two-stage site ranking and filtering process applied to 58 sites using planning constraints, receptors, offtakers, grid proximity, designations, flood risk, accessibility and infrastructure criteria",DIRECT,,,,,,,BENEFICIAL,REPORTED,DESCRIPTIVE,NOT_APPLICABLE,,,,Suffolk,,,,,,Suffolk CC,,,UNKNOWN,COMPLETE,CONTEMPORARY,,,,MEDIUM,,LEAD_CONSULTANT,PENDING,G2-BATCH-D,Business case v1.0; line 195-230; source: SRC-G2-031,METHOD_OUTPUT,,,Analytical method design and application,,,,,,,,,,EXTRACTED,NONE,,,,,,1.3-candidate,G2-BATCH-D
C-G2-184,P37,Financial appraisal framework designed using NPV with 3.5% discount rate and 25-year asset-replacement assumption,DIRECT,,,,,,,BENEFICIAL,REPORTED,DESCRIPTIVE,NOT_APPLICABLE,,,,Suffolk,,,,,,Suffolk CC,,,UNKNOWN,COMPLETE,CONTEMPORARY,,,,MEDIUM,,LEAD_CONSULTANT,PENDING,G2-BATCH-D,Business case v1.0; line 250-280; source: SRC-G2-031,METHOD_OUTPUT,,,Financial appraisal methodology design,,,,,,,,,,EXTRACTED,NONE,,,,,,1.3-candidate,G2-BATCH-D
C-G2-185,P37,"Management case proposed governance, procurement, construction, operation, monitoring and evaluation arrangements for renewable energy programme",OPTION,GATED,,,,,,BENEFICIAL,REPORTED,DESCRIPTIVE,NOT_APPLICABLE,,,,Suffolk,,,,,,Suffolk CC,,,UNKNOWN,COMPLETE,CONTEMPORARY,,,,MEDIUM,,LEAD_CONSULTANT,PENDING,G2-BATCH-D,Business case v1.0; line 300-335; source: SRC-G2-031,DESIGN,,,,,,PROPOSED,SUFFOLK_CC,,,,,,EXTRACTED,NONE,,,,,,1.3-candidate,G2-BATCH-D
C-G2-186,P37,Staged decision-making framework proposed for renewable energy investment with gated investment sequencing across site development phases,OPTION,GATED,,,,,,BENEFICIAL,REPORTED,DESCRIPTIVE,NOT_APPLICABLE,,,,Suffolk,,,,,,Suffolk CC,,,UNKNOWN,COMPLETE,CONTEMPORARY,,,,MEDIUM,,LEAD_CONSULTANT,PENDING,G2-BATCH-D,Business case v1.0; line 310-335; source: SRC-G2-031,DESIGN,,,,,,PROPOSED,SUFFOLK_CC,,Staged investment reduces risk by enabling go/no-go decisions at each gate,,,,EXTRACTED,NONE,,,,,,1.3-candidate,G2-BATCH-D
C-G2-187,P37,Narrative report documented the renewable energy programme rationale and stakeholder engagement process,DIRECT,,,,,,,BENEFICIAL,REPORTED,DESCRIPTIVE,NOT_APPLICABLE,,,,Suffolk,,,,,,Suffolk CC,,,UNKNOWN,COMPLETE,CONTEMPORARY,,,,MEDIUM,,LEAD_CONSULTANT,PENDING,G2-BATCH-D,SCC Narrative Report v1; source: SRC-G2-032,METHOD_OUTPUT,,,Narrative report development,,,,,,,,,,EXTRACTED,NONE,,,,,,1.3-candidate,G2-BATCH-D
C-G2-188,P43,BAC+LIVR project intended to test whether artists could establish new monetisation routes for original IP through 360-degree XR video,CONTEXTUAL,,,,,,,BENEFICIAL,REPORTED,DESCRIPTIVE,NOT_APPLICABLE,,,,Liverpool,,,,,,BAC and LIVR artists,,,UNKNOWN,COMPLETE,CONTEMPORARY,,,,MEDIUM,,LEAD_CONSULTANT,PENDING,G2-BATCH-D,Evaluation final report; line 1-20; source: SRC-G2-033,CONTEXT,,,,,,,,,,,,,EXTRACTED,NONE,,,,,,1.3-candidate,G2-BATCH-D
C-G2-189,P43,Production was terminated after disputes; only three of five pieces were filmed and one had reached post-production at time of report,PRODUCT,,,,,,,BENEFICIAL,REPORTED,DESCRIPTIVE,NOT_APPLICABLE,,,,Liverpool,,,,,,BAC and LIVR artists,,,UNKNOWN,COMPLETE,CONTEMPORARY,,,,MEDIUM,,EVALUATOR,PENDING,G2-BATCH-D,Evaluation final report; line 50-80; source: SRC-G2-033,EFFECT,,,EVALUATION,,,,,,,Production disputes; project management failure; technology readiness issues,,,EXTRACTED,NONE,,,,,,1.3-candidate,G2-BATCH-D
C-G2-190,P43,"Intended economic impact, sustainability, replicability, audience, monetisation and downstream IP outcomes could not be measured due to project termination",PRODUCT,,,,,,,BENEFICIAL,NOT_MEASURED,DESCRIPTIVE,NOT_APPLICABLE,,,,Liverpool,,,,,,BAC and LIVR artists,,,UNKNOWN,COMPLETE,CONTEMPORARY,,,,MEDIUM,,EVALUATOR,PENDING,G2-BATCH-D,Evaluation final report; line 100-130; source: SRC-G2-033,EFFECT,,,EVALUATION,,,,,,,,,,EXTRACTED,NONE,,,,,,1.3-candidate,G2-BATCH-D
C-G2-191,P43,"Evaluation designed logic models, Theory of Change, stakeholder interviews and planned ex ante/interim/impact stages",DIRECT,,,,,,,BENEFICIAL,REPORTED,DESCRIPTIVE,NOT_APPLICABLE,,,,Liverpool,,,,,,BAC and LIVR,,,UNKNOWN,COMPLETE,CONTEMPORARY,,,,MEDIUM,,EVALUATOR,PENDING,G2-BATCH-D,Evaluation final report; line 140-170; source: SRC-G2-033,METHOD_OUTPUT,,,Evaluation method design,,,,,,,,,,EXTRACTED,NONE,,,,,,1.3-candidate,G2-BATCH-D
C-G2-192,P43,Proposed artist IP monetisation route through 360-degree XR video was not delivered,OPTION,EXPAND,,,,,,BENEFICIAL,HYPOTHESIS,DESCRIPTIVE,NOT_APPLICABLE,,,,Liverpool,,,,,,BAC and LIVR artists,,,UNKNOWN,COMPLETE,CONTEMPORARY,,,,MEDIUM,,EVALUATOR,PENDING,G2-BATCH-D,Evaluation final report; line 1-20; proposed monetisation not realised; source: SRC-G2-033,DESIGN,,,,,,EXPIRED,BAC_LIVR,,,Production disputes; technology immaturity; market not ready,,,EXTRACTED,NONE,,,,,,1.3-candidate,G2-BATCH-D
C-G2-193,P43,"Evaluation shifted toward process failure analysis, lessons learned and risk mitigation for experimental technology and business models",KNOWLEDGE,,,,,,,BENEFICIAL,REPORTED,DESCRIPTIVE,NOT_APPLICABLE,,,,Liverpool,,,,,,BAC and LIVR; wider XR sector,,,UNKNOWN,COMPLETE,CONTEMPORARY,,,,MEDIUM,,EVALUATOR,PENDING,G2-BATCH-D,Evaluation final report; line 150-188; source: SRC-G2-033,METHOD_OUTPUT,,,Process learning and risk mitigation analysis,,,,,,,,,,EXTRACTED,NONE,,,,,,1.3-candidate,G2-BATCH-D
C-G2-194,P45,Lancashire digital strategy favours a distributed ecosystem of connected hubs rather than a single vertically integrated cluster,NETWORK,,,,,,,BENEFICIAL,REPORTED,DESCRIPTIVE,NOT_APPLICABLE,,,,Lancashire,,,,,,Lancashire digital sector,,,UNKNOWN,COMPLETE,CONTEMPORARY,,,,MEDIUM,,LEAD_CONSULTANT,PENDING,G2-BATCH-D,Strategy final; line 169-195; source: SRC-G2-034,DESIGN,,,,,,,,,,,,,EXTRACTED,NONE,,,,,,1.3-candidate,G2-BATCH-D
C-G2-195,P45,"Strategy proposes stronger connectivity and knowledge exchange among hubs, research institutions, FE colleges, employers and other sectors",KNOWLEDGE,CONNECT,,,,,,BENEFICIAL,REPORTED,DESCRIPTIVE,NOT_APPLICABLE,,,,Lancashire,,,,,,Lancashire digital ecosystem,,,UNKNOWN,COMPLETE,CONTEMPORARY,,,,MEDIUM,,LEAD_CONSULTANT,PENDING,G2-BATCH-D,Strategy final; line 175-185; source: SRC-G2-034,DESIGN,,,,,,,,,,,,,EXTRACTED,NONE,,,,,,1.3-candidate,G2-BATCH-D
C-G2-196,P45,Demonstrators and minimum viable products proposed to address challenges in priority sectors,PRODUCT,,,,,,,BENEFICIAL,REPORTED,DESCRIPTIVE,NOT_APPLICABLE,,,,Lancashire,,,,,,Lancashire priority sectors,,,UNKNOWN,COMPLETE,CONTEMPORARY,,,,MEDIUM,,LEAD_CONSULTANT,PENDING,G2-BATCH-D,Strategy final; line 284-310; source: SRC-G2-034,DESIGN,,,,,,PROPOSED,LANCASHIRE_PARTNERS,,,,,,EXTRACTED,NONE,,,,,,1.3-candidate,G2-BATCH-D
C-G2-197,P45,"Strategy forecasts potential additional 15,000 digital jobs attributable to implementation of recommendations",OPTION,EXPAND,,,,,,BENEFICIAL,HYPOTHESIS,DESCRIPTIVE,MONETARY,,,,Lancashire,,,,,,Lancashire workforce,,,UNKNOWN,COMPLETE,CONTEMPORARY,,,,MEDIUM,,LEAD_CONSULTANT,PENDING,G2-BATCH-D,Strategy final; line 350-399; scenario forecast not observed effect; source: SRC-G2-034,DESIGN,,,,,,PROPOSED,LANCASHIRE_PARTNERS,,"15,000 additional digital jobs if recommendations implemented",Economic cycle; automation displacement; skills pipeline gaps,,,EXTRACTED,SCENARIO_ESTIMATE,,,,,,1.3-candidate,G2-BATCH-D
C-G2-198,P45,Strategy targets £4bn increase in GVA by 2035 as a scenario target,OPTION,EXPAND,,,,,,BENEFICIAL,HYPOTHESIS,DESCRIPTIVE,MONETARY,,,,Lancashire,,,,,,Lancashire economy,,,UNKNOWN,COMPLETE,CONTEMPORARY,,,,MEDIUM,,LEAD_CONSULTANT,PENDING,G2-BATCH-D,Strategy final; line 370-380; scenario target not realised outcome; source: SRC-G2-034,DESIGN,,,,,,PROPOSED,LANCASHIRE_PARTNERS,,£4bn GVA increase by 2035,Economic cycle; policy changes; global competition,,,EXTRACTED,SCENARIO_ESTIMATE,,,,,,1.3-candidate,G2-BATCH-D
C-G2-199,P45,"Skills, reskilling, recruitment, inward investment and cross-sector technology adoption proposed as strategic interventions",KNOWLEDGE,,,,,,,BENEFICIAL,REPORTED,DESCRIPTIVE,NOT_APPLICABLE,,,,Lancashire,,,,,,Lancashire digital sector,,,UNKNOWN,COMPLETE,CONTEMPORARY,,,,MEDIUM,,LEAD_CONSULTANT,PENDING,G2-BATCH-D,Strategy final; line 300-350; source: SRC-G2-034,DESIGN,,,,,,PROPOSED,LANCASHIRE_PARTNERS,,,,,,EXTRACTED,NONE,,,,,,1.3-candidate,G2-BATCH-D
C-G2-200,P45,Digital sector baseline established from Lancashire Digital Economy Report 2021,CONTEXTUAL,,,,,,,BENEFICIAL,REPORTED,DESCRIPTIVE,NOT_APPLICABLE,,,,Lancashire,,,,,,Lancashire digital sector,,,UNKNOWN,COMPLETE,CONTEMPORARY,,,,MEDIUM,,LEAD_CONSULTANT,PENDING,G2-BATCH-D,Digital Economy Report 2021 Draft; source: SRC-G2-035,CONTEXT,,,,,,,,,,,,,EXTRACTED,NONE,,,,,,1.3-candidate,G2-BATCH-D
C-G2-201,P47,WMGC commissioned pitch books for tech and creative sectors to support inward investment and place marketing,CONTEXTUAL,,,,,,,BENEFICIAL,REPORTED,DESCRIPTIVE,NOT_APPLICABLE,,,,West Midlands,,,,,,West Midlands Growth Company,,,UNKNOWN,COMPLETE,CONTEMPORARY,,,,MEDIUM,,LEAD_CONSULTANT,PENDING,G2-BATCH-D,Project record; source: SRC-G2-039; SRC-G2-040,CONTEXT,,,,,,,,,,,,,EXTRACTED,NONE,,,,,,1.3-candidate,G2-BATCH-D
C-G2-202,P47,"Pitch books developed with interviews, wireframes and sector narratives for tech and creative sectors",DIRECT,,,,,,,BENEFICIAL,REPORTED,DESCRIPTIVE,NOT_APPLICABLE,,,,West Midlands,,,,,,WMGC,,,UNKNOWN,COMPLETE,CONTEMPORARY,,,,MEDIUM,,LEAD_CONSULTANT,PENDING,G2-BATCH-D,Project record; multiple versions; source: SRC-G2-039,METHOD_OUTPUT,,,Pitch book development with sector narratives and wireframes,,,,,,,,,,EXTRACTED,NONE,,,,,,1.3-candidate,G2-BATCH-D
C-G2-203,P47,Pitch book proposal and tender brief responded to WMGC requirements for sector-specific place marketing materials,DIRECT,,,,,,,BENEFICIAL,REPORTED,DESCRIPTIVE,NOT_APPLICABLE,,,,West Midlands,,,,,,WMGC,,,UNKNOWN,COMPLETE,CONTEMPORARY,,,,MEDIUM,,LEAD_CONSULTANT,PENDING,G2-BATCH-D,Source: SRC-G2-040,METHOD_OUTPUT,,,Proposal and tender response,,,,,,,,,,EXTRACTED,NONE,,,,,,1.3-candidate,G2-BATCH-D
C-G2-204,P48,"Research identified 1,292 creative and digital courses across all levels and types of provision in Wakefield",CONTEXTUAL,,,,,,,BENEFICIAL,REPORTED,DESCRIPTIVE,MONETARY,,,,Wakefield,,,,,,Wakefield CCDI sector,,,UNKNOWN,COMPLETE,CONTEMPORARY,,,,MEDIUM,,LEAD_CONSULTANT,PENDING,G2-BATCH-D,Final report 21/07; line 65-101; source: SRC-G2-041,CONTEXT,,,,,,,,,,,,,EXTRACTED,OBSERVED_AMOUNT,,,,,,1.3-candidate,G2-BATCH-D
C-G2-205,P48,"LinkedIn analysis showed 5,505 individuals in Wakefield stating main occupation in cultural, creative or digital industries vs 2,800 in BRES",CONTEXTUAL,,,,,,,BENEFICIAL,REPORTED,DESCRIPTIVE,MONETARY,,,,Wakefield,,,,,,Wakefield CCDI workforce,,,UNKNOWN,COMPLETE,CONTEMPORARY,,,,MEDIUM,,LEAD_CONSULTANT,PENDING,G2-BATCH-D,Final report; line 63; highlights freelance/self-employed undercount in BRES; source: SRC-G2-041,CONTEXT,,,,,,,,,,,,,EXTRACTED,OBSERVED_AMOUNT,,,,,,1.3-candidate,G2-BATCH-D
C-G2-206,P48,"Five supply-chain based skills pathways mapped: creative originals, creative services, creative experiences, creative content, digital technology",DIRECT,,,,,,,BENEFICIAL,REPORTED,DESCRIPTIVE,NOT_APPLICABLE,,,,Wakefield,,,,,,Wakefield Council; providers; employers,,,UNKNOWN,COMPLETE,CONTEMPORARY,,,,MEDIUM,,LEAD_CONSULTANT,PENDING,G2-BATCH-D,Final report; line 47-53; source: SRC-G2-041,METHOD_OUTPUT,,,Skills pathway typology design and mapping,,,,,,,,,,EXTRACTED,NONE,,,,,,1.3-candidate,G2-BATCH-D
C-G2-207,P48,"Tableau database of approximately 1,300 creative courses across West Yorkshire created as searchable diagnostic tool",DIRECT,,,,,,,BENEFICIAL,REPORTED,DESCRIPTIVE,NOT_APPLICABLE,,,,West Yorkshire,,,,,,Wakefield providers and employers,,,UNKNOWN,COMPLETE,CONTEMPORARY,,,,MEDIUM,,LEAD_CONSULTANT,PENDING,G2-BATCH-D,Final report; line 166; source: SRC-G2-041,METHOD_OUTPUT,,,Tableau tool development,,,,,,,,,,EXTRACTED,NONE,,,,,,1.3-candidate,G2-BATCH-D
C-G2-208,P48,"Business base in Wakefield is larger than national statistics show, with close to double the number of businesses in key creative sub-sectors vs BRES data",CONTEXTUAL,,,,,,,BENEFICIAL,REPORTED,DESCRIPTIVE,NOT_APPLICABLE,,,,Wakefield,,,,,,Wakefield CCDI sector,,,UNKNOWN,COMPLETE,CONTEMPORARY,,,,MEDIUM,,LEAD_CONSULTANT,PENDING,G2-BATCH-D,Final report; line 62; source: SRC-G2-041,CONTEXT,,,,,,,,,,,,,EXTRACTED,NONE,,,,,,1.3-candidate,G2-BATCH-D
C-G2-209,P48,Blended diagnostic solution proposed linking training providers and employers through National Careers Service referral and individual diagnostic sessions,OPTION,,,,,,,BENEFICIAL,REPORTED,DESCRIPTIVE,NOT_APPLICABLE,,,,Wakefield,,,,,,Wakefield learners and employers,,,UNKNOWN,COMPLETE,CONTEMPORARY,,,,MEDIUM,,LEAD_CONSULTANT,PENDING,G2-BATCH-D,Final report; line 163-165; source: SRC-G2-041,DESIGN,,,,,,PROPOSED,WAKEFIELD_COUNCIL,,,,,,EXTRACTED,NONE,,,,,,1.3-candidate,G2-BATCH-D
C-G2-210,P48,Recommendations include using Creative Wakefield and WX3 programme together to build on existing cultural sector strengths,NETWORK,,,,,,,BENEFICIAL,REPORTED,DESCRIPTIVE,NOT_APPLICABLE,,,,Wakefield,,,,,,Wakefield cultural sector,,,UNKNOWN,COMPLETE,CONTEMPORARY,,,,MEDIUM,,LEAD_CONSULTANT,PENDING,G2-BATCH-D,Final report; line 181; source: SRC-G2-041,DESIGN,,,,,,PROPOSED,WAKEFIELD_COUNCIL,,,,,,EXTRACTED,NONE,,,,,,1.3-candidate,G2-BATCH-D
C-G2-211,P48,"Over 1,000 placement places identified for creative and media courses through provider survey",CONTEXTUAL,,,,,,,BENEFICIAL,REPORTED,DESCRIPTIVE,MONETARY,,,,Wakefield,,,,,,Wakefield learners,,,UNKNOWN,COMPLETE,CONTEMPORARY,,,,MEDIUM,,LEAD_CONSULTANT,PENDING,G2-BATCH-D,Final report; line 139; source: SRC-G2-041,CONTEXT,,,,,,,,,,,,,EXTRACTED,OBSERVED_AMOUNT,,,,,,1.3-candidate,G2-BATCH-D
C-G2-212,P50,"Liverpool is now the second most filmed UK city outside London, returning 6x public investment",CONTEXTUAL,,,,,,,BENEFICIAL,REPORTED,DESCRIPTIVE,MONETARY,,,,Liverpool City Region,,,,,,Liverpool film sector,,,UNKNOWN,COMPLETE,CONTEMPORARY,,,,MEDIUM,,LEAD_CONSULTANT,PENDING,G2-BATCH-D,UKRI briefing 13 21/12; line 33; source: SRC-G2-042,CONTEXT,,,,,,,,,,,,,EXTRACTED,OBSERVED_AMOUNT,,,,,,1.3-candidate,G2-BATCH-D
C-G2-213,P50,"Beauhurst analysis of 68 tracked companies in SIC J and R identified sector strengths: games (15), advertising/marketing/design (15), film/TV/media (9)",CONTEXTUAL,,,,,,,BENEFICIAL,REPORTED,DESCRIPTIVE,MONETARY,,,,Liverpool City Region,,,,,,Liverpool City Region creative sector,,,UNKNOWN,COMPLETE,CONTEMPORARY,,,,MEDIUM,,LEAD_CONSULTANT,PENDING,G2-BATCH-D,UKRI briefing; line 53-68; The Fifth Sector analysis of Beauhurst data 30 22/03; source: SRC-G2-042,CONTEXT,,,,,,,,,,,,,EXTRACTED,OBSERVED_AMOUNT,,,,,,1.3-candidate,G2-BATCH-D
C-G2-214,P50,Fewer than 20% (13) of 68 tracked companies had received a large innovation grant; only 4 are scale-ups; only 2 are university spinouts,CONTEXTUAL,,,,,,,BENEFICIAL,REPORTED,DESCRIPTIVE,MONETARY,,,,Liverpool City Region,,,,,,Liverpool City Region creative sector,,,UNKNOWN,COMPLETE,CONTEMPORARY,,,,MEDIUM,,LEAD_CONSULTANT,PENDING,G2-BATCH-D,UKRI briefing; line 55-58; structural weaknesses; source: SRC-G2-042,CONTEXT,,,,,,,,,,,,,EXTRACTED,OBSERVED_AMOUNT,,,,,,1.3-candidate,G2-BATCH-D
C-G2-215,P50,"SWOT analysis identified lack of patient money, competition between institutions and deep public sector budget cuts as key threats to Liverpool creative sector",CONTEXTUAL,,,,,,,BENEFICIAL,REPORTED,DESCRIPTIVE,NOT_APPLICABLE,,,,Liverpool City Region,,,,,,Liverpool City Region creative sector,,,UNKNOWN,COMPLETE,CONTEMPORARY,,,,MEDIUM,,LEAD_CONSULTANT,PENDING,G2-BATCH-D,UKRI briefing; line 36-48; source: SRC-G2-042,CONTEXT,,,,,,,,,,,,,EXTRACTED,NONE,,,,,,1.3-candidate,G2-BATCH-D
C-G2-216,P50,"Strategy recommends developing complementary approach to Manchester rather than competing, taking advantage of more developed investor ecosystem there",NETWORK,,,,,,,BENEFICIAL,REPORTED,DESCRIPTIVE,NOT_APPLICABLE,,,,Liverpool City Region,,,,,,Liverpool City Region creative sector,,,UNKNOWN,COMPLETE,CONTEMPORARY,,,,MEDIUM,,LEAD_CONSULTANT,PENDING,G2-BATCH-D,UKRI briefing; line 43; source: SRC-G2-042,DESIGN,,,,,,PROPOSED,LIVERPOOL_CITY_REGION,,,,,,EXTRACTED,NONE,,,,,,1.3-candidate,G2-BATCH-D
C-G2-217,P50,Models based on collaborative innovation drawing from social enterprise precedent proposed to stimulate horizontal growth of creative ecosystem,KNOWLEDGE,,,,,,,BENEFICIAL,REPORTED,DESCRIPTIVE,NOT_APPLICABLE,,,,Liverpool City Region,,,,,,Liverpool City Region creative sector,,,UNKNOWN,COMPLETE,CONTEMPORARY,,,,MEDIUM,,LEAD_CONSULTANT,PENDING,G2-BATCH-D,UKRI briefing; line 51; conclusion; source: SRC-G2-042,DESIGN,,,,,,PROPOSED,LIVERPOOL_CITY_REGION,,,,,,EXTRACTED,NONE,,,,,,1.3-candidate,G2-BATCH-D
C-G2-218,P51,"ARG was a £1m COVID-era fund distributed across Barnsley, Doncaster, Rotherham and Sheffield",CONTEXTUAL,,,,,,,BENEFICIAL,REPORTED,DESCRIPTIVE,MONETARY,,,,South Yorkshire,,,,,,South Yorkshire creative sector,,,UNKNOWN,COMPLETE,CONTEMPORARY,,,,MEDIUM,,LEAD_CONSULTANT,PENDING,G2-BATCH-D,ARG evaluation final; line 52-67; source: SRC-G2-044,CONTEXT,,,,,,,,,,,,,EXTRACTED,OBSERVED_AMOUNT,,,,,,1.3-candidate,G2-BATCH-D
C-G2-219,P51,Evaluation found no baseline for measuring added economic impact of ARG,PRODUCT,,,,,,,BENEFICIAL,NOT_MEASURED,DESCRIPTIVE,NOT_APPLICABLE,,,,South Yorkshire,,,,,,SYMCA,,,UNKNOWN,COMPLETE,CONTEMPORARY,,,,MEDIUM,,EVALUATOR,PENDING,G2-BATCH-D,ARG evaluation final; line 52-67; source: SRC-G2-044,EFFECT,,,EVALUATION,,,,,,,,,,EXTRACTED,NONE,,,,,,1.3-candidate,G2-BATCH-D
C-G2-220,P51,ARG had no prior business case aligned with SYMCA economic development strategy,CONTEXTUAL,,,,,,,BENEFICIAL,REPORTED,DESCRIPTIVE,NOT_APPLICABLE,,,,South Yorkshire,,,,,,SYMCA,,,UNKNOWN,COMPLETE,CONTEMPORARY,,,,MEDIUM,,LEAD_CONSULTANT,PENDING,G2-BATCH-D,ARG evaluation final; line 55; source: SRC-G2-044,CONTEXT,,,,,,,,,,,,,EXTRACTED,NONE,,,,,,1.3-candidate,G2-BATCH-D
C-G2-221,P51,"In Doncaster, ARG funding was reported to improve trust, joint working, service coordination and understanding of cultural services strategic role",NETWORK,,,,,,,BENEFICIAL,REPORTED,TESTIMONY,NOT_APPLICABLE,,,,Doncaster,,,,,,Doncaster cultural sector and council,,,UNKNOWN,COMPLETE,CONTEMPORARY,,,,MEDIUM,,EVALUATOR,PENDING,G2-BATCH-D,ARG evaluation final; line 264-268; testimony-based; source: SRC-G2-044,EFFECT,,,EVALUATION,,,,,,,Pre-existing relationships; other funding programmes; officer turnover,,,EXTRACTED,NONE,,,,,,1.3-candidate,G2-BATCH-D
C-G2-222,P51,ARG established principle of joint-working across South Yorkshire as a reality and provided new points of credibility for regional and national funding bodies,NETWORK,,,,,,,BENEFICIAL,REPORTED,TESTIMONY,NOT_APPLICABLE,,,,South Yorkshire,,,,,,South Yorkshire cultural sector,,,UNKNOWN,COMPLETE,CONTEMPORARY,,,,MEDIUM,,EVALUATOR,PENDING,G2-BATCH-D,ARG evaluation final; line 271; source: SRC-G2-044,EFFECT,,,EVALUATION,,,,,,,Pre-existing regional partnerships; other funding programmes,,,EXTRACTED,NONE,,,,,,1.3-candidate,G2-BATCH-D
C-G2-223,P51,2023 agreement to aggregate local services into single Music Hub for South Yorkshire funded by ACE and backed by SYMCA cited as legacy of ARG collaboration,NETWORK,,,,,,,BENEFICIAL,REPORTED,TESTIMONY,NOT_APPLICABLE,,,,South Yorkshire,,,,,,South Yorkshire music sector,,,UNKNOWN,COMPLETE,CONTEMPORARY,,,,MEDIUM,,EVALUATOR,PENDING,G2-BATCH-D,ARG evaluation final; line 272; source: SRC-G2-044,EFFECT,,,EVALUATION,,,,,,,ACE national Music Hub programme; SYMCA strategic priorities independent of ARG,,,EXTRACTED,NONE,,,,,,1.3-candidate,G2-BATCH-D
C-G2-224,P51,"In Rotherham, Linger Longer Lane event resulted in all 16 retail units in the Old Town Hall arcade being leased to retailers",PRODUCT,,,,,,,BENEFICIAL,REPORTED,TESTIMONY,NOT_APPLICABLE,,,,Rotherham,,,,,,Rotherham town centre,,,UNKNOWN,COMPLETE,CONTEMPORARY,,,,MEDIUM,,EVALUATOR,PENDING,G2-BATCH-D,ARG evaluation final; line 294; source: SRC-G2-044,EFFECT,,,EVALUATION,,,,,,,Market recovery; other town centre initiatives; landlord pricing,,,EXTRACTED,NONE,,,,,,1.3-candidate,G2-BATCH-D
C-G2-225,P51,Rotherham Children's Capital of Culture traineeship programme led to over 70% of trainees finding cultural or creative jobs within three months,KNOWLEDGE,,,,,,,BENEFICIAL,REPORTED,TESTIMONY,MONETARY,,,,Rotherham,,,,,,Rotherham young people,,,UNKNOWN,COMPLETE,CONTEMPORARY,,,,MEDIUM,,EVALUATOR,PENDING,G2-BATCH-D,ARG evaluation final; line 305; source: SRC-G2-044,EFFECT,,,EVALUATION,,,,,,,Wider economic recovery; programme-specific design independent of ARG,,,EXTRACTED,OBSERVED_AMOUNT,,,,,,1.3-candidate,G2-BATCH-D
C-G2-226,P51,"Evaluation framework designed despite lack of baseline, focusing on qualitative and collaborative outcomes",DIRECT,,,,,,,BENEFICIAL,REPORTED,DESCRIPTIVE,NOT_APPLICABLE,,,,South Yorkshire,,,,,,SYMCA,,,UNKNOWN,COMPLETE,CONTEMPORARY,,,,MEDIUM,,EVALUATOR,PENDING,G2-BATCH-D,ARG evaluation final; line 249-263; source: SRC-G2-044,METHOD_OUTPUT,,,Evaluation framework design,,,,,,,,,,EXTRACTED,NONE,,,,,,1.3-candidate,G2-BATCH-D
C-G2-227,P54,"Fifth Sector proposed to deliver Manchester Place Partnership EOI for fee of £14,980 excluding VAT (27.5 days at £543/day)",CONTEXTUAL,,,,,,,BENEFICIAL,REPORTED,DESCRIPTIVE,MONETARY,,,,Manchester,,,,,,Manchester City Council,,,UNKNOWN,COMPLETE,CONTEMPORARY,,,,MEDIUM,,LEAD_CONSULTANT,PENDING,G2-BATCH-D,Proposal; line 17; source: SRC-G2-049,CONTEXT,,,,,,,,,,,,,EXTRACTED,OBSERVED_AMOUNT,,,,,,1.3-candidate,G2-BATCH-D
C-G2-228,P54,"Theory of Change framework proposed as living document to underpin Place Partnership vision, mission and governance",OPTION,,,,,,,BENEFICIAL,REPORTED,DESCRIPTIVE,NOT_APPLICABLE,,,,Manchester,,,,,,Manchester Cultural Leaders Group,,,UNKNOWN,COMPLETE,CONTEMPORARY,,,,MEDIUM,,LEAD_CONSULTANT,PENDING,G2-BATCH-D,Proposal; line 150-160; source: SRC-G2-049,DESIGN,,,,,,PROPOSED,MANCHESTER_CC,,,,,,EXTRACTED,NONE,,,,,,1.3-candidate,G2-BATCH-D
C-G2-229,P54,World Cafe methodology proposed for stakeholder engagement and consensus-building around Place Partnership proposals,NETWORK,,,,,,,BENEFICIAL,REPORTED,DESCRIPTIVE,NOT_APPLICABLE,,,,Manchester,,,,,,Manchester stakeholders,,,UNKNOWN,COMPLETE,CONTEMPORARY,,,,MEDIUM,,LEAD_CONSULTANT,PENDING,G2-BATCH-D,Proposal; line 178-183; source: SRC-G2-049,DESIGN,,,,,,PROPOSED,MANCHESTER_CC,,,,,,EXTRACTED,NONE,,,,,,1.3-candidate,G2-BATCH-D
C-G2-230,P54,"Gap analysis of existing evidence including arts, culture, heritage assets, events sector and night-time economy proposed",DIRECT,,,,,,,BENEFICIAL,REPORTED,DESCRIPTIVE,NOT_APPLICABLE,,,,Manchester,,,,,,Manchester City Council,,,UNKNOWN,COMPLETE,CONTEMPORARY,,,,MEDIUM,,LEAD_CONSULTANT,PENDING,G2-BATCH-D,Proposal; line 161-176; source: SRC-G2-049,DESIGN,,,,,,PROPOSED,MANCHESTER_CC,,,,,,EXTRACTED,NONE,,,,,,1.3-candidate,G2-BATCH-D
C-G2-231,P54,Governance structure proposed with porosity to ensure cultural institutions serve wider Greater Manchester population,NETWORK,,,,,,,BENEFICIAL,REPORTED,DESCRIPTIVE,NOT_APPLICABLE,,,,Greater Manchester,,,,,,Greater Manchester cultural sector,,,UNKNOWN,COMPLETE,CONTEMPORARY,,,,MEDIUM,,LEAD_CONSULTANT,PENDING,G2-BATCH-D,Proposal; line 100; source: SRC-G2-049,DESIGN,,,,,,PROPOSED,MANCHESTER_CC,,,,,,EXTRACTED,NONE,,,,,,1.3-candidate,G2-BATCH-D
C-G2-232,P54,Social prescribing specialist Dr Rachel Marsden included in team to work with health partners and identify communities for specific focus,KNOWLEDGE,,,,,,,BENEFICIAL,REPORTED,DESCRIPTIVE,NOT_APPLICABLE,,,,Manchester,,,,,,Manchester communities,,,UNKNOWN,COMPLETE,CONTEMPORARY,,,,MEDIUM,,LEAD_CONSULTANT,PENDING,G2-BATCH-D,Proposal; line 122; source: SRC-G2-049,METHOD_OUTPUT,,,Team design with health and social prescribing expertise,,,,,,,,,,EXTRACTED,NONE,,,,,,1.3-candidate,G2-BATCH-D
C-G2-233,P58,20 case studies of digital applications in marine environment produced with The Audience Agency and University of Plymouth post-graduate researchers,DIRECT,,,,,,,BENEFICIAL,REPORTED,DESCRIPTIVE,MONETARY,,,,Plymouth,,,,,,Plymouth NMP,,,UNKNOWN,COMPLETE,CONTEMPORARY,,,,MEDIUM,,LEAD_CONSULTANT,PENDING,G2-BATCH-D,NMP Horizons case studies codex; line 3; source: SRC-G2-054,METHOD_OUTPUT,,,Case study research direction and synthesis,,,,,,,,,,EXTRACTED,OBSERVED_AMOUNT,,,,,,1.3-candidate,G2-BATCH-D
C-G2-234,P58,"Case studies addressed conservation, marine cultural heritage, co-creation of audience experiences, heritage skills, digital engagement, and gaming/virtual experiences",KNOWLEDGE,,,,,,,BENEFICIAL,REPORTED,DESCRIPTIVE,NOT_APPLICABLE,,,,Plymouth,,,,,,Plymouth NMP,,,UNKNOWN,COMPLETE,CONTEMPORARY,,,,MEDIUM,,LEAD_CONSULTANT,PENDING,G2-BATCH-D,Codex; line 4-11; source: SRC-G2-054,METHOD_OUTPUT,,,Thematic framework design,,,,,,,,,,EXTRACTED,NONE,,,,,,1.3-candidate,G2-BATCH-D
C-G2-235,P58,"Behavioural change was a shared outcome of many successful projects, not always in the way originally set out in the research",KNOWLEDGE,,,,,,,BENEFICIAL,REPORTED,DESCRIPTIVE,NOT_APPLICABLE,,,,Various,,,,,,Marine heritage projects,,,UNKNOWN,COMPLETE,CONTEMPORARY,,,,MEDIUM,,LEAD_CONSULTANT,PENDING,G2-BATCH-D,Codex; line 14; source: SRC-G2-054,EFFECT,,,Cross-case synthesis,,,,,,,,,,EXTRACTED,NONE,,,,,,1.3-candidate,G2-BATCH-D
C-G2-236,P58,"R&D, prototyping and learning identified as critical to engagement, whereas overly finished digital products can alienate audiences",KNOWLEDGE,,,,,,,BENEFICIAL,REPORTED,DESCRIPTIVE,NOT_APPLICABLE,,,,Various,,,,,,Marine heritage projects,,,UNKNOWN,COMPLETE,CONTEMPORARY,,,,MEDIUM,,LEAD_CONSULTANT,PENDING,G2-BATCH-D,Codex; line 16; source: SRC-G2-054,EFFECT,,,Cross-case analysis,,,,,,,,,,EXTRACTED,NONE,,,,,,1.3-candidate,G2-BATCH-D
C-G2-237,P58,"Six key benefits identified: co-creation with communities, R&D as core, sustainability planning, diversity and inclusion linked to sustainability, digital as complement not solution, governance as important as outputs",KNOWLEDGE,,,,,,,BENEFICIAL,REPORTED,DESCRIPTIVE,NOT_APPLICABLE,,,,Various,,,,,,Marine heritage sector,,,UNKNOWN,COMPLETE,CONTEMPORARY,,,,MEDIUM,,LEAD_CONSULTANT,PENDING,G2-BATCH-D,Codex; line 18-63; source: SRC-G2-054,METHOD_OUTPUT,,,Benefit framework synthesis,,,,,,,,,,EXTRACTED,NONE,,,,,,1.3-candidate,G2-BATCH-D
C-G2-238,P58,"Disconnect between owners of public marine spaces and users identified as causing immense cost in lost economic, social and natural value",NETWORK,,,,,,,BENEFICIAL,REPORTED,DESCRIPTIVE,NOT_APPLICABLE,,,,Various,,,,,,Marine heritage sector,,,UNKNOWN,COMPLETE,CONTEMPORARY,,,,MEDIUM,,LEAD_CONSULTANT,PENDING,G2-BATCH-D,Codex; line 15; source: SRC-G2-054,EFFECT,,,Governance analysis,,,,,,,,,,EXTRACTED,NONE,,,,,,1.3-candidate,G2-BATCH-D
C-G2-239,P61,"Leicester CCI strategy developed through sector mapping, stakeholder consultation and evidence-based analysis",DIRECT,,,,,,,BENEFICIAL,REPORTED,DESCRIPTIVE,NOT_APPLICABLE,,,,Leicester,,,,,,Leicester City Council,,,UNKNOWN,COMPLETE,CONTEMPORARY,,,,MEDIUM,,LEAD_CONSULTANT,PENDING,G2-BATCH-D,Leicester CCI Strategy Final Report; source: SRC-G2-057,METHOD_OUTPUT,,,Strategy development and stakeholder convening,,,,,,,,,,EXTRACTED,NONE,,,,,,1.3-candidate,G2-BATCH-D
C-G2-240,P61,Creative cluster and governance options recommended for Leicester CCI development,OPTION,,,,,,,BENEFICIAL,REPORTED,DESCRIPTIVE,NOT_APPLICABLE,,,,Leicester,,,,,,Leicester cultural sector,,,UNKNOWN,COMPLETE,CONTEMPORARY,,,,MEDIUM,,LEAD_CONSULTANT,PENDING,G2-BATCH-D,Strategy final; source: SRC-G2-057,DESIGN,,,,,,PROPOSED,LEICESTER_CC,,,,,,EXTRACTED,NONE,,,,,,1.3-candidate,G2-BATCH-D
C-G2-241,P61,Strategic recommendations developed for CCI investment and sector development in Leicester,DIRECT,,,,,,,BENEFICIAL,REPORTED,DESCRIPTIVE,NOT_APPLICABLE,,,,Leicester,,,,,,Leicester CCI sector,,,UNKNOWN,COMPLETE,CONTEMPORARY,,,,MEDIUM,,LEAD_CONSULTANT,PENDING,G2-BATCH-D,Strategy final; source: SRC-G2-057,DESIGN,,,,,,PROPOSED,LEICESTER_CC,,,,,,EXTRACTED,NONE,,,,,,1.3-candidate,G2-BATCH-D
C-G2-242,P61,Web-published version of Leicester CCI strategy made publicly available,CONTEXTUAL,,,,,,,BENEFICIAL,REPORTED,DESCRIPTIVE,NOT_APPLICABLE,,,,Leicester,,,,,,Leicester CCI sector,,,UNKNOWN,COMPLETE,CONTEMPORARY,,,,MEDIUM,,LEAD_CONSULTANT,PENDING,G2-BATCH-D,Web published version; source: SRC-G2-058,CONTEXT,,,,,,,,,,,,,EXTRACTED,NONE,,,,,,1.3-candidate,G2-BATCH-D
C-G2-243,P63,"IDEAR methodology proposed for Heritage CPD scoping: Inception, Discovery, Engagement, Analysis, Realisation",DIRECT,,,,,,,BENEFICIAL,REPORTED,DESCRIPTIVE,NOT_APPLICABLE,,,,Liverpool,,,,,,University of Liverpool,,,UNKNOWN,COMPLETE,CONTEMPORARY,,,,MEDIUM,,LEAD_CONSULTANT,PENDING,G2-BATCH-D,Proposal 23/03; line 31-48; source: SRC-G2-061,DESIGN,,,,,,PROPOSED,UNIVERSITY_OF_LIVERPOOL,,,,,,EXTRACTED,NONE,,,,,,1.3-candidate,G2-BATCH-D
C-G2-244,P63,Module-based Heritage CPD offer proposed for University of Liverpool with market mapping and competitor benchmarking,OPTION,,,,,,,BENEFICIAL,REPORTED,DESCRIPTIVE,NOT_APPLICABLE,,,,Liverpool,,,,,,University of Liverpool,,,UNKNOWN,COMPLETE,CONTEMPORARY,,,,MEDIUM,,LEAD_CONSULTANT,PENDING,G2-BATCH-D,Proposal; line 33-45; source: SRC-G2-061,DESIGN,,,,,,PROPOSED,UNIVERSITY_OF_LIVERPOOL,,,,,,EXTRACTED,NONE,,,,,,1.3-candidate,G2-BATCH-D
C-G2-245,P63,"Proposal budget of £19,755 including VAT for 27.25 days of Director/Associate time plus £245 travel and expenses",CONTEXTUAL,,,,,,,BENEFICIAL,REPORTED,DESCRIPTIVE,MONETARY,,,,Liverpool,,,,,,University of Liverpool,,,UNKNOWN,COMPLETE,CONTEMPORARY,,,,MEDIUM,,LEAD_CONSULTANT,PENDING,G2-BATCH-D,Proposal; line 58; source: SRC-G2-061,CONTEXT,,,,,,,,,,,,,EXTRACTED,OBSERVED_AMOUNT,,,,,,1.3-candidate,G2-BATCH-D
C-G2-246,P63,Research summary presentation prepared for Heritage CPD scoping exercise,DIRECT,,,,,,,BENEFICIAL,REPORTED,DESCRIPTIVE,NOT_APPLICABLE,,,,Liverpool,,,,,,University of Liverpool,,,UNKNOWN,COMPLETE,CONTEMPORARY,,,,MEDIUM,,LEAD_CONSULTANT,PENDING,G2-BATCH-D,Source: SRC-G2-062,METHOD_OUTPUT,,,Research summary presentation,,,,,,,,,,EXTRACTED,NONE,,,,,,1.3-candidate,G2-BATCH-D
C-G2-247,P64,Impact framework designed for Wakefield Year of Culture 2024 with logic model linking themes to outputs and outcomes,DIRECT,,,,,,,BENEFICIAL,REPORTED,DESCRIPTIVE,NOT_APPLICABLE,,,,Wakefield,,,,,,Wakefield Council,,,UNKNOWN,COMPLETE,CONTEMPORARY,,,,MEDIUM,,LEAD_CONSULTANT,PENDING,G2-BATCH-D,YoC24 Impact Framework; line 27-49; source: SRC-G2-063,METHOD_OUTPUT,,,Impact framework design,,,,,,,,,,EXTRACTED,NONE,,,,,,1.3-candidate,G2-BATCH-D
C-G2-248,P64,"Logic model structured around three themes: Celebrating diverse communities, Where In The World, Creating Tomorrow's World Today",DIRECT,,,,,,,BENEFICIAL,REPORTED,DESCRIPTIVE,NOT_APPLICABLE,,,,Wakefield,,,,,,Wakefield Council,,,UNKNOWN,COMPLETE,CONTEMPORARY,,,,MEDIUM,,LEAD_CONSULTANT,PENDING,G2-BATCH-D,Impact Framework; line 30-33; source: SRC-G2-063,METHOD_OUTPUT,,,Logic model design,,,,,,,,,,EXTRACTED,NONE,,,,,,1.3-candidate,G2-BATCH-D
C-G2-249,P64,"Framework designed to be extensible, allowing addition or removal of programme elements and outcome themes",DIRECT,,,,,,,BENEFICIAL,REPORTED,DESCRIPTIVE,NOT_APPLICABLE,,,,Wakefield,,,,,,Wakefield Council,,,UNKNOWN,COMPLETE,CONTEMPORARY,,,,MEDIUM,,LEAD_CONSULTANT,PENDING,G2-BATCH-D,Impact Framework; line 54-57; source: SRC-G2-063,DESIGN,,,Framework architecture design,,,,,,,,,,EXTRACTED,NONE,,,,,,1.3-candidate,G2-BATCH-D
C-G2-250,P64,"Baseline for measurement derived from cultural surveys 2019 and 2021, Creative Wakefield business case evidence, and CDF evaluation",CONTEXTUAL,,,,,,,BENEFICIAL,REPORTED,DESCRIPTIVE,NOT_APPLICABLE,,,,Wakefield,,,,,,Wakefield cultural sector,,,UNKNOWN,COMPLETE,CONTEMPORARY,,,,MEDIUM,,LEAD_CONSULTANT,PENDING,G2-BATCH-D,Impact Framework; line 21-24; source: SRC-G2-063,CONTEXT,,,,,,,,,,,,,EXTRACTED,NONE,,,,,,1.3-candidate,G2-BATCH-D
C-G2-251,P64,"Corporate Implications Schedule developed linking YoC24 to council priorities, finance, legal, climate, property, equality and other requirements",DIRECT,,,,,,,BENEFICIAL,REPORTED,DESCRIPTIVE,NOT_APPLICABLE,,,,Wakefield,,,,,,Wakefield Council,,,UNKNOWN,COMPLETE,CONTEMPORARY,,,,MEDIUM,,LEAD_CONSULTANT,PENDING,G2-BATCH-D,Impact Framework; line 71-210; source: SRC-G2-063,METHOD_OUTPUT,,,Corporate implications framework,,,,,,,,,,EXTRACTED,NONE,,,,,,1.3-candidate,G2-BATCH-D
C-G2-252,P64,"Logic chain developed mapping activities to outputs, outcomes and benefits realisation",DIRECT,,,,,,,BENEFICIAL,REPORTED,DESCRIPTIVE,NOT_APPLICABLE,,,,Wakefield,,,,,,Wakefield Council,,,UNKNOWN,COMPLETE,CONTEMPORARY,,,,MEDIUM,,LEAD_CONSULTANT,PENDING,G2-BATCH-D,Source: SRC-G2-064,METHOD_OUTPUT,,,Logic chain development,,,,,,,,,,EXTRACTED,NONE,,,,,,1.3-candidate,G2-BATCH-D
C-G2-253,P68,WYCA creative business support proposal developed for YCMIH network and freelance framework,CONTEXTUAL,,,,,,,BENEFICIAL,REPORTED,DESCRIPTIVE,NOT_APPLICABLE,,,,West Yorkshire,,,,,,West Yorkshire Combined Authority,,,UNKNOWN,COMPLETE,CONTEMPORARY,,,,MEDIUM,,LEAD_CONSULTANT,PENDING,G2-BATCH-D,Project record; source: SRC-G2-065; extraction file zero-length - extraction coverage issue,CONTEXT,,,,,,,,,,,,,EXTRACTED,NONE,,,,,,1.3-candidate,G2-BATCH-D
C-G2-254,P68,"Phase 1 delivered with CCI project management, engagement and freelance framework; Phase 2 in progress",CONTEXTUAL,,,,,,,BENEFICIAL,REPORTED,DESCRIPTIVE,NOT_APPLICABLE,,,,West Yorkshire,,,,,,WYCA; West Yorkshire creative sector,,,UNKNOWN,COMPLETE,CONTEMPORARY,,,,MEDIUM,,LEAD_CONSULTANT,PENDING,G2-BATCH-D,Project record; ACTIVE status; source: SRC-G2-066,CONTEXT,,,,,,,,,,,,,EXTRACTED,NONE,,,,,,1.3-candidate,G2-BATCH-D
C-G2-255,P68,WYCreate monitoring and reporting framework established for creative business support programme,DIRECT,,,,,,,BENEFICIAL,REPORTED,DESCRIPTIVE,NOT_APPLICABLE,,,,West Yorkshire,,,,,,WYCA,,,UNKNOWN,COMPLETE,CONTEMPORARY,,,,MEDIUM,,LEAD_CONSULTANT,PENDING,G2-BATCH-D,Source: SRC-G2-066; extraction file zero-length - limited detail available,METHOD_OUTPUT,,,Monitoring and reporting framework,,,,,,,,,,EXTRACTED,NONE,,,,,,1.3-candidate,G2-BATCH-D
C-G2-256,P70,"Five areas of creative skills need identified: creative/technical skills, professional development/mentorship, network building/collaboration, funding/financial skills, leadership/mindset",DIRECT,,,,,,,BENEFICIAL,REPORTED,DESCRIPTIVE,NOT_APPLICABLE,,,,Wakefield,,,,,,Wakefield Council,,,UNKNOWN,COMPLETE,CONTEMPORARY,,,,MEDIUM,,LEAD_CONSULTANT,PENDING,G2-BATCH-D,Interim report; line 1-17; source: SRC-G2-069,METHOD_OUTPUT,,,Needs assessment framework design,,,,,,,,,,EXTRACTED,NONE,,,,,,1.3-candidate,G2-BATCH-D
C-G2-257,P70,Employer consultation contacted 21 employers with only 2 responses plus 1 additional interview via LinkedIn,CONTEXTUAL,,,,,,,BENEFICIAL,REPORTED,DESCRIPTIVE,MONETARY,,,,Wakefield,,,,,,Wakefield creative employers,,,UNKNOWN,COMPLETE,CONTEMPORARY,,,,MEDIUM,,LEAD_CONSULTANT,PENDING,G2-BATCH-D,Interim report; line 141-157; limited response base; source: SRC-G2-069,CONTEXT,,,,,,,,,,,,,EXTRACTED,OBSERVED_AMOUNT,,,,,,1.3-candidate,G2-BATCH-D
C-G2-258,P70,"WYCreate delivered 9 events attended by 83 people, with 17 identified as from Wakefield",CONTEXTUAL,,,,,,,BENEFICIAL,REPORTED,DESCRIPTIVE,MONETARY,,,,Wakefield,,,,,,Wakefield creative sector,,,UNKNOWN,COMPLETE,CONTEMPORARY,,,,MEDIUM,,LEAD_CONSULTANT,PENDING,G2-BATCH-D,Interim report; line 161-180; source: SRC-G2-069,CONTEXT,,,,,,,,,,,,,EXTRACTED,OBSERVED_AMOUNT,,,,,,1.3-candidate,G2-BATCH-D
C-G2-259,P70,Production Park and CoSTAR create potential learning and skills connections for Wakefield,CONTEXTUAL,,,,,,,BENEFICIAL,REPORTED,DESCRIPTIVE,NOT_APPLICABLE,,,,Wakefield,,,,,,Wakefield creative sector,,,UNKNOWN,COMPLETE,CONTEMPORARY,,,,MEDIUM,,LEAD_CONSULTANT,PENDING,G2-BATCH-D,Interim report; source: SRC-G2-069,CONTEXT,,,,,,,,,,,,,EXTRACTED,NONE,,,,,,1.3-candidate,G2-BATCH-D
C-G2-260,P70,"Employer-led bootcamps, organisational capability programmes and university-industry partnerships proposed as next steps",OPTION,,,,,,,BENEFICIAL,REPORTED,DESCRIPTIVE,NOT_APPLICABLE,,,,Wakefield,,,,,,Wakefield creative sector,,,UNKNOWN,COMPLETE,CONTEMPORARY,,,,MEDIUM,,LEAD_CONSULTANT,PENDING,G2-BATCH-D,Interim report; proposed interventions; source: SRC-G2-069,DESIGN,,,,,,PROPOSED,WAKEFIELD_COUNCIL,,,,,,EXTRACTED,NONE,,,,,,1.3-candidate,G2-BATCH-D
C-G2-261,P70,Phase 2 evaluation of WYCreate still pending at time of interim report,OPTION,,,,,,,BENEFICIAL,UNKNOWN,DESCRIPTIVE,NOT_APPLICABLE,,,,Wakefield,,,,,,Wakefield creative sector,,,UNKNOWN,COMPLETE,CONTEMPORARY,,,,MEDIUM,,LEAD_CONSULTANT,PENDING,G2-BATCH-D,Interim report; Phase 2 pending; source: SRC-G2-069,DESIGN,,,,,,UNKNOWN,WAKEFIELD_COUNCIL,,,,,,EXTRACTED,NONE,,,,,,1.3-candidate,G2-BATCH-D
C-G2-262,P70,Skills needs assessment framework and timetable developed for Wakefield creative sector,DIRECT,,,,,,,BENEFICIAL,REPORTED,DESCRIPTIVE,NOT_APPLICABLE,,,,Wakefield,,,,,,Wakefield Council,,,UNKNOWN,COMPLETE,CONTEMPORARY,,,,MEDIUM,,LEAD_CONSULTANT,PENDING,G2-BATCH-D,Source: SRC-G2-070,METHOD_OUTPUT,,,Assessment framework design,,,,,,,,,,EXTRACTED,NONE,,,,,,1.3-candidate,G2-BATCH-D
C-G2-263,P73,Report proposes moving from linear higher-education value chain to a platform ecosystem model,NETWORK,,,,,,,BENEFICIAL,REPORTED,DESCRIPTIVE,NOT_APPLICABLE,,,,London,,,,,,City St George's School,,,UNKNOWN,COMPLETE,CONTEMPORARY,,,,MEDIUM,,LEAD_CONSULTANT,PENDING,G2-BATCH-D,Value chain analysis; source: SRC-G2-073,DESIGN,,,,,,PROPOSED,CITY_ST_GEORGES,,,,,,EXTRACTED,NONE,,,,,,1.3-candidate,G2-BATCH-D
C-G2-264,P73,"Platform ecosystem proposed to connect creative practitioners, health providers, cultural institutions, communities and the School",NETWORK,CONNECT,,,,,,BENEFICIAL,REPORTED,DESCRIPTIVE,NOT_APPLICABLE,,,,London,,,,,,City St George's ecosystem,,,UNKNOWN,COMPLETE,CONTEMPORARY,,,,MEDIUM,,LEAD_CONSULTANT,PENDING,G2-BATCH-D,Value chain analysis; source: SRC-G2-073,DESIGN,,,,,,PROPOSED,CITY_ST_GEORGES,,,,,,EXTRACTED,NONE,,,,,,1.3-candidate,G2-BATCH-D
C-G2-265,P73,Digital-physical hub recommended as part of platform ecosystem model,PRODUCT,,,,,,,BENEFICIAL,REPORTED,DESCRIPTIVE,NOT_APPLICABLE,,,,London,,,,,,City St George's School,,,UNKNOWN,COMPLETE,CONTEMPORARY,,,,MEDIUM,,LEAD_CONSULTANT,PENDING,G2-BATCH-D,Value chain analysis; source: SRC-G2-073,DESIGN,,,,,,PROPOSED,CITY_ST_GEORGES,,,,,,EXTRACTED,NONE,,,,,,1.3-candidate,G2-BATCH-D
C-G2-266,P73,Unbundled certification recommended to enable flexible learning pathways,KNOWLEDGE,,,,,,,BENEFICIAL,REPORTED,DESCRIPTIVE,NOT_APPLICABLE,,,,London,,,,,,City St George's students,,,UNKNOWN,COMPLETE,CONTEMPORARY,,,,MEDIUM,,LEAD_CONSULTANT,PENDING,G2-BATCH-D,Value chain analysis; source: SRC-G2-073,DESIGN,,,,,,PROPOSED,CITY_ST_GEORGES,,,,,,EXTRACTED,NONE,,,,,,1.3-candidate,G2-BATCH-D
C-G2-267,P73,Creative health co-creation proposed connecting creative practitioners with health providers,KNOWLEDGE,CONNECT,,,,,,BENEFICIAL,REPORTED,DESCRIPTIVE,NOT_APPLICABLE,,,,London,,,,,,Creative health sector,,,UNKNOWN,COMPLETE,CONTEMPORARY,,,,MEDIUM,,LEAD_CONSULTANT,PENDING,G2-BATCH-D,Value chain analysis; source: SRC-G2-073,DESIGN,,,,,,PROPOSED,CITY_ST_GEORGES,,,,,,EXTRACTED,NONE,,,,,,1.3-candidate,G2-BATCH-D
C-G2-268,P73,Social impact proposed as a core output of the platform ecosystem rather than peripheral metric,DIRECT,,,,,,,BENEFICIAL,REPORTED,DESCRIPTIVE,NOT_APPLICABLE,,,,London,,,,,,City St George's ecosystem,,,UNKNOWN,COMPLETE,CONTEMPORARY,,,,MEDIUM,,LEAD_CONSULTANT,PENDING,G2-BATCH-D,Value chain analysis; source: SRC-G2-073,DESIGN,,,,,,PROPOSED,CITY_ST_GEORGES,,,,,,EXTRACTED,NONE,,,,,,1.3-candidate,G2-BATCH-D
C-G2-269,P73,"Revenue and investment figures in the report are projections and assumptions, not observed results",CONTEXTUAL,,,,,,,BENEFICIAL,REPORTED,DESCRIPTIVE,MONETARY,,,,London,,,,,,City St George's School,,,UNKNOWN,COMPLETE,CONTEMPORARY,,,,MEDIUM,,LEAD_CONSULTANT,PENDING,G2-BATCH-D,Value chain analysis; revenue figures are projections; source: SRC-G2-073,CONTEXT,,,,,,,,,,,,,EXTRACTED,SCENARIO_ESTIMATE,,,,,,1.3-candidate,G2-BATCH-D
C-G2-270,P75,Lancaster Nature-Culture Tech Creative Cluster summary report v2 prepared for AHRC CIC programme,CONTEXTUAL,,,,,,,BENEFICIAL,REPORTED,DESCRIPTIVE,NOT_APPLICABLE,,,,Lancaster,,,,,,Lancaster University,,,UNKNOWN,COMPLETE,CONTEMPORARY,,,,MEDIUM,,LEAD_CONSULTANT,PENDING,G2-BATCH-D,"Source: SRC-G2-074; extraction quality issue - file contains email headers and base64 image data, not report content",CONTEXT,,,,,,,,,,,,,EXTRACTED,NONE,,,,,,1.3-candidate,G2-BATCH-D
C-G2-271,P75,MusicFutures Roundtable 2025 on Placemaking Through Music Ecosystems organised at Liverpool City Region,CONTEXTUAL,,,,,,,BENEFICIAL,REPORTED,DESCRIPTIVE,NOT_APPLICABLE,,,,Liverpool City Region,,,,,,MusicFutures network,,,UNKNOWN,COMPLETE,CONTEMPORARY,,,,MEDIUM,,LEAD_CONSULTANT,PENDING,G2-BATCH-D,Email subject; line 67; source: SRC-G2-074; extraction limited to email metadata,CONTEXT,,,,,,,,,,,,,EXTRACTED,NONE,,,,,,1.3-candidate,G2-BATCH-D
C-G2-272,P76,Resilient Cave Worlds project establishes Palaeolithic cave art sites as living laboratories for virtual cultural evolution,KNOWLEDGE,,,,,,,BENEFICIAL,REPORTED,DESCRIPTIVE,NOT_APPLICABLE,,,,Europe,,,,,,European heritage sector,,,UNKNOWN,COMPLETE,CONTEMPORARY,,,,MEDIUM,,LEAD_CONSULTANT,PENDING,G2-BATCH-D,Horizon bid final draft; line 7; source: SRC-G2-075 QA FIX 26/09/12: option_state PROPOSED→EXPIRED; P76 Horizon bid submitted but unsuccessful due to project management (methodology scored highly); Iain confirmed,DESIGN,,,,,,EXPIRED,HORIZON_EUROPE,,,,,,EXTRACTED,NONE,,,,,,1.3-candidate,G2-BATCH-D
C-G2-273,P76,"Three interconnected living laboratories proposed: technical infrastructure (Lab 1), archaeological innovation (Lab 2), cultural activation (Lab 3)",DIRECT,,,,,,,BENEFICIAL,REPORTED,DESCRIPTIVE,NOT_APPLICABLE,,,,Europe,,,,,,European heritage and creative sector,,,UNKNOWN,COMPLETE,CONTEMPORARY,,,,MEDIUM,,LEAD_CONSULTANT,PENDING,G2-BATCH-D,Horizon bid; line 21-29; source: SRC-G2-075 QA FIX 26/09/12: option_state PROPOSED→EXPIRED; P76 Horizon bid submitted but unsuccessful due to project management (methodology scored highly); Iain confirmed,DESIGN,,,,,,EXPIRED,HORIZON_EUROPE,,,,,,EXTRACTED,NONE,,,,,,1.3-candidate,G2-BATCH-D
C-G2-274,P76,VR4More platform proposed as technical backbone enabling multi-user virtual heritage experiences across devices from VR headsets to smartphones,PRODUCT,,,,,,,BENEFICIAL,REPORTED,DESCRIPTIVE,NOT_APPLICABLE,,,,Europe,,,,,,Heritage institutions and public users,,,UNKNOWN,COMPLETE,CONTEMPORARY,,,,MEDIUM,,LEAD_CONSULTANT,PENDING,G2-BATCH-D,Horizon bid; line 25; source: SRC-G2-075 QA FIX 26/09/12: option_state PROPOSED→EXPIRED; P76 Horizon bid submitted but unsuccessful due to project management (methodology scored highly); Iain confirmed,DESIGN,,,,,,EXPIRED,HORIZON_EUROPE,,,,,,EXTRACTED,NONE,,,,,,1.3-candidate,G2-BATCH-D
C-G2-275,P76,"Embodied archaeological exploration methodology proposed enabling archaeologists to test hypotheses about spatial usage, lighting and social organisation in virtual cave environments",KNOWLEDGE,,,,,,,BENEFICIAL,REPORTED,DESCRIPTIVE,NOT_APPLICABLE,,,,Europe,,,,,,Archaeological research community,,,UNKNOWN,COMPLETE,CONTEMPORARY,,,,MEDIUM,,LEAD_CONSULTANT,PENDING,G2-BATCH-D,Horizon bid; line 32; source: SRC-G2-075 QA FIX 26/09/12: option_state PROPOSED→EXPIRED; P76 Horizon bid submitted but unsuccessful due to project management (methodology scored highly); Iain confirmed,DESIGN,,,,,,EXPIRED,HORIZON_EUROPE,,,,,,EXTRACTED,NONE,,,,,,1.3-candidate,G2-BATCH-D
C-G2-276,P76,Cultural activation through creative commissions proposed with contemporary artists creating new works in virtual cave environments,KNOWLEDGE,CONNECT,,,,,,BENEFICIAL,REPORTED,DESCRIPTIVE,NOT_APPLICABLE,,,,Europe,,,,,,Contemporary artists and heritage sector,,,UNKNOWN,COMPLETE,CONTEMPORARY,,,,MEDIUM,,LEAD_CONSULTANT,PENDING,G2-BATCH-D,Horizon bid; line 41; source: SRC-G2-075 QA FIX 26/09/12: option_state PROPOSED→EXPIRED; P76 Horizon bid submitted but unsuccessful due to project management (methodology scored highly); Iain confirmed,DESIGN,,,,,,EXPIRED,HORIZON_EUROPE,,,,,,EXTRACTED,NONE,,,,,,1.3-candidate,G2-BATCH-D
C-G2-277,P76,Sony Digital Imaging partnership proposed for commercial applications testing at Pinewood facility with Verona LED wall technology,PRODUCT,,,,,,,BENEFICIAL,REPORTED,DESCRIPTIVE,NOT_APPLICABLE,,,,Europe,,,,,,Creative industry partners,,,UNKNOWN,COMPLETE,CONTEMPORARY,,,,MEDIUM,,LEAD_CONSULTANT,PENDING,G2-BATCH-D,Horizon bid; line 44; source: SRC-G2-075 QA FIX 26/09/12: option_state PROPOSED→EXPIRED; P76 Horizon bid submitted but unsuccessful due to project management (methodology scored highly); Iain confirmed,DESIGN,,,,,,EXPIRED,HORIZON_EUROPE,,,,,,EXTRACTED,NONE,,,,,,1.3-candidate,G2-BATCH-D
C-G2-278,P76,Virtual-Ready playbook proposed as modular resource for cultural institutions to adopt virtual heritage experiences,KNOWLEDGE,,,,,,,BENEFICIAL,REPORTED,DESCRIPTIVE,NOT_APPLICABLE,,,,Europe,,,,,,European cultural institutions,,,UNKNOWN,COMPLETE,CONTEMPORARY,,,,MEDIUM,,LEAD_CONSULTANT,PENDING,G2-BATCH-D,Horizon bid; line 48; source: SRC-G2-075 QA FIX 26/09/12: option_state PROPOSED→EXPIRED; P76 Horizon bid submitted but unsuccessful due to project management (methodology scored highly); Iain confirmed,DESIGN,,,,,,EXPIRED,HORIZON_EUROPE,,,,,,EXTRACTED,NONE,,,,,,1.3-candidate,G2-BATCH-D
C-G2-279,P76,Virtual Agora proposal developed as complementary Horizon Europe bid component,OPTION,,,,,,,BENEFICIAL,REPORTED,DESCRIPTIVE,NOT_APPLICABLE,,,,Europe,,,,,,European heritage sector,,,UNKNOWN,COMPLETE,CONTEMPORARY,,,,MEDIUM,,LEAD_CONSULTANT,PENDING,G2-BATCH-D,Source: SRC-G2-076 QA FIX 26/09/12: option_state PROPOSED→EXPIRED; P76 Horizon bid submitted but unsuccessful due to project management (methodology scored highly); Iain confirmed,DESIGN,,,,,,EXPIRED,HORIZON_EUROPE,,,,,,EXTRACTED,NONE,,,,,,1.3-candidate,G2-BATCH-D
C-G2-280,P78,"2016 Beatles Heritage report estimated net impact of Beatles legacy at £81.9m turnover and 2,335 jobs (2014 data)",CONTEXTUAL,,,,,,,BENEFICIAL,REPORTED,DESCRIPTIVE,MONETARY,,,,Liverpool,,,,,,Liverpool tourism and music sector,,,UNKNOWN,COMPLETE,CONTEMPORARY,,,,MEDIUM,,LEAD_CONSULTANT,PENDING,G2-BATCH-D,"Beatles impact study proposal; line 5; original report by UoL, JMU and ICC; source: SRC-G2-077",CONTEXT,,,,,,,,,,,,,EXTRACTED,DESCRIPTIVE_ESTIMATE,,,,,,1.3-candidate,G2-BATCH-D
C-G2-281,P78,"Original 2016 report is now over a decade old and landscape has changed with new attractions including Mathew Street Beatles Museum, Strawberry Fields, British Music Experience",CONTEXTUAL,,,,,,,BENEFICIAL,REPORTED,DESCRIPTIVE,NOT_APPLICABLE,,,,Liverpool,,,,,,Liverpool tourism sector,,,UNKNOWN,COMPLETE,CONTEMPORARY,,,,MEDIUM,,LEAD_CONSULTANT,PENDING,G2-BATCH-D,Proposal; line 8; source: SRC-G2-077,CONTEXT,,,,,,,,,,,,,EXTRACTED,NONE,,,,,,1.3-candidate,G2-BATCH-D
C-G2-282,P78,"Upcoming Beatles 60th anniversary, NML Cavern exhibition, BBC Hamburg production, Sam Mendes films (2028) and potential Apple attraction expected to surge Beatles tourism",CONTEXTUAL,,,,,,,BENEFICIAL,REPORTED,DESCRIPTIVE,NOT_APPLICABLE,,,,Liverpool,,,,,,Liverpool tourism sector,,,UNKNOWN,COMPLETE,CONTEMPORARY,,,,MEDIUM,,LEAD_CONSULTANT,PENDING,G2-BATCH-D,Proposal; line 10; source: SRC-G2-077,CONTEXT,,,,,,,,,,,,,EXTRACTED,NONE,,,,,,1.3-candidate,G2-BATCH-D
C-G2-283,P78,Beatles Legacy Group requested approximately £10k to commission updated economic impact study,CONTEXTUAL,,,,,,,BENEFICIAL,REPORTED,DESCRIPTIVE,MONETARY,,,,Liverpool,,,,,,Beatles Legacy Group,,,UNKNOWN,COMPLETE,CONTEMPORARY,,,,MEDIUM,,LEAD_CONSULTANT,PENDING,G2-BATCH-D,Proposal; line 3; source: SRC-G2-077,CONTEXT,,,,,,,,,,,,,EXTRACTED,OBSERVED_AMOUNT,,,,,,1.3-candidate,G2-BATCH-D
C-G2-284,P78,Updated Beatles economic impact study proposed to provide outline figure for Beatles tourism in Liverpool city centre,OPTION,,,,,,,BENEFICIAL,REPORTED,DESCRIPTIVE,NOT_APPLICABLE,,,,Liverpool,,,,,,Beatles Legacy Group; Liverpool tourism sector,,,UNKNOWN,COMPLETE,CONTEMPORARY,,,,MEDIUM,,LEAD_CONSULTANT,PENDING,G2-BATCH-D,Proposal; line 21; source: SRC-G2-077,DESIGN,,,,,,PROPOSED,BEATLES_LEGACY_GROUP,,,,,,EXTRACTED,NONE,,,,,,1.3-candidate,G2-BATCH-D
C-G2-285,P78,Beatles Visitor Impact Proposal developed as complementary commission document,OPTION,,,,,,,BENEFICIAL,REPORTED,DESCRIPTIVE,NOT_APPLICABLE,,,,Liverpool,,,,,,Beatles Legacy Group,,,UNKNOWN,COMPLETE,CONTEMPORARY,,,,MEDIUM,,LEAD_CONSULTANT,PENDING,G2-BATCH-D,Source: SRC-G2-078,DESIGN,,,,,,PROPOSED,BEATLES_LEGACY_GROUP,,,,,,EXTRACTED,NONE,,,,,,1.3-candidate,G2-BATCH-D
C-G2-286,P79,"Five transversal LinkedIn searches identified approximately 74,000 profiles, of which roughly 32,000 were in creative and production roles",DIRECT,,,,,,,BENEFICIAL,REPORTED,DESCRIPTIVE,MONETARY,,,,East London,,,,,,CELL programme,,,UNKNOWN,COMPLETE,CONTEMPORARY,,,,MEDIUM,,LEAD_CONSULTANT,PENDING,G2-BATCH-D,CELL business case update; line 1-96; source: SRC-G2-079,METHOD_OUTPUT,,,LinkedIn skills search methodology and execution,,,,,,,,,,EXTRACTED,OBSERVED_AMOUNT,,,,,,1.3-candidate,G2-BATCH-D
C-G2-287,P79,Company-level geography identified more than 40 relevant companies in five target East London boroughs,DIRECT,,,,,,,BENEFICIAL,REPORTED,DESCRIPTIVE,MONETARY,,,,East London,,,,,,CELL programme,,,UNKNOWN,COMPLETE,CONTEMPORARY,,,,MEDIUM,,LEAD_CONSULTANT,PENDING,G2-BATCH-D,CELL business case; line 50-96; source: SRC-G2-079,METHOD_OUTPUT,,,Company-level geographic analysis,,,,,,,,,,EXTRACTED,OBSERVED_AMOUNT,,,,,,1.3-candidate,G2-BATCH-D
C-G2-288,P79,Five expert interviews completed with 15 additional interviews outstanding at time of business case update,CONTEXTUAL,,,,,,,BENEFICIAL,REPORTED,DESCRIPTIVE,MONETARY,,,,East London,,,,,,CELL programme,,,UNKNOWN,COMPLETE,CONTEMPORARY,,,,MEDIUM,,LEAD_CONSULTANT,PENDING,G2-BATCH-D,CELL business case; line 194-279; source: SRC-G2-079,CONTEXT,,,,,,,,,,,,,EXTRACTED,OBSERVED_AMOUNT,,,,,,1.3-candidate,G2-BATCH-D
C-G2-289,P79,Emerging thesis: East London has substantial but atomised and under-capitalised creative-technology supply chain,CONTEXTUAL,,,,,,,BENEFICIAL,REPORTED,DESCRIPTIVE,NOT_APPLICABLE,,,,East London,,,,,,CELL programme,,,UNKNOWN,COMPLETE,CONTEMPORARY,,,,MEDIUM,,LEAD_CONSULTANT,PENDING,G2-BATCH-D,CELL business case; line 230-250; source: SRC-G2-079,DESIGN,,,,,,PROPOSED,CELL_CONSORTIUM,,,,,,EXTRACTED,NONE,,,,,,1.3-candidate,G2-BATCH-D
C-G2-290,P79,CELL proposed as connective infrastructure for East London creative-technology supply chain,NETWORK,CONNECT,,,,,,BENEFICIAL,REPORTED,DESCRIPTIVE,NOT_APPLICABLE,,,,East London,,,,,,East London creative-tech sector,,,UNKNOWN,COMPLETE,CONTEMPORARY,,,,MEDIUM,,LEAD_CONSULTANT,PENDING,G2-BATCH-D,CELL business case; line 250; source: SRC-G2-079,DESIGN,,,,,,PROPOSED,CELL_CONSORTIUM,,,,,,EXTRACTED,NONE,,,,,,1.3-candidate,G2-BATCH-D
C-G2-291,P79,Critical skills were often Tier 3 or Tier 4 in prevalence across the five target boroughs,CONTEXTUAL,,,,,,,BENEFICIAL,REPORTED,DESCRIPTIVE,NOT_APPLICABLE,,,,East London,,,,,,East London creative-tech sector,,,UNKNOWN,COMPLETE,CONTEMPORARY,,,,MEDIUM,,LEAD_CONSULTANT,PENDING,G2-BATCH-D,CELL business case; line 100-150; source: SRC-G2-079,CONTEXT,,,,,,,,,,,,,EXTRACTED,NONE,,,,,,1.3-candidate,G2-BATCH-D
C-G2-292,P79,"Outstanding evidence includes demand-side validation, tour-readiness economics, IP retention case studies, CoSTAR differentiation, governance, salary benchmarking and bid alignment",OPTION,,,,,,,BENEFICIAL,UNKNOWN,DESCRIPTIVE,NOT_APPLICABLE,,,,East London,,,,,,CELL programme,,,UNKNOWN,COMPLETE,CONTEMPORARY,,,,MEDIUM,,LEAD_CONSULTANT,PENDING,G2-BATCH-D,CELL business case; line 260-279; source: SRC-G2-079,DESIGN,,,,,,UNKNOWN,CELL_CONSORTIUM,,,,,,EXTRACTED,NONE,,,,,,1.3-candidate,G2-BATCH-D
C-G2-293,P79,Aberdeen Process described as methodology to reduce undercounting in LinkedIn skills searches,DIRECT,,,,,,,BENEFICIAL,REPORTED,DESCRIPTIVE,NOT_APPLICABLE,,,,East London,,,,,,CELL programme,,,UNKNOWN,COMPLETE,CONTEMPORARY,,,,MEDIUM,,LEAD_CONSULTANT,PENDING,G2-BATCH-D,CELL business case; source: SRC-G2-079; method design - not independently validated,METHOD_OUTPUT,,,Methodological design for LinkedIn skills search,,,,,,,,,,EXTRACTED,NONE,,,,,,1.3-candidate,G2-BATCH-D
C-G2-294,P80,"Southampton Forward existed in four distinct forms since 2010: fundraising vehicle, sector convening body, City of Culture bid vehicle, and legacy delivery organisation",CONTEXTUAL,,,,,,,BENEFICIAL,REPORTED,DESCRIPTIVE,NOT_APPLICABLE,,,,Southampton,,,,,,Southampton cultural sector,,,UNKNOWN,COMPLETE,CONTEMPORARY,,,,MEDIUM,,LEAD_CONSULTANT,PENDING,G2-BATCH-D,Proposal 26/05; line 13; source: SRC-G2-080,CONTEXT,,,,,,,,,,,,,EXTRACTED,NONE,,,,,,1.3-candidate,G2-BATCH-D
C-G2-295,P80,Trustees were within days of winding up Southampton Forward in 26/03 before council intervened to fund strategic review,CONTEXTUAL,,,,,,,BENEFICIAL,REPORTED,DESCRIPTIVE,NOT_APPLICABLE,,,,Southampton,,,,,,Southampton Forward,,,UNKNOWN,COMPLETE,CONTEMPORARY,,,,MEDIUM,,LEAD_CONSULTANT,PENDING,G2-BATCH-D,Proposal; line 13; source: SRC-G2-080,CONTEXT,,,,,,,,,,,,,EXTRACTED,NONE,,,,,,1.3-candidate,G2-BATCH-D
C-G2-296,P80,"Legacy programme delivered £5m across grassroots, capacity-building, governance and strategic capital work",CONTEXTUAL,,,,,,,BENEFICIAL,REPORTED,DESCRIPTIVE,MONETARY,,,,Southampton,,,,,,Southampton cultural sector,,,UNKNOWN,COMPLETE,CONTEMPORARY,,,,MEDIUM,,LEAD_CONSULTANT,PENDING,G2-BATCH-D,Proposal; line 27; source: SRC-G2-080,CONTEXT,,,,,,,,,,,,,EXTRACTED,OBSERVED_AMOUNT,,,,,,1.3-candidate,G2-BATCH-D
C-G2-297,P80,"Five-strand review methodology proposed: desk research, comparative model analysis, consultation, options development, playbook and report",DIRECT,,,,,,,BENEFICIAL,REPORTED,DESCRIPTIVE,NOT_APPLICABLE,,,,Southampton,,,,,,Southampton City Council,,,UNKNOWN,COMPLETE,CONTEMPORARY,,,,MEDIUM,,LEAD_CONSULTANT,PENDING,G2-BATCH-D,Proposal; line 41-108; source: SRC-G2-080,DESIGN,,,,,,PROPOSED,SOUTHAMPTON_CC,,,,,,EXTRACTED,NONE,,,,,,1.3-candidate,G2-BATCH-D
C-G2-298,P80,Minimum four organisational scenarios to be developed spanning full realistic range including option of not continuing Southampton Forward,OPTION,,,,,,,BENEFICIAL,REPORTED,DESCRIPTIVE,NOT_APPLICABLE,,,,Southampton,,,,,,Southampton City Council,,,UNKNOWN,COMPLETE,CONTEMPORARY,,,,MEDIUM,,LEAD_CONSULTANT,PENDING,G2-BATCH-D,Proposal; line 89; source: SRC-G2-080,DESIGN,,,,,,PROPOSED,SOUTHAMPTON_CC,,,,,,EXTRACTED,NONE,,,,,,1.3-candidate,G2-BATCH-D
C-G2-299,P80,"Comparative model analysis proposed including Liverpool, Plymouth, Wakefield and at least two further comparators",KNOWLEDGE,,,,,,,BENEFICIAL,REPORTED,DESCRIPTIVE,NOT_APPLICABLE,,,,Southampton,,,,,,Southampton City Council,,,UNKNOWN,COMPLETE,CONTEMPORARY,,,,MEDIUM,,LEAD_CONSULTANT,PENDING,G2-BATCH-D,Proposal; line 53-63; source: SRC-G2-080,DESIGN,,,,,,PROPOSED,SOUTHAMPTON_CC,,,,,,EXTRACTED,NONE,,,,,,1.3-candidate,G2-BATCH-D
C-G2-300,P80,"Review budget not to exceed £25,000 inclusive of expenses and VAT over approximately 40 days",CONTEXTUAL,,,,,,,BENEFICIAL,REPORTED,DESCRIPTIVE,MONETARY,,,,Southampton,,,,,,Southampton City Council,,,UNKNOWN,COMPLETE,CONTEMPORARY,,,,MEDIUM,,LEAD_CONSULTANT,PENDING,G2-BATCH-D,Proposal; line 130; source: SRC-G2-080,CONTEXT,,,,,,,,,,,,,EXTRACTED,OBSERVED_AMOUNT,,,,,,1.3-candidate,G2-BATCH-D
C-G2-301,P80,"Governance structure created conflicts of interest with founding partners simultaneously as funders, trustees and decision-makers",CONTEXTUAL,,,,,,,BENEFICIAL,REPORTED,DESCRIPTIVE,NOT_APPLICABLE,,,,Southampton,,,,,,Southampton Forward,,,UNKNOWN,COMPLETE,CONTEMPORARY,,,,MEDIUM,,LEAD_CONSULTANT,PENDING,G2-BATCH-D,Proposal; line 29; source: SRC-G2-080,CONTEXT,,,,,,,,,,,,,EXTRACTED,NONE,,,,,,1.3-candidate,G2-BATCH-D
C-G2-302,P81,"WB6 creative economy baseline is fragmented: only Serbia has comprehensive figures; Kosovo, Albania and BiH have no published GVA or employment baseline; Montenegro's most recent mapping is from 2017",CONTEXTUAL,,,,,,,BENEFICIAL,REPORTED,DESCRIPTIVE,NOT_APPLICABLE,,,,Western Balkans,,,,,,WB6 creative sector,,,UNKNOWN,COMPLETE,CONTEMPORARY,,,,MEDIUM,,LEAD_CONSULTANT,PENDING,G2-BATCH-D,PoC research brief; line 12-14; source: SRC-G2-081,CONTEXT,,,,,,,,,,,,,EXTRACTED,NONE,,,,,,1.3-candidate,G2-BATCH-D
C-G2-303,P81,"LinkedIn penetration rates: Serbia 16.8%, Montenegro 21.5%, Albania 18.5%, North Macedonia 16.0%, BiH 10.4%, Kosovo 7.2%",CONTEXTUAL,,,,,,,BENEFICIAL,REPORTED,DESCRIPTIVE,MONETARY,,,,Western Balkans,,,,,,WB6 creative sector,,,UNKNOWN,COMPLETE,CONTEMPORARY,,,,MEDIUM,,LEAD_CONSULTANT,PENDING,G2-BATCH-D,PoC research brief; line 48; source: SRC-G2-081,CONTEXT,,,,,,,,,,,,,EXTRACTED,OBSERVED_AMOUNT,,,,,,1.3-candidate,G2-BATCH-D
C-G2-304,P81,"PoC designed to test whether LinkedIn and Lightcast can produce credible, repeatable creative economy baseline mapped to NACE and ISCO",DIRECT,,,,,,,BENEFICIAL,REPORTED,DESCRIPTIVE,NOT_APPLICABLE,,,,Western Balkans,,,,,,British Council Western Balkans,,,UNKNOWN,COMPLETE,CONTEMPORARY,,,,MEDIUM,,LEAD_CONSULTANT,PENDING,G2-BATCH-D,PoC research brief; line 22; source: SRC-G2-081,DESIGN,,,,,,PROPOSED,BRITISH_COUNCIL_WB,,,,,,EXTRACTED,NONE,,,,,,1.3-candidate,G2-BATCH-D
C-G2-305,P81,"Fully funded multi-year monitoring instrument proposed if PoC is positive, potentially financed by EU and World Bank",OPTION,,,,,,,BENEFICIAL,REPORTED,DESCRIPTIVE,NOT_APPLICABLE,,,,Western Balkans,,,,,,WB6 governments and creative sector,,,UNKNOWN,COMPLETE,CONTEMPORARY,,,,MEDIUM,,LEAD_CONSULTANT,PENDING,G2-BATCH-D,PoC research brief; line 24-28; aspiration not commitment; source: SRC-G2-081,DESIGN,,,,,,PROPOSED,BRITISH_COUNCIL_WB,,Near-live creative economy data enabling earlier interventions for growth and market failure,,,,EXTRACTED,NONE,,,,,,1.3-candidate,G2-BATCH-D
C-G2-306,P81,"PoC budget of £5,000 with six to eight week timeframe",CONTEXTUAL,,,,,,,BENEFICIAL,REPORTED,DESCRIPTIVE,MONETARY,,,,Western Balkans,,,,,,British Council,,,UNKNOWN,COMPLETE,CONTEMPORARY,,,,MEDIUM,,LEAD_CONSULTANT,PENDING,G2-BATCH-D,PoC research brief; line 65; source: SRC-G2-081,CONTEXT,,,,,,,,,,,,,EXTRACTED,OBSERVED_AMOUNT,,,,,,1.3-candidate,G2-BATCH-D
C-G2-307,P81,"Lightcast covers four of six WB6 countries (Serbia, Albania, BiH, Montenegro) at Set 4 confidence tier; Kosovo and North Macedonia absent",CONTEXTUAL,,,,,,,BENEFICIAL,REPORTED,DESCRIPTIVE,NOT_APPLICABLE,,,,Western Balkans,,,,,,WB6 creative sector,,,UNKNOWN,COMPLETE,CONTEMPORARY,,,,MEDIUM,,LEAD_CONSULTANT,PENDING,G2-BATCH-D,PoC research brief; line 19; source: SRC-G2-081,CONTEXT,,,,,,,,,,,,,EXTRACTED,NONE,,,,,,1.3-candidate,G2-BATCH-D
C-G2-308,P81,LinkedIn Penetration WB6 report with Lightcast addendum prepared as annex to PoC,DIRECT,,,,,,,BENEFICIAL,REPORTED,DESCRIPTIVE,NOT_APPLICABLE,,,,Western Balkans,,,,,,British Council Western Balkans,,,UNKNOWN,COMPLETE,CONTEMPORARY,,,,MEDIUM,,LEAD_CONSULTANT,PENDING,G2-BATCH-D,Source: SRC-G2-082,METHOD_OUTPUT,,,LinkedIn penetration analysis,,,,,,,,,,EXTRACTED,NONE,,,,,,1.3-candidate,G2-BATCH-D
C-G2-309,P82,"Western Balkans Creative Economy Ministerial Meeting held in Kotor, Montenegro on 28 24/05 with Culture Ministers, UK Special Envoy, EU Commissioner and British Council leadership",CONTEXTUAL,,,,,,,BENEFICIAL,REPORTED,DESCRIPTIVE,NOT_APPLICABLE,,,,Western Balkans,,,,,,Western Balkans creative sector,,,UNKNOWN,COMPLETE,CONTEMPORARY,,,,MEDIUM,,LEAD_CONSULTANT,PENDING,G2-BATCH-D,Briefing; line 1-6; source: SRC-G2-083,CONTEXT,,,,,,,,,,,,,EXTRACTED,NONE,,,,,,1.3-candidate,G2-BATCH-D
C-G2-310,P82,Ministers endorsed joint declaration establishing regional creative economy cooperation framework with shared principles for cultural heritage monetisation and youth employment targets,NETWORK,,,,,,,BENEFICIAL,REPORTED,DESCRIPTIVE,NOT_APPLICABLE,,,,Western Balkans,,,,,,Western Balkans creative sector,,,UNKNOWN,COMPLETE,CONTEMPORARY,,,,MEDIUM,,STRATEGIC_ADVISOR,PENDING,G2-BATCH-D,Briefing; line 13-17; source: SRC-G2-083,EFFECT,,,Meeting briefing and strategic framing,,,,,,,,,,EXTRACTED,NONE,,,,,,1.3-candidate,G2-BATCH-D
C-G2-311,P82,British Council announced new multi-year funding programme for creative economy capacity building,PRODUCT,,,,,,,BENEFICIAL,REPORTED,DESCRIPTIVE,NOT_APPLICABLE,,,,Western Balkans,,,,,,Western Balkans creative sector,,,UNKNOWN,COMPLETE,CONTEMPORARY,,,,MEDIUM,,STRATEGIC_ADVISOR,PENDING,G2-BATCH-D,Briefing; line 19; source: SRC-G2-083,EFFECT,,,Programme design support,,,,,,,,,,EXTRACTED,NONE,,,,,,1.3-candidate,G2-BATCH-D
C-G2-312,P82,World Bank confirmed technical assistance for youth employment initiatives in Western Balkans creative sector,NETWORK,,,,,,,BENEFICIAL,REPORTED,DESCRIPTIVE,NOT_APPLICABLE,,,,Western Balkans,,,,,,Western Balkans youth,,,UNKNOWN,COMPLETE,CONTEMPORARY,,,,MEDIUM,,STRATEGIC_ADVISOR,PENDING,G2-BATCH-D,Briefing; line 20; source: SRC-G2-083,EFFECT,,,Strategic positioning support,,,,,,,,,,EXTRACTED,NONE,,,,,,1.3-candidate,G2-BATCH-D
C-G2-313,P82,Ministers committed to embedding creative economy strategies within national economic plans and developing culture-tourism synergies,NETWORK,,,,,,,BENEFICIAL,REPORTED,DESCRIPTIVE,NOT_APPLICABLE,,,,Western Balkans,,,,,,Western Balkans governments,,,UNKNOWN,COMPLETE,CONTEMPORARY,,,,MEDIUM,,STRATEGIC_ADVISOR,PENDING,G2-BATCH-D,Briefing; line 23-26; source: SRC-G2-083,EFFECT,,,Policy integration support,,,,,,,,,,EXTRACTED,NONE,,,,,,1.3-candidate,G2-BATCH-D
C-G2-314,P82,Monitoring framework for creative economy impact measurement recommended as medium-term follow-up action,DIRECT,,,,,,,BENEFICIAL,REPORTED,DESCRIPTIVE,NOT_APPLICABLE,,,,Western Balkans,,,,,,Western Balkans governments,,,UNKNOWN,COMPLETE,CONTEMPORARY,,,,MEDIUM,,LEAD_CONSULTANT,PENDING,G2-BATCH-D,Briefing; line 77; source: SRC-G2-083,DESIGN,,,,,,PROPOSED,BRITISH_COUNCIL_WB,,,,,,EXTRACTED,NONE,,,,,,1.3-candidate,G2-BATCH-D
C-G2-315,P82,Ministerial meeting agenda prepared for Kotor event,DIRECT,,,,,,,BENEFICIAL,REPORTED,DESCRIPTIVE,NOT_APPLICABLE,,,,Western Balkans,,,,,,British Council,,,UNKNOWN,COMPLETE,CONTEMPORARY,,,,MEDIUM,,LEAD_CONSULTANT,PENDING,G2-BATCH-D,Source: SRC-G2-084,METHOD_OUTPUT,,,Agenda development,,,,,,,,,,EXTRACTED,NONE,,,,,,1.3-candidate,G2-BATCH-D
C-G2-316,P84,Herefordshire creative enterprises grew from 645 in 2020 to 695 in 2023 despite COVID disruptions,CONTEXTUAL,,,,,,,BENEFICIAL,REPORTED,DESCRIPTIVE,MONETARY,,,,Herefordshire,,,,,,Herefordshire CCI sector,,,UNKNOWN,COMPLETE,CONTEMPORARY,,,,MEDIUM,,LEAD_CONSULTANT,PENDING,G2-BATCH-D,Proposal; line 28; source: SRC-G2-071,CONTEXT,,,,,,,,,,,,,EXTRACTED,OBSERVED_AMOUNT,,,,,,1.3-candidate,G2-BATCH-D
C-G2-317,P84,Herefordshire CCI GVA increased by 38% from £83.2m in 2020 to £114.7m in 2022,CONTEXTUAL,,,,,,,BENEFICIAL,REPORTED,DESCRIPTIVE,MONETARY,,,,Herefordshire,,,,,,Herefordshire CCI sector,,,UNKNOWN,COMPLETE,CONTEMPORARY,,,,MEDIUM,,LEAD_CONSULTANT,PENDING,G2-BATCH-D,Proposal; line 29; source: SRC-G2-071,CONTEXT,,,,,,,,,,,,,EXTRACTED,OBSERVED_AMOUNT,,,,,,1.3-candidate,G2-BATCH-D
C-G2-318,P84,"Creative industries mapping identified 4,100 creative workers vs 2,120 reported in national statistics, doubling when including freelance and self-employed",CONTEXTUAL,,,,,,,BENEFICIAL,REPORTED,DESCRIPTIVE,MONETARY,,,,Herefordshire,,,,,,Herefordshire creative workforce,,,UNKNOWN,COMPLETE,CONTEMPORARY,,,,MEDIUM,,LEAD_CONSULTANT,PENDING,G2-BATCH-D,Proposal; line 30; source: SRC-G2-071,CONTEXT,,,,,,,,,,,,,EXTRACTED,OBSERVED_AMOUNT,,,,,,1.3-candidate,G2-BATCH-D
C-G2-319,P84,Creative industries mapping exercise conducted 2023-24 providing evidence base for strategy update,DIRECT,,,,,,,BENEFICIAL,REPORTED,DESCRIPTIVE,NOT_APPLICABLE,,,,Herefordshire,,,,,,Herefordshire Council,,,UNKNOWN,COMPLETE,CONTEMPORARY,,,,MEDIUM,,LEAD_CONSULTANT,PENDING,G2-BATCH-D,Proposal; line 2; source: SRC-G2-071,METHOD_OUTPUT,,,Creative industries mapping and evidence base,,,,,,,,,,EXTRACTED,NONE,,,,,,1.3-candidate,G2-BATCH-D
C-G2-320,P84,County-wide co-production model proposed to build scale across dispersed cultural organisations,NETWORK,,,,,,,BENEFICIAL,REPORTED,DESCRIPTIVE,NOT_APPLICABLE,,,,Herefordshire,,,,,,Herefordshire cultural sector,,,UNKNOWN,COMPLETE,CONTEMPORARY,,,,MEDIUM,,LEAD_CONSULTANT,PENDING,G2-BATCH-D,Proposal; line 54; source: SRC-G2-071,DESIGN,,,,,,PROPOSED,HEREFORDSHIRE_HCP,,,,,,EXTRACTED,NONE,,,,,,1.3-candidate,G2-BATCH-D
C-G2-321,P84,Cultural Investment Board proposed to improve coordination of cultural investments in Herefordshire,OPTION,,,,,,,BENEFICIAL,REPORTED,DESCRIPTIVE,NOT_APPLICABLE,,,,Herefordshire,,,,,,Herefordshire cultural sector,,,UNKNOWN,COMPLETE,CONTEMPORARY,,,,MEDIUM,,LEAD_CONSULTANT,PENDING,G2-BATCH-D,Proposal; line 57; source: SRC-G2-071,DESIGN,,,,,,PROPOSED,HEREFORDSHIRE_HCP,,,,,,EXTRACTED,NONE,,,,,,1.3-candidate,G2-BATCH-D
C-G2-322,P84,"Updated cultural strategy proposed with inception, desk review, stakeholder engagement, synthesis and action planning phases",DIRECT,,,,,,,BENEFICIAL,REPORTED,DESCRIPTIVE,NOT_APPLICABLE,,,,Herefordshire,,,,,,Herefordshire Council and HCP,,,UNKNOWN,COMPLETE,CONTEMPORARY,,,,MEDIUM,,LEAD_CONSULTANT,PENDING,G2-BATCH-D,Proposal; line 40-69; source: SRC-G2-071,DESIGN,,,,,,PROPOSED,HEREFORDSHIRE_HCP,,,,,,EXTRACTED,NONE,,,,,,1.3-candidate,G2-BATCH-D
C-G2-323,P84,Somerset Cultural Strategy experience cited as cautionary precedent where council unable to accept recommendations due to budgetary pressures,CONTEXTUAL,,,,,,,BENEFICIAL,REPORTED,DESCRIPTIVE,NOT_APPLICABLE,,,,Somerset,,,,,,Herefordshire Council,,,UNKNOWN,COMPLETE,CONTEMPORARY,,,,MEDIUM,,LEAD_CONSULTANT,PENDING,G2-BATCH-D,Proposal; line 24; source: SRC-G2-071,CONTEXT,,,,,,,,,,,,,EXTRACTED,NONE,,,,,,1.3-candidate,G2-BATCH-D
C-G2-324,P84,Herefordshire Cultural Strategy reporting produced as part of consultancy deliverable,DIRECT,,,,,,,BENEFICIAL,REPORTED,DESCRIPTIVE,NOT_APPLICABLE,,,,Herefordshire,,,,,,Herefordshire Council,,,UNKNOWN,COMPLETE,CONTEMPORARY,,,,MEDIUM,,LEAD_CONSULTANT,PENDING,G2-BATCH-D,Source: SRC-G2-072,METHOD_OUTPUT,,,Strategy reporting,,,,,,,,,,EXTRACTED,NONE,,,,,,1.3-candidate,G2-BATCH-D
C-G2-325,P01-NES,"BRES data for Aberdeen City and Aberdeenshire filtered against creative industries SIC codes and adjusted to remove IT consultancy produces 3,305 employees",CONTEXTUAL,,,The Fifth Sector,,INTENDED,26/05,BENEFICIAL,REPORTED,DESCRIPTIVE,NONE,INTENDED,WITHIN_ORG,WITHIN_SECTOR,WITHIN_AREA,WITHIN_CHAIN,COMPENSATED,DESIGNED_IN,REALISED,BENEFICIAL,,,,Sufficient from canonical report,primary,UNKNOWN,COMPLETE,CONTEMPORARY,NONE_FOUND_IN_REVIEW,MEDIUM,INTERNAL_ONLY,DESIGNER;DELIVERER,REVIEWED,INTERNAL_ONLY,BRES baseline; official employment count; excludes SIC 62.02 IT consultancy,CONTEXT,M-R3-001,Creative economy mapping commission,Mapping methodology applied to produce analysis,LEAD_CONSULTANT,,,,,,,,26/05,REVIEWED,,NOT_REVIEWED,UNKNOWN,UNKNOWN,,,1.3-candidate,G2-BATCH-D
C-G2-326,P01-NES,"IT consultancy sub-sector (SIC 62.02) accounts for 1,400-1,600 jobs and estimated £150M GVA in NE Scotland and is excluded from creative industries count to avoid double-counting with ONE Digital sector analysis",CONTEXTUAL,,,The Fifth Sector,,INTENDED,26/05,BENEFICIAL,REPORTED,DESCRIPTIVE,MONETARY,INTENDED,WITHIN_ORG,WITHIN_SECTOR,WITHIN_AREA,WITHIN_CHAIN,COMPENSATED,DESIGNED_IN,REALISED,BENEFICIAL,,,,Sufficient from canonical report,primary,UNKNOWN,COMPLETE,CONTEMPORARY,NONE_FOUND_IN_REVIEW,MEDIUM,INTERNAL_ONLY,DESIGNER;DELIVERER,REVIEWED,INTERNAL_ONLY,IT consultancy exclusion rationale; £150M GVA excluded from creative economy total,CONTEXT,M-R3-001,Creative economy mapping commission,Mapping methodology applied to produce analysis,LEAD_CONSULTANT,,,,,,,,26/05,REVIEWED,DESCRIPTIVE_ESTIMATE,NOT_REVIEWED,UNKNOWN,UNKNOWN,,,1.3-candidate,G2-BATCH-D
C-G2-327,P01-NES,"Crosswalk methodology reduced 1,711 gross registered firms to 922 verified active creative core firms, with 789 entities excluded as brass plate registrations, personal service companies, nominee registrations, or industrial utility firms",CONTEXTUAL,,,The Fifth Sector,,INTENDED,26/05,BENEFICIAL,REPORTED,DESCRIPTIVE,NONE,INTENDED,WITHIN_ORG,WITHIN_SECTOR,WITHIN_AREA,WITHIN_CHAIN,COMPENSATED,DESIGNED_IN,REALISED,BENEFICIAL,,,,Sufficient from canonical report,primary,UNKNOWN,COMPLETE,CONTEMPORARY,NONE_FOUND_IN_REVIEW,MEDIUM,INTERNAL_ONLY,DESIGNER;DELIVERER,REVIEWED,INTERNAL_ONLY,Crosswalk filter; two-pass validation; 60% of corporate hub firms confirmed as noise,METHOD_OUTPUT,M-R3-001,Creative economy mapping commission,Mapping methodology applied to produce analysis,LEAD_CONSULTANT,,,,,,,,26/05,REVIEWED,,NOT_REVIEWED,UNKNOWN,UNKNOWN,,,1.3-candidate,G2-BATCH-D
C-G2-328,P01-NES,"LinkedIn analysis identified 8,000+ unique profiles of NE Scotland residents working in creative industries, with a further 4,000 IT services and IT consultancy occupations held separately",CONTEXTUAL,,,The Fifth Sector,,INTENDED,26/05,BENEFICIAL,REPORTED,DESCRIPTIVE,NONE,INTENDED,WITHIN_ORG,WITHIN_SECTOR,WITHIN_AREA,WITHIN_CHAIN,COMPENSATED,DESIGNED_IN,REALISED,BENEFICIAL,,,,Sufficient from canonical report,primary,UNKNOWN,COMPLETE,CONTEMPORARY,NONE_FOUND_IN_REVIEW,MEDIUM,INTERNAL_ONLY,DESIGNER;DELIVERER,REVIEWED,INTERNAL_ONLY,LinkedIn treated as large-scale occupational survey; IT services held separately throughout analysis,METHOD_OUTPUT,M-R3-001,Creative economy mapping commission,Mapping methodology applied to produce analysis,LEAD_CONSULTANT,,,,,,,,26/05,REVIEWED,,NOT_REVIEWED,UNKNOWN,UNKNOWN,,,1.3-candidate,G2-BATCH-D
C-G2-329,P01-NES,"Tier 1 institutional anchors comprise 65 organisations with 1,210 workers (860 FTE) including public library sites, museum and gallery sites, and performing arts anchor organisations",CONTEXTUAL,,,The Fifth Sector,,INTENDED,26/05,BENEFICIAL,REPORTED,DESCRIPTIVE,NONE,INTENDED,WITHIN_ORG,WITHIN_SECTOR,WITHIN_AREA,WITHIN_CHAIN,COMPENSATED,DESIGNED_IN,REALISED,BENEFICIAL,,,,Sufficient from canonical report,primary,UNKNOWN,COMPLETE,CONTEMPORARY,NONE_FOUND_IN_REVIEW,MEDIUM,INTERNAL_ONLY,DESIGNER;DELIVERER,REVIEWED,INTERNAL_ONLY,Tier 1 baseline; BRES-confirmed; Creative Scotland funding records validated,CONTEXT,M-R3-001,Creative economy mapping commission,Mapping methodology applied to produce analysis,LEAD_CONSULTANT,,,,,,,,26/05,REVIEWED,,NOT_REVIEWED,UNKNOWN,UNKNOWN,,,1.3-candidate,G2-BATCH-D
C-G2-330,P01-NES,"Tier 2 SME commercial core comprises 3,845 workers (3,445 FTE) across architecture, design, advertising, creative software, film, television, music, visual and performing arts",CONTEXTUAL,,,The Fifth Sector,,INTENDED,26/05,BENEFICIAL,REPORTED,DESCRIPTIVE,NONE,INTENDED,WITHIN_ORG,WITHIN_SECTOR,WITHIN_AREA,WITHIN_CHAIN,COMPENSATED,DESIGNED_IN,REALISED,BENEFICIAL,,,,Sufficient from canonical report,primary,UNKNOWN,COMPLETE,CONTEMPORARY,NONE_FOUND_IN_REVIEW,MEDIUM,INTERNAL_ONLY,DESIGNER;DELIVERER,REVIEWED,INTERNAL_ONLY,Tier 2 baseline; BRES and Data City; high full-time stability 0.91 FTE intensity,CONTEXT,M-R3-001,Creative economy mapping commission,Mapping methodology applied to produce analysis,LEAD_CONSULTANT,,,,,,,,26/05,REVIEWED,,NOT_REVIEWED,UNKNOWN,UNKNOWN,,,1.3-candidate,G2-BATCH-D
C-G2-331,P01-NES,"Tier 3 visible freelancers comprise 3,400 independent professionals (2,550 FTE) across advertising, marketing, film, television, video production, games development, photography, publishing and Createch",CONTEXTUAL,,,The Fifth Sector,,INTENDED,26/05,BENEFICIAL,REPORTED,DESCRIPTIVE,NONE,INTENDED,WITHIN_ORG,WITHIN_SECTOR,WITHIN_AREA,WITHIN_CHAIN,COMPENSATED,DESIGNED_IN,REALISED,BENEFICIAL,,,,Sufficient from canonical report,primary,UNKNOWN,COMPLETE,CONTEMPORARY,NONE_FOUND_IN_REVIEW,MEDIUM,INTERNAL_ONLY,DESIGNER;DELIVERER,REVIEWED,INTERNAL_ONLY,Tier 3 baseline; LinkedIn-verified; 0.75 FTE intensity; project-based working,CONTEXT,M-R3-001,Creative economy mapping commission,Mapping methodology applied to produce analysis,LEAD_CONSULTANT,,,,,,,,26/05,REVIEWED,,NOT_REVIEWED,UNKNOWN,UNKNOWN,,,1.3-candidate,G2-BATCH-D
C-G2-332,P01-NES,"Tier 4 invisible workforce estimated at 2,035 individuals (862 FTE) through penetration gap analysis, comprising 1,855 core practitioners plus 180 shared utility hospitality/events workers",CONTEXTUAL,,,The Fifth Sector,,INTENDED,26/05,BENEFICIAL,REPORTED,DESCRIPTIVE,NONE,INTENDED,WITHIN_ORG,WITHIN_SECTOR,WITHIN_AREA,WITHIN_CHAIN,COMPENSATED,DESIGNED_IN,REALISED,BENEFICIAL,,,,Sufficient from canonical report,primary,UNKNOWN,COMPLETE,CONTEMPORARY,NONE_FOUND_IN_REVIEW,MEDIUM,INTERNAL_ONLY,DESIGNER;DELIVERER,REVIEWED,INTERNAL_ONLY,Tier 4 estimate; penetration gap methodology; LinkedIn penetration 30-45% for artists/makers vs 80%+ for tech; not directly measurable,CONTEXT,M-R3-001,Creative economy mapping commission,Mapping methodology applied to produce analysis,LEAD_CONSULTANT,,,,,,,,26/05,REVIEWED,,NOT_REVIEWED,UNKNOWN,UNKNOWN,,,1.3-candidate,G2-BATCH-D
C-G2-333,P01-NES,"49% of NE Scotland creative workforce works independently as freelancers, sole traders, or micro-enterprise operators invisible to standard employment counts",CONTEXTUAL,,,The Fifth Sector,,INTENDED,26/05,BENEFICIAL,REPORTED,DESCRIPTIVE,NONE,INTENDED,WITHIN_ORG,WITHIN_SECTOR,WITHIN_AREA,WITHIN_CHAIN,COMPENSATED,DESIGNED_IN,REALISED,BENEFICIAL,,,,Sufficient from canonical report,primary,UNKNOWN,COMPLETE,CONTEMPORARY,NONE_FOUND_IN_REVIEW,MEDIUM,INTERNAL_ONLY,DESIGNER;DELIVERER,REVIEWED,INTERNAL_ONLY,Structural character of regional creative economy; majority independent workforce,CONTEXT,M-R3-001,Creative economy mapping commission,Mapping methodology applied to produce analysis,LEAD_CONSULTANT,,,,,,,,26/05,REVIEWED,,NOT_REVIEWED,UNKNOWN,UNKNOWN,,,1.3-candidate,G2-BATCH-D
C-G2-334,P01-NES,"Architecture and built environment sector employs approximately 400 staff with high full-time intensity (0.91 FTE), supported by urban regeneration and legacy demand from oil and gas and new renewable energy capital projects",CONTEXTUAL,,,The Fifth Sector,,INTENDED,26/05,BENEFICIAL,REPORTED,DESCRIPTIVE,NONE,INTENDED,WITHIN_ORG,WITHIN_SECTOR,WITHIN_AREA,WITHIN_CHAIN,COMPENSATED,DESIGNED_IN,REALISED,BENEFICIAL,,,,Sufficient from canonical report,primary,UNKNOWN,COMPLETE,CONTEMPORARY,NONE_FOUND_IN_REVIEW,MEDIUM,INTERNAL_ONLY,DESIGNER;DELIVERER,REVIEWED,INTERNAL_ONLY,Architecture as historical regional strength; energy sector demand driver,CONTEXT,M-R3-001,Creative economy mapping commission,Mapping methodology applied to produce analysis,LEAD_CONSULTANT,,,,,,,,26/05,REVIEWED,,NOT_REVIEWED,UNKNOWN,UNKNOWN,,,1.3-candidate,G2-BATCH-D
C-G2-335,P01-NES,"Creative Scotland Multi-Year Funding portfolio confirmed 2025-2028 with awards to Aberdeen Performing Arts (£1.69M), Peacock and The Worm (£1M), Citymoves Dance Agency (£450K), Sound Festival (£350K), North East Arts Touring (£400K), and The Barn (£500K)",CONTEXTUAL,,,The Fifth Sector,,INTENDED,26/05,BENEFICIAL,REPORTED,DESCRIPTIVE,MONETARY,INTENDED,WITHIN_ORG,WITHIN_SECTOR,WITHIN_AREA,WITHIN_CHAIN,COMPENSATED,DESIGNED_IN,REALISED,BENEFICIAL,,,,Sufficient from canonical report,primary,UNKNOWN,COMPLETE,CONTEMPORARY,NONE_FOUND_IN_REVIEW,MEDIUM,INTERNAL_ONLY,DESIGNER;DELIVERER,REVIEWED,INTERNAL_ONLY,MYF portfolio provides structural security; correlation between multi-year funding and institutional durability,CONTEXT,M-G2-031,Creative economy mapping commission,Mapping methodology applied to produce analysis,LEAD_CONSULTANT,,,,,,,,26/05,REVIEWED,OBSERVED_AMOUNT,NOT_REVIEWED,UNKNOWN,UNKNOWN,,,1.3-candidate,G2-BATCH-D
C-G2-336,P01-NES,"Aberdeenshire received £13.12 per head in National Lottery arts grants against a Scottish average of £58.57, reflecting historic underclaim on national funding",CONTEXTUAL,,,The Fifth Sector,,INTENDED,26/05,BENEFICIAL,REPORTED,DESCRIPTIVE,MONETARY,INTENDED,WITHIN_ORG,WITHIN_SECTOR,WITHIN_AREA,WITHIN_CHAIN,COMPENSATED,DESIGNED_IN,REALISED,BENEFICIAL,,,,Sufficient from canonical report,primary,UNKNOWN,COMPLETE,CONTEMPORARY,NONE_FOUND_IN_REVIEW,MEDIUM,INTERNAL_ONLY,DESIGNER;DELIVERER,REVIEWED,INTERNAL_ONLY,Funding deficit; Matarasso-identified self-reliance and distaste for reporting requirements,CONTEXT,M-G2-031,Creative economy mapping commission,Mapping methodology applied to produce analysis,LEAD_CONSULTANT,,,,,,,,26/05,REVIEWED,OBSERVED_AMOUNT,NOT_REVIEWED,UNKNOWN,UNKNOWN,,,1.3-candidate,G2-BATCH-D
C-G2-337,P01-NES,"Aberdeen City receives £6.33 per head in Creative Scotland MYF investment against Edinburgh's £41.31, a ratio of 6.5:1, establishing documented distributional inequality",CONTEXTUAL,,,The Fifth Sector,,INTENDED,26/05,BENEFICIAL,REPORTED,DESCRIPTIVE,MONETARY,INTENDED,WITHIN_ORG,WITHIN_SECTOR,WITHIN_AREA,WITHIN_CHAIN,COMPENSATED,DESIGNED_IN,REALISED,BENEFICIAL,,,,Sufficient from canonical report,primary,UNKNOWN,COMPLETE,CONTEMPORARY,NONE_FOUND_IN_REVIEW,MEDIUM,INTERNAL_ONLY,DESIGNER;DELIVERER,REVIEWED,INTERNAL_ONLY,MYF distributional inequality; not perception but documented gap,CONTEXT,M-G2-031,Creative economy mapping commission,Mapping methodology applied to produce analysis,LEAD_CONSULTANT,,,,,,,,26/05,REVIEWED,OBSERVED_AMOUNT,NOT_REVIEWED,UNKNOWN,UNKNOWN,,,1.3-candidate,G2-BATCH-D
C-G2-338,P01-NES,"ACC Culture Investment Programme allocated £1.3M across 15 Aberdeen-based organisations in 2025/26 through four tiers: Acorn, Catalyst, Cultivate, and Cornerstone",CONTEXTUAL,,,The Fifth Sector,,INTENDED,26/05,BENEFICIAL,REPORTED,DESCRIPTIVE,MONETARY,INTENDED,WITHIN_ORG,WITHIN_SECTOR,WITHIN_AREA,WITHIN_CHAIN,COMPENSATED,DESIGNED_IN,REALISED,BENEFICIAL,,,,Sufficient from canonical report,primary,UNKNOWN,COMPLETE,CONTEMPORARY,NONE_FOUND_IN_REVIEW,MEDIUM,INTERNAL_ONLY,DESIGNER;DELIVERER,REVIEWED,INTERNAL_ONLY,ACC CIP; annual competitive process; no multi-year certainty below Cornerstone tier,CONTEXT,M-G2-031,Creative economy mapping commission,Mapping methodology applied to produce analysis,LEAD_CONSULTANT,,,,,,,,26/05,REVIEWED,OBSERVED_AMOUNT,NOT_REVIEWED,UNKNOWN,UNKNOWN,,,1.3-candidate,G2-BATCH-D
C-G2-339,P01-NES,Only 17% of graduates from NE Scotland higher education institutions remain employed in the region after completing their studies,CONTEXTUAL,,,The Fifth Sector,,INTENDED,26/05,BENEFICIAL,REPORTED,DESCRIPTIVE,NONE,INTENDED,WITHIN_ORG,WITHIN_SECTOR,WITHIN_AREA,WITHIN_CHAIN,COMPENSATED,DESIGNED_IN,REALISED,BENEFICIAL,,,,Sufficient from canonical report,primary,UNKNOWN,COMPLETE,CONTEMPORARY,NONE_FOUND_IN_REVIEW,MEDIUM,INTERNAL_ONLY,DESIGNER;DELIVERER,REVIEWED,INTERNAL_ONLY,Graduate retention failure; structural not quality failure,CONTEXT,M-G2-032,Creative economy mapping commission,Mapping methodology applied to produce analysis,LEAD_CONSULTANT,,,,,,,,26/05,REVIEWED,,NOT_REVIEWED,UNKNOWN,UNKNOWN,,,1.3-candidate,G2-BATCH-D
C-G2-340,P01-NES,RGU loses creative graduates equivalent to 83% of its local creative workforce to other UK regions; University of Aberdeen creative graduates more likely to work in Glasgow or Edinburgh than in NE Scotland,CONTEXTUAL,,,The Fifth Sector,,INTENDED,26/05,BENEFICIAL,REPORTED,DESCRIPTIVE,NONE,INTENDED,WITHIN_ORG,WITHIN_SECTOR,WITHIN_AREA,WITHIN_CHAIN,COMPENSATED,DESIGNED_IN,REALISED,BENEFICIAL,,,,Sufficient from canonical report,primary,UNKNOWN,COMPLETE,CONTEMPORARY,NONE_FOUND_IN_REVIEW,MEDIUM,INTERNAL_ONLY,DESIGNER;DELIVERER,REVIEWED,INTERNAL_ONLY,Graduate destination analysis; Central Belt primary competition not London,CONTEXT,M-G2-032,Creative economy mapping commission,Mapping methodology applied to produce analysis,LEAD_CONSULTANT,,,,,,,,26/05,REVIEWED,,NOT_REVIEWED,UNKNOWN,UNKNOWN,,,1.3-candidate,G2-BATCH-D
C-G2-341,P01-NES,"3,675 students enrolled in creative and digital subjects across RGU and University of Aberdeen, with pipeline weighted toward technical disciplines (Computing and IT 1,765 students, 48%)",CONTEXTUAL,,,The Fifth Sector,,INTENDED,26/05,BENEFICIAL,REPORTED,DESCRIPTIVE,NONE,INTENDED,WITHIN_ORG,WITHIN_SECTOR,WITHIN_AREA,WITHIN_CHAIN,COMPENSATED,DESIGNED_IN,REALISED,BENEFICIAL,,,,Sufficient from canonical report,primary,UNKNOWN,COMPLETE,CONTEMPORARY,NONE_FOUND_IN_REVIEW,MEDIUM,INTERNAL_ONLY,DESIGNER;DELIVERER,REVIEWED,INTERNAL_ONLY,Education pipeline; RGU primary supplier at 19.1% creative/digital enrolment vs UoA 5.6%,CONTEXT,M-G2-032,Creative economy mapping commission,Mapping methodology applied to produce analysis,LEAD_CONSULTANT,,,,,,,,26/05,REVIEWED,,NOT_REVIEWED,UNKNOWN,UNKNOWN,,,1.3-candidate,G2-BATCH-D
C-G2-342,P01-NES,"Four convergence geographies identified: Aberdeen city centre (AB10-AB25), Westhill-Dyce corridor (AB21-AB32), south Aberdeen and Stonehaven (AB12/AB39), and Inverurie and Kintore (AB51)",CONTEXTUAL,,,The Fifth Sector,,INTENDED,26/05,BENEFICIAL,REPORTED,DESCRIPTIVE,NONE,INTENDED,WITHIN_ORG,WITHIN_SECTOR,WITHIN_AREA,WITHIN_CHAIN,COMPENSATED,DESIGNED_IN,REALISED,BENEFICIAL,,,,Sufficient from canonical report,primary,UNKNOWN,COMPLETE,CONTEMPORARY,NONE_FOUND_IN_REVIEW,MEDIUM,INTERNAL_ONLY,DESIGNER;DELIVERER,REVIEWED,INTERNAL_ONLY,Four-cluster analysis; locations not separate creative typology,METHOD_OUTPUT,M-R3-002,Creative economy mapping commission,Mapping methodology applied to produce analysis,LEAD_CONSULTANT,,,,,,,,26/05,REVIEWED,,NOT_REVIEWED,UNKNOWN,UNKNOWN,,,1.3-candidate,G2-BATCH-D
C-G2-343,P01-NES,"Group A firms (registered CCI or confirmed creative-digital classification) across four areas number 1,006 with £234M measured direct GVA and 2,649 workers",CONTEXTUAL,,,The Fifth Sector,,INTENDED,26/05,BENEFICIAL,REPORTED,DESCRIPTIVE,MONETARY,INTENDED,WITHIN_ORG,WITHIN_SECTOR,WITHIN_AREA,WITHIN_CHAIN,COMPENSATED,DESIGNED_IN,REALISED,BENEFICIAL,,,,Sufficient from canonical report,primary,UNKNOWN,COMPLETE,CONTEMPORARY,NONE_FOUND_IN_REVIEW,MEDIUM,INTERNAL_ONLY,DESIGNER;DELIVERER,REVIEWED,INTERNAL_ONLY,Group A; treated as subset of base four-tier model; not additional output,CONTEXT,M-R3-002,Creative economy mapping commission,Mapping methodology applied to produce analysis,LEAD_CONSULTANT,,,,,,,,26/05,REVIEWED,DESCRIPTIVE_ESTIMATE,NOT_REVIEWED,UNKNOWN,UNKNOWN,,,1.3-candidate,G2-BATCH-D
C-G2-344,P01-NES,"Group B firms (latent creative capacity with technical capability relevant to creative markets) number 90 with £115.2M measured GVA and 1,762 registered employees",CONTEXTUAL,,,The Fifth Sector,,INTENDED,26/05,BENEFICIAL,REPORTED,DESCRIPTIVE,MONETARY,INTENDED,WITHIN_ORG,WITHIN_SECTOR,WITHIN_AREA,WITHIN_CHAIN,COMPENSATED,DESIGNED_IN,REALISED,BENEFICIAL,,,,Sufficient from canonical report,primary,UNKNOWN,COMPLETE,CONTEMPORARY,NONE_FOUND_IN_REVIEW,MEDIUM,INTERNAL_ONLY,DESIGNER;DELIVERER,REVIEWED,INTERNAL_ONLY,Group B; measured GVA is indicator of potential growth capacity not estimate of current CCI GVA; requires market testing,CONTEXT,M-R3-002,Creative economy mapping commission,Mapping methodology applied to produce analysis,LEAD_CONSULTANT,,,,,,,,26/05,REVIEWED,DESCRIPTIVE_ESTIMATE,NOT_REVIEWED,UNKNOWN,UNKNOWN,,,1.3-candidate,G2-BATCH-D
C-G2-345,P01-NES,"City centre is dominant concentration with 790 firms (607 Group A generating £156.7M GVA with 1,823 workers; 55 Group B with £88.6M GVA and 1,359 employees)",CONTEXTUAL,,,The Fifth Sector,,INTENDED,26/05,BENEFICIAL,REPORTED,DESCRIPTIVE,MONETARY,INTENDED,WITHIN_ORG,WITHIN_SECTOR,WITHIN_AREA,WITHIN_CHAIN,COMPENSATED,DESIGNED_IN,REALISED,BENEFICIAL,,,,Sufficient from canonical report,primary,UNKNOWN,COMPLETE,CONTEMPORARY,NONE_FOUND_IN_REVIEW,MEDIUM,INTERNAL_ONLY,DESIGNER;DELIVERER,REVIEWED,INTERNAL_ONLY,City centre; 12 firms with explicit RTIC in immersive/geospatial/design/modelling/robotics,CONTEXT,M-R3-002,Creative economy mapping commission,Mapping methodology applied to produce analysis,LEAD_CONSULTANT,,,,,,,,26/05,REVIEWED,DESCRIPTIVE_ESTIMATE,NOT_REVIEWED,UNKNOWN,UNKNOWN,,,1.3-candidate,G2-BATCH-D
C-G2-346,P01-NES,Westhill-Dyce corridor contains 201 Group A firms generating £46.5M GVA with 451 workers and 17 Group B firms with £12.9M GVA and 103 employees; corridor character is micro-enterprise with 112 sole-director companies,CONTEXTUAL,,,The Fifth Sector,,INTENDED,26/05,BENEFICIAL,REPORTED,DESCRIPTIVE,MONETARY,INTENDED,WITHIN_ORG,WITHIN_SECTOR,WITHIN_AREA,WITHIN_CHAIN,COMPENSATED,DESIGNED_IN,REALISED,BENEFICIAL,,,,Sufficient from canonical report,primary,UNKNOWN,COMPLETE,CONTEMPORARY,NONE_FOUND_IN_REVIEW,MEDIUM,INTERNAL_ONLY,DESIGNER;DELIVERER,REVIEWED,INTERNAL_ONLY,Westhill-Dyce; 112 of 258 firms are sole-director; only 3 firms employ 50+,CONTEXT,M-R3-002,Creative economy mapping commission,Mapping methodology applied to produce analysis,LEAD_CONSULTANT,,,,,,,,26/05,REVIEWED,DESCRIPTIVE_ESTIMATE,NOT_REVIEWED,UNKNOWN,UNKNOWN,,,1.3-candidate,G2-BATCH-D
C-G2-347,P01-NES,"NE Scotland holds per-capita simulation skills concentration 3.5 times the Nottingham comparator (2,298 practitioners), accumulated through 50 years of safety-critical offshore operations",KNOWLEDGE,,,The Fifth Sector,,INTENDED,26/05,BENEFICIAL,REPORTED,DESCRIPTIVE,NONE,INTENDED,WITHIN_ORG,WITHIN_SECTOR,WITHIN_AREA,WITHIN_CHAIN,COMPENSATED,DESIGNED_IN,REALISED,BENEFICIAL,,,,Sufficient from canonical report,primary,UNKNOWN,COMPLETE,CONTEMPORARY,NONE_FOUND_IN_REVIEW,MEDIUM,INTERNAL_ONLY,DESIGNER;DELIVERER,REVIEWED,INTERNAL_ONLY,Simulation surplus; not product of education pipeline but industrial investment; primary competitive asset,METHOD_OUTPUT,M-G2-029,Creative economy mapping commission,Mapping methodology applied to produce analysis,LEAD_CONSULTANT,,,,,,,,26/05,REVIEWED,,NOT_REVIEWED,UNKNOWN,UNKNOWN,,,1.3-candidate,G2-BATCH-D
C-G2-348,P01-NES,"NE Scotland holds VFX surplus 5.7 times and 3D design workflows surplus 4.4 times the Nottingham comparator, with geospatial analytics at 3.2 times",KNOWLEDGE,,,The Fifth Sector,,INTENDED,26/05,BENEFICIAL,REPORTED,DESCRIPTIVE,NONE,INTENDED,WITHIN_ORG,WITHIN_SECTOR,WITHIN_AREA,WITHIN_CHAIN,COMPENSATED,DESIGNED_IN,REALISED,BENEFICIAL,,,,Sufficient from canonical report,primary,UNKNOWN,COMPLETE,CONTEMPORARY,NONE_FOUND_IN_REVIEW,MEDIUM,INTERNAL_ONLY,DESIGNER;DELIVERER,REVIEWED,INTERNAL_ONLY,Adjacent discipline surpluses; same industrial origin as simulation,METHOD_OUTPUT,M-G2-029,Creative economy mapping commission,Mapping methodology applied to produce analysis,LEAD_CONSULTANT,,,,,,,,26/05,REVIEWED,,NOT_REVIEWED,UNKNOWN,UNKNOWN,,,1.3-candidate,G2-BATCH-D
C-G2-349,P01-NES,"NE Scotland shows virtual production deficit of 2.0 times and data storytelling deficit of 2.1 times against Nottingham comparator, concentrated in bridging skills between technical and creative populations",KNOWLEDGE,,,The Fifth Sector,,INTENDED,26/05,BENEFICIAL,REPORTED,DESCRIPTIVE,NONE,INTENDED,WITHIN_ORG,WITHIN_SECTOR,WITHIN_AREA,WITHIN_CHAIN,COMPENSATED,DESIGNED_IN,REALISED,BENEFICIAL,,,,Sufficient from canonical report,primary,UNKNOWN,COMPLETE,CONTEMPORARY,NONE_FOUND_IN_REVIEW,MEDIUM,INTERNAL_ONLY,DESIGNER;DELIVERER,REVIEWED,INTERNAL_ONLY,Deficits describe two Tier 2 sub-populations not region as whole; skills distribution failure not shortage,METHOD_OUTPUT,M-G2-029,Creative economy mapping commission,Mapping methodology applied to produce analysis,LEAD_CONSULTANT,,,,,,,,26/05,REVIEWED,,NOT_REVIEWED,UNKNOWN,UNKNOWN,,,1.3-candidate,G2-BATCH-D
C-G2-350,P01-NES,"Games salaries in NE Scotland running at £42,500 with six-month trend of plus 80.9%; national graduate earnings premium for immersive roles is 29.2%, largest in any creative-digital category",CONTEXTUAL,,,The Fifth Sector,,INTENDED,26/05,BENEFICIAL,REPORTED,DESCRIPTIVE,MONETARY,INTENDED,WITHIN_ORG,WITHIN_SECTOR,WITHIN_AREA,WITHIN_CHAIN,COMPENSATED,DESIGNED_IN,REALISED,BENEFICIAL,,,,Sufficient from canonical report,primary,UNKNOWN,COMPLETE,CONTEMPORARY,NONE_FOUND_IN_REVIEW,MEDIUM,INTERNAL_ONLY,DESIGNER;DELIVERER,REVIEWED,INTERNAL_ONLY,Price signals; salary pressure in games/immersive; demand exceeds supply,CONTEXT,M-G2-029,Creative economy mapping commission,Mapping methodology applied to produce analysis,LEAD_CONSULTANT,,,,,,,,26/05,REVIEWED,OBSERVED_AMOUNT,NOT_REVIEWED,UNKNOWN,UNKNOWN,,,1.3-candidate,G2-BATCH-D
C-G2-351,P01-NES,"Four-tier workforce model constructed to reflect actual structure of regional creative economy rather than official classification categories, defined by relationship to formal employment statistics, economic character, and ecological function",PRODUCT,,,The Fifth Sector,,INTENDED,26/05,BENEFICIAL,REPORTED,DESCRIPTIVE,NONE,INTENDED,WITHIN_ORG,WITHIN_SECTOR,WITHIN_AREA,WITHIN_CHAIN,COMPENSATED,DESIGNED_IN,REALISED,BENEFICIAL,,,,Sufficient from canonical report,primary,UNKNOWN,COMPLETE,CONTEMPORARY,NONE_FOUND_IN_REVIEW,MEDIUM,INTERNAL_ONLY,DESIGNER;DELIVERER,REVIEWED,INTERNAL_ONLY,Four-tier model as analytical product; Tier 1 institutional anchors; Tier 2 SME core; Tier 3 visible freelancers; Tier 4 invisible workforce,METHOD_OUTPUT,M-R3-001,Creative economy mapping commission,Mapping methodology applied to produce analysis,LEAD_CONSULTANT,,,,,,,,26/05,REVIEWED,,NOT_REVIEWED,UNKNOWN,UNKNOWN,,,1.3-candidate,G2-BATCH-D
C-G2-352,P01-NES,"Type II multipliers applied: Tier 1 1.40 (stable public procurement), Tier 2 1.60 (extensive local supply chains), Tier 3 1.40 (local consumption of earnings), Tier 4 1.20 (conservative lower earnings); weighted average 1.49",PRODUCT,,,The Fifth Sector,,INTENDED,26/05,BENEFICIAL,REPORTED,DESCRIPTIVE,NONE,INTENDED,WITHIN_ORG,WITHIN_SECTOR,WITHIN_AREA,WITHIN_CHAIN,COMPENSATED,DESIGNED_IN,REALISED,BENEFICIAL,,,,Sufficient from canonical report,primary,UNKNOWN,COMPLETE,CONTEMPORARY,NONE_FOUND_IN_REVIEW,MEDIUM,INTERNAL_ONLY,DESIGNER;DELIVERER,REVIEWED,INTERNAL_ONLY,Multiplier methodology; Scottish Government Type II definition; weighted average slightly above Scottish benchmark 1.48,METHOD_OUTPUT,M-R3-001,Creative economy mapping commission,Mapping methodology applied to produce analysis,LEAD_CONSULTANT,,,,,,,,26/05,REVIEWED,,NOT_REVIEWED,UNKNOWN,UNKNOWN,,,1.3-candidate,G2-BATCH-D
C-G2-353,P01-NES,"Penetration gap analysis methodology used to estimate Tier 4 invisible workforce: difference between estimated total creative practitioner population and proportion identifiable through LinkedIn and official data, validated through workspace density modelling and open studio participation data",PRODUCT,,,The Fifth Sector,,INTENDED,26/05,BENEFICIAL,REPORTED,DESCRIPTIVE,NONE,INTENDED,WITHIN_ORG,WITHIN_SECTOR,WITHIN_AREA,WITHIN_CHAIN,COMPENSATED,DESIGNED_IN,REALISED,BENEFICIAL,,,,Sufficient from canonical report,primary,UNKNOWN,COMPLETE,CONTEMPORARY,NONE_FOUND_IN_REVIEW,MEDIUM,INTERNAL_ONLY,DESIGNER;DELIVERER,REVIEWED,INTERNAL_ONLY,Tier 4 methodology; LinkedIn penetration 30-45% for artists/makers vs 80%+ for tech; Liverpool Music Futures comparator,METHOD_OUTPUT,M-R3-001,Creative economy mapping commission,Mapping methodology applied to produce analysis,LEAD_CONSULTANT,,,,,,,,26/05,REVIEWED,,NOT_REVIEWED,UNKNOWN,UNKNOWN,,,1.3-candidate,G2-BATCH-D
C-G2-354,P01-NES,"Convergence firm classification methodology (Groups A, B, C) applied using Real-Time Industrial Classification of website content and human validation to distinguish active creative-digital firms from latent capacity and false positives",PRODUCT,,,The Fifth Sector,,INTENDED,26/05,BENEFICIAL,REPORTED,DESCRIPTIVE,NONE,INTENDED,WITHIN_ORG,WITHIN_SECTOR,WITHIN_AREA,WITHIN_CHAIN,COMPENSATED,DESIGNED_IN,REALISED,BENEFICIAL,,,,Sufficient from canonical report,primary,UNKNOWN,COMPLETE,CONTEMPORARY,NONE_FOUND_IN_REVIEW,MEDIUM,INTERNAL_ONLY,DESIGNER;DELIVERER,REVIEWED,INTERNAL_ONLY,Three-group classification; Group A confirmed CCI; Group B latent capacity; Group C false positives excluded,METHOD_OUTPUT,M-R3-002,Creative economy mapping commission,Mapping methodology applied to produce analysis,LEAD_CONSULTANT,,,,,,,,26/05,REVIEWED,,NOT_REVIEWED,UNKNOWN,UNKNOWN,,,1.3-candidate,G2-BATCH-D
C-G2-355,P01-NES,"Edit Aberdeen generated £100,000 in retail sales in the year prior to research, with 60% returned to makers and 40% retained to sustain operations",PRODUCT,,,The Fifth Sector,,INTENDED,26/05,BENEFICIAL,REPORTED,DESCRIPTIVE,MONETARY,INTENDED,WITHIN_ORG,WITHIN_SECTOR,WITHIN_AREA,WITHIN_CHAIN,COMPENSATED,DESIGNED_IN,REALISED,BENEFICIAL,,,,Sufficient from canonical report,primary,UNKNOWN,COMPLETE,CONTEMPORARY,NONE_FOUND_IN_REVIEW,MEDIUM,INTERNAL_ONLY,DESIGNER;DELIVERER,REVIEWED,INTERNAL_ONLY,Edit Aberdeen retail sales; figures from Peter Baxter account not independently verified against accounts; indicative of scale not audited financial data; most significant direct quantitative evidence for Tier 4,EFFECT,M-G2-030,Creative economy mapping commission,Mapping methodology applied to produce analysis,LEAD_CONSULTANT,,,,,,,,26/05,REVIEWED,OBSERVED_AMOUNT,NOT_REVIEWED,UNKNOWN,UNKNOWN,,,1.3-candidate,G2-BATCH-D
C-G2-356,P01-NES,"Documented graduate retention pathway runs from RGU Gray's School of Art through Edit commercial briefs to DAST studio tenancy, with at least one graduate progressing through full sequence from coursework to commercial exhibition to studio space",KNOWLEDGE,,,The Fifth Sector,,INTENDED,26/05,BENEFICIAL,REPORTED,DESCRIPTIVE,NONE,INTENDED,WITHIN_ORG,WITHIN_SECTOR,WITHIN_AREA,WITHIN_CHAIN,COMPENSATED,DESIGNED_IN,REALISED,BENEFICIAL,,,,Sufficient from canonical report,primary,UNKNOWN,COMPLETE,CONTEMPORARY,NONE_FOUND_IN_REVIEW,MEDIUM,INTERNAL_ONLY,DESIGNER;DELIVERER,REVIEWED,INTERNAL_ONLY,Editions pathway; not captured in any institutional data or graduate destination surveys; RGU did not mention it when asked about regional creative economy engagement,EFFECT,M-G2-030,Creative economy mapping commission,Mapping methodology applied to produce analysis,LEAD_CONSULTANT,,,,,,,,26/05,REVIEWED,,NOT_REVIEWED,UNKNOWN,UNKNOWN,,,1.3-candidate,G2-BATCH-D
C-G2-357,P01-NES,"Bon Accord Centre's pitch to new retail tenants explicitly references Edit and the Curated Market as differentiating factors, with Sostrene Grene viewing the centre's direction of travel favourably in part because of cultural uses",NETWORK,,,The Fifth Sector,,INTENDED,26/05,BENEFICIAL,REPORTED,DESCRIPTIVE,NONE,INTENDED,WITHIN_ORG,WITHIN_SECTOR,WITHIN_AREA,WITHIN_CHAIN,COMPENSATED,DESIGNED_IN,REALISED,BENEFICIAL,,,,Sufficient from canonical report,primary,UNKNOWN,COMPLETE,CONTEMPORARY,NONE_FOUND_IN_REVIEW,MEDIUM,INTERNAL_ONLY,DESIGNER;DELIVERER,REVIEWED,INTERNAL_ONLY,City centre manager confirmation; does not constitute causal evidence of influence on specific leasing decision; qualified corroboration of plausible hypothesis,EFFECT,M-G2-030,Creative economy mapping commission,Mapping methodology applied to produce analysis,LEAD_CONSULTANT,,,,,,,,26/05,REVIEWED,,NOT_REVIEWED,UNKNOWN,UNKNOWN,,,1.3-candidate,G2-BATCH-D
C-G2-358,P01-NES,"Corridor firms were absent from all four stakeholder workshops despite direct outreach through dedicated web page and email contact, providing direct empirical evidence of institutional separation between creative and technical communities",NETWORK,,,The Fifth Sector,,INTENDED,26/05,BENEFICIAL,REPORTED,DESCRIPTIVE,NONE,INTENDED,WITHIN_ORG,WITHIN_SECTOR,WITHIN_AREA,WITHIN_CHAIN,COMPENSATED,DESIGNED_IN,REALISED,BENEFICIAL,,,,Sufficient from canonical report,primary,UNKNOWN,COMPLETE,CONTEMPORARY,NONE_FOUND_IN_REVIEW,MEDIUM,INTERNAL_ONLY,DESIGNER;DELIVERER,REVIEWED,INTERNAL_ONLY,Most direct empirical evidence of separation; corridor firms have no relationship with creative economy support infrastructure,EFFECT,M-R3-002,Creative economy mapping commission,Mapping methodology applied to produce analysis,LEAD_CONSULTANT,,,,,,,,26/05,REVIEWED,,NOT_REVIEWED,UNKNOWN,UNKNOWN,,,1.3-candidate,G2-BATCH-D
C-G2-359,P01-NES,"GANE (audience development network), Creative Cultures (creative industries directory), and Design in Action (RCUK creative economy R&D programme ended 2016) have all dissolved, documenting the churn cycle of formation, underfunding, and dissolution",KNOWLEDGE,,,The Fifth Sector,,INTENDED,26/05,BENEFICIAL,REPORTED,DESCRIPTIVE,NONE,INTENDED,WITHIN_ORG,WITHIN_SECTOR,WITHIN_AREA,WITHIN_CHAIN,COMPENSATED,DESIGNED_IN,REALISED,BENEFICIAL,,,,Sufficient from canonical report,primary,UNKNOWN,COMPLETE,CONTEMPORARY,NONE_FOUND_IN_REVIEW,MEDIUM,INTERNAL_ONLY,DESIGNER;DELIVERER,REVIEWED,INTERNAL_ONLY,Churn cycle evidence; each episode represents minimum 3-5 years of practitioner time and public investment that cannot be reclaimed,EFFECT,M-G2-031,Creative economy mapping commission,Mapping methodology applied to produce analysis,LEAD_CONSULTANT,,,,,,,,26/05,REVIEWED,,NOT_REVIEWED,UNKNOWN,UNKNOWN,,,1.3-candidate,G2-BATCH-D
C-G2-360,P01-NES,"FINE received £63,000 from UKSPF with no confirmed successor funding, and Aberdeenshire Cultural Tides received £170,126 in UKSPF allocation for 2024/25 ending without replacement",KNOWLEDGE,,,The Fifth Sector,,INTENDED,26/05,BENEFICIAL,REPORTED,DESCRIPTIVE,MONETARY,INTENDED,WITHIN_ORG,WITHIN_SECTOR,WITHIN_AREA,WITHIN_CHAIN,COMPENSATED,DESIGNED_IN,REALISED,BENEFICIAL,,,,Sufficient from canonical report,primary,UNKNOWN,COMPLETE,CONTEMPORARY,NONE_FOUND_IN_REVIEW,MEDIUM,INTERNAL_ONLY,DESIGNER;DELIVERER,REVIEWED,INTERNAL_ONLY,UKSPF end creates gap disproportionately affecting Aberdeenshire; no confirmed UK Government successor,EFFECT,M-G2-031,Creative economy mapping commission,Mapping methodology applied to produce analysis,LEAD_CONSULTANT,,,,,,,,26/05,REVIEWED,OBSERVED_AMOUNT,NOT_REVIEWED,UNKNOWN,UNKNOWN,,,1.3-candidate,G2-BATCH-D
C-G2-361,P01-NES,Strategy 1 proposes a Convergence Economy Identification and Connectivity Programme to bring corridor firms into a named network and create conditions for hybrid commercial bids between city-centre agencies and corridor firms,OPTION,,CONNECTIVITY_PROGRAMME,The Fifth Sector,,INTENDED,26/05,BENEFICIAL,PROPOSED,DESCRIPTIVE,NONE,INTENDED,WITHIN_ORG,WITHIN_SECTOR,WITHIN_AREA,WITHIN_CHAIN,COMPENSATED,DESIGNED_IN,REALISED,BENEFICIAL,,,,Sufficient from canonical report,primary,UNKNOWN,COMPLETE,CONTEMPORARY,NONE_FOUND_IN_REVIEW,MEDIUM,INTERNAL_ONLY,DESIGNER;DELIVERER,REVIEWED,INTERNAL_ONLY,Strategy 1; six to eighteen months first phase; low capital cost; primary output measure: three joint commercial relationships established,DESIGN,M-R3-003,Creative economy mapping commission,Mapping methodology applied to produce analysis,LEAD_CONSULTANT,,PROPOSED,Regional Economic Partnership,COMMISSIONER_DECISION,,,,26/05,REVIEWED,,NOT_REVIEWED,UNKNOWN,UNKNOWN,,,1.3-candidate,G2-BATCH-D
C-G2-362,P01-NES,Strategy 2 proposes short-cycle CPD programmes at RGU and NESCol running in both directions: data storytelling and virtual production for corridor firms; energy systems literacy and simulation technology for city-centre agencies,OPTION,,CPD_PROGRAMME,The Fifth Sector,,INTENDED,26/05,BENEFICIAL,PROPOSED,DESCRIPTIVE,NONE,INTENDED,WITHIN_ORG,WITHIN_SECTOR,WITHIN_AREA,WITHIN_CHAIN,COMPENSATED,DESIGNED_IN,REALISED,BENEFICIAL,,,,Sufficient from canonical report,primary,UNKNOWN,COMPLETE,CONTEMPORARY,NONE_FOUND_IN_REVIEW,MEDIUM,INTERNAL_ONLY,DESIGNER;DELIVERER,REVIEWED,INTERNAL_ONLY,Strategy 2; mixed cohorts from outset; lays tracks for Aberdeen-Dundee Creative Technology Corridor with CoSTAR and Abertay,DESIGN,M-R3-003,Creative economy mapping commission,Mapping methodology applied to produce analysis,LEAD_CONSULTANT,,PROPOSED,RGU; NESCol,INSTITUTIONAL_DECISION,,,,26/05,REVIEWED,,NOT_REVIEWED,UNKNOWN,UNKNOWN,,,1.3-candidate,G2-BATCH-D
C-G2-363,P01-NES,Strategy 3 proposes four actions: recognise CIC creative market infrastructure in planning frameworks; formalise Gray's-Edit graduate retention pathway; extend Creative Neighbourhoods to rural Aberdeenshire; commission Creative Wellbeing Economy pilot,OPTION,,CULTURAL_INFRASTRUCTURE,The Fifth Sector,,INTENDED,26/05,BENEFICIAL,PROPOSED,DESCRIPTIVE,NONE,INTENDED,WITHIN_ORG,WITHIN_SECTOR,WITHIN_AREA,WITHIN_CHAIN,COMPENSATED,DESIGNED_IN,REALISED,BENEFICIAL,,,,Sufficient from canonical report,primary,UNKNOWN,COMPLETE,CONTEMPORARY,NONE_FOUND_IN_REVIEW,MEDIUM,INTERNAL_ONLY,DESIGNER;DELIVERER,REVIEWED,INTERNAL_ONLY,Strategy 3; achievable within existing frameworks at low or zero cost; recognition not subsidy,DESIGN,M-R3-003,Creative economy mapping commission,Mapping methodology applied to produce analysis,LEAD_CONSULTANT,,PROPOSED,Aberdeen City Council; Aberdeenshire Council,POLICY_DECISION,,,,26/05,REVIEWED,,NOT_REVIEWED,UNKNOWN,UNKNOWN,,,1.3-candidate,G2-BATCH-D
C-G2-364,P01-NES,Strategy 4 proposes a Creative Career Bridge programme: twelve-month paid placement placing creative graduates with convergence tier firms and city-centre agencies developing energy transition offer,OPTION,,PLACEMENT_PROGRAMME,The Fifth Sector,,INTENDED,26/05,BENEFICIAL,PROPOSED,DESCRIPTIVE,NONE,INTENDED,WITHIN_ORG,WITHIN_SECTOR,WITHIN_AREA,WITHIN_CHAIN,COMPENSATED,DESIGNED_IN,REALISED,BENEFICIAL,,,,Sufficient from canonical report,primary,UNKNOWN,COMPLETE,CONTEMPORARY,NONE_FOUND_IN_REVIEW,MEDIUM,INTERNAL_ONLY,DESIGNER;DELIVERER,REVIEWED,INTERNAL_ONLY,"Strategy 4; funded by Scottish Enterprise, RES, and employer contribution; programme design year 1, first cohort year 2",DESIGN,M-R3-003,Creative economy mapping commission,Mapping methodology applied to produce analysis,LEAD_CONSULTANT,,PROPOSED,Scottish Enterprise; Regional Economic Partnership,FUNDING_DECISION,,,,26/05,REVIEWED,,NOT_REVIEWED,UNKNOWN,UNKNOWN,,,1.3-candidate,G2-BATCH-D
C-G2-365,P01-NES,"Strategy 5 proposes a NES Creative Economy Narrative as formal policy commitment maintained by Joint Board, deploying three evidenced claims: simulation surplus, DAST/Edit model, and energy transition creative proposition",OPTION,,NARRATIVE_STRATEGY,The Fifth Sector,,INTENDED,26/05,BENEFICIAL,PROPOSED,DESCRIPTIVE,NONE,INTENDED,WITHIN_ORG,WITHIN_SECTOR,WITHIN_AREA,WITHIN_CHAIN,COMPENSATED,DESIGNED_IN,REALISED,BENEFICIAL,,,,Sufficient from canonical report,primary,UNKNOWN,COMPLETE,CONTEMPORARY,NONE_FOUND_IN_REVIEW,MEDIUM,INTERNAL_ONLY,DESIGNER;DELIVERER,REVIEWED,INTERNAL_ONLY,Strategy 5; condition of possibility for all other strategies; formal policy commitment not branding exercise,DESIGN,M-R3-003,Creative economy mapping commission,Mapping methodology applied to produce analysis,LEAD_CONSULTANT,,PROPOSED,Joint Board,GOVERNANCE_DECISION,,,,26/05,REVIEWED,,NOT_REVIEWED,UNKNOWN,UNKNOWN,,,1.3-candidate,G2-BATCH-D
C-G2-366,P01-NES,"Recommendation 1 proposes full-spectrum measurement framework (NES Culture Data Hub) covering all four tiers, tracking institutional durability alongside firm count and GVA, updated at three-year intervals, with year-one priority to test market overlap between creative and technical firms",OPTION,,MEASUREMENT_FRAMEWORK,The Fifth Sector,,INTENDED,26/05,BENEFICIAL,PROPOSED,DESCRIPTIVE,MONETARY,INTENDED,WITHIN_ORG,WITHIN_SECTOR,WITHIN_AREA,WITHIN_CHAIN,COMPENSATED,DESIGNED_IN,REALISED,BENEFICIAL,,,,Sufficient from canonical report,primary,UNKNOWN,COMPLETE,CONTEMPORARY,NONE_FOUND_IN_REVIEW,MEDIUM,INTERNAL_ONLY,DESIGNER;DELIVERER,REVIEWED,INTERNAL_ONLY,"Recommendation 1; indicative cost £100,000; year 1; joint governance with Creative Scotland as data standards partner",DESIGN,M-R3-003,Creative economy mapping commission,Mapping methodology applied to produce analysis,LEAD_CONSULTANT,,PROPOSED,Aberdeen City Council; Aberdeenshire Council,JOINT_DECISION,,,,26/05,REVIEWED,SCENARIO_ESTIMATE,NOT_REVIEWED,UNKNOWN,UNKNOWN,,,1.3-candidate,G2-BATCH-D
C-G2-367,P01-NES,"Recommendation 2 proposes a Creative Ecology Structural Fund jointly governed by both local authorities with Creative Scotland and Scottish Enterprise, providing multi-year revenue funding to emergent formation organisations with minimum three-year funding periods",OPTION,,STRUCTURAL_FUND,The Fifth Sector,,INTENDED,26/05,BENEFICIAL,PROPOSED,DESCRIPTIVE,MONETARY,INTENDED,WITHIN_ORG,WITHIN_SECTOR,WITHIN_AREA,WITHIN_CHAIN,COMPENSATED,DESIGNED_IN,REALISED,BENEFICIAL,,,,Sufficient from canonical report,primary,UNKNOWN,COMPLETE,CONTEMPORARY,NONE_FOUND_IN_REVIEW,MEDIUM,INTERNAL_ONLY,DESIGNER;DELIVERER,REVIEWED,INTERNAL_ONLY,Recommendation 2; indicative cost £150K-£300K per year for cohort of 4-6 organisations; exit condition: MYF status or income diversification,DESIGN,M-R3-003,Creative economy mapping commission,Mapping methodology applied to produce analysis,LEAD_CONSULTANT,,PROPOSED,Aberdeen City Council; Aberdeenshire Council; Creative Scotland,JOINT_FUNDING_DECISION,,,,26/05,REVIEWED,SCENARIO_ESTIMATE,NOT_REVIEWED,UNKNOWN,UNKNOWN,,,1.3-candidate,G2-BATCH-D
C-G2-368,P01-NES,"Recommendation 3 proposes a joint CoSTAR bid with RGU as lead applicant, University of Aberdeen as co-applicant, both local authorities as co-applicants, built on simulation surplus as primary competitive differentiator",OPTION,,RESEARCH_BID,The Fifth Sector,,INTENDED,26/05,BENEFICIAL,PROPOSED,DESCRIPTIVE,NONE,INTENDED,WITHIN_ORG,WITHIN_SECTOR,WITHIN_AREA,WITHIN_CHAIN,COMPENSATED,DESIGNED_IN,REALISED,BENEFICIAL,,,,Sufficient from canonical report,primary,UNKNOWN,COMPLETE,CONTEMPORARY,NONE_FOUND_IN_REVIEW,MEDIUM,INTERNAL_ONLY,DESIGNER;DELIVERER,REVIEWED,INTERNAL_ONLY,Recommendation 3; CoSTAR satellite confirmation expected 26/06; bid positions NE Scotland as distinct convergence economy typology,DESIGN,M-R3-003,Creative economy mapping commission,Mapping methodology applied to produce analysis,LEAD_CONSULTANT,,PROPOSED,RGU; University of Aberdeen,ACADEMIC_DECISION,,,,26/05,REVIEWED,,NOT_REVIEWED,UNKNOWN,UNKNOWN,,,1.3-candidate,G2-BATCH-D
C-G2-369,P01-NES,"Recommendation 4 proposes a Joint Cultural and Creative Economy Board with shared budget line, dedicated officer resource (1 FTE plus £50K-£100K programme budget), and formal mandate covering measurement, structural funding, UKRI bid, and advocacy",OPTION,,GOVERNANCE_VEHICLE,The Fifth Sector,,INTENDED,26/05,BENEFICIAL,PROPOSED,DESCRIPTIVE,MONETARY,INTENDED,WITHIN_ORG,WITHIN_SECTOR,WITHIN_AREA,WITHIN_CHAIN,COMPENSATED,DESIGNED_IN,REALISED,BENEFICIAL,,,,Sufficient from canonical report,primary,UNKNOWN,COMPLETE,CONTEMPORARY,NONE_FOUND_IN_REVIEW,MEDIUM,INTERNAL_ONLY,DESIGNER;DELIVERER,REVIEWED,INTERNAL_ONLY,Recommendation 4; precondition for three other recommendations; joint committee model for year one; Creative Industries Working Group as operational base,DESIGN,M-R3-003,Creative economy mapping commission,Mapping methodology applied to produce analysis,LEAD_CONSULTANT,,PROPOSED,Aberdeen City Council; Aberdeenshire Council,JOINT_GOVERNANCE_DECISION,,,,26/05,REVIEWED,SCENARIO_ESTIMATE,NOT_REVIEWED,UNKNOWN,UNKNOWN,,,1.3-candidate,G2-BATCH-D
C-G2-370,P01-NES,"Recommendation 5 proposes aligning creative economy explicitly with energy transition through Creative Communication for Energy Transition programme with four actions: NES Narrative, Aberdeen-Dundee Corridor, Creative Career Bridge, and market development programme",OPTION,,TRANSITION_PROGRAMME,The Fifth Sector,,INTENDED,26/05,BENEFICIAL,PROPOSED,DESCRIPTIVE,MONETARY,INTENDED,WITHIN_ORG,WITHIN_SECTOR,WITHIN_AREA,WITHIN_CHAIN,COMPENSATED,DESIGNED_IN,REALISED,BENEFICIAL,,,,Sufficient from canonical report,primary,UNKNOWN,COMPLETE,CONTEMPORARY,NONE_FOUND_IN_REVIEW,MEDIUM,INTERNAL_ONLY,DESIGNER;DELIVERER,REVIEWED,INTERNAL_ONLY,Recommendation 5; indicative cost £200K-£400K over three years; years 2-4,DESIGN,M-R3-003,Creative economy mapping commission,Mapping methodology applied to produce analysis,LEAD_CONSULTANT,,PROPOSED,Joint Board; Energy Transition Zone; Opportunity North East,JOINT_PROGRAMME_DECISION,,,,26/05,REVIEWED,SCENARIO_ESTIMATE,NOT_REVIEWED,UNKNOWN,UNKNOWN,,,1.3-candidate,G2-BATCH-D
C-G2-371,P01-NES,Convergence opportunity between simulation/visualisation firms and creative/marketing agencies represents latent capacity requiring market testing before any enhanced output can be claimed; Group B measured GVA is indicator of potential not estimate of current CCI output,OPTION,,MARKET_TESTING_OPTION,The Fifth Sector,,INTENDED,26/05,BENEFICIAL,PROPOSED,DESCRIPTIVE,NONE,INTENDED,WITHIN_ORG,WITHIN_SECTOR,WITHIN_AREA,WITHIN_CHAIN,COMPENSATED,DESIGNED_IN,REALISED,BENEFICIAL,,,,Sufficient from canonical report,primary,UNKNOWN,COMPLETE,CONTEMPORARY,NONE_FOUND_IN_REVIEW,MEDIUM,INTERNAL_ONLY,DESIGNER;DELIVERER,REVIEWED,INTERNAL_ONLY,Convergence option; May report explicitly does not claim Group B GVA as current creative output; requires market testing of addressable market size,DESIGN,M-R3-002,Creative economy mapping commission,Mapping methodology applied to produce analysis,LEAD_CONSULTANT,,PROPOSED,Regional Economic Partnership,COMMISSIONER_DECISION,,,,26/05,REVIEWED,,NOT_REVIEWED,UNKNOWN,UNKNOWN,,,1.3-candidate,G2-BATCH-D
C-G2-372,P01-NES,"Aberdeen-Dundee Creative Technology Corridor partnership with CoSTAR and Abertay proposed as mechanism for virtual production training access, with Abertay CoSTAR Realtime Lab providing model NE Scotland institutions cannot currently match",OPTION,,CORRIDOR_PARTNERSHIP,The Fifth Sector,,INTENDED,26/05,BENEFICIAL,PROPOSED,DESCRIPTIVE,NONE,INTENDED,WITHIN_ORG,WITHIN_SECTOR,WITHIN_AREA,WITHIN_CHAIN,COMPENSATED,DESIGNED_IN,REALISED,BENEFICIAL,,,,Sufficient from canonical report,primary,UNKNOWN,COMPLETE,CONTEMPORARY,NONE_FOUND_IN_REVIEW,MEDIUM,INTERNAL_ONLY,DESIGNER;DELIVERER,REVIEWED,INTERNAL_ONLY,Corridor option; institutional bridge for simulation workforce to access virtual production training,DESIGN,M-R3-003,Creative economy mapping commission,Mapping methodology applied to produce analysis,LEAD_CONSULTANT,,PROPOSED,RGU; University of Aberdeen; Abertay,ACADEMIC_PARTNERSHIP,,,,26/05,REVIEWED,,NOT_REVIEWED,UNKNOWN,UNKNOWN,,,1.3-candidate,G2-BATCH-D
C-G2-373,P01-NES,"Screen North East investment case proposed based on comparators from North East Screen Industries Partnership, Liverpool City Region Production Fund, and Yorkshire Content Fund, addressing virtual production skills deficit directly",OPTION,,SCREEN_INVESTMENT,The Fifth Sector,,INTENDED,26/05,BENEFICIAL,PROPOSED,DESCRIPTIVE,NONE,INTENDED,WITHIN_ORG,WITHIN_SECTOR,WITHIN_AREA,WITHIN_CHAIN,COMPENSATED,DESIGNED_IN,REALISED,BENEFICIAL,,,,Sufficient from canonical report,primary,UNKNOWN,COMPLETE,CONTEMPORARY,NONE_FOUND_IN_REVIEW,MEDIUM,INTERNAL_ONLY,DESIGNER;DELIVERER,REVIEWED,INTERNAL_ONLY,Screen investment option; regional film office and production fund at scale of comparable UK regional models,DESIGN,M-R3-003,Creative economy mapping commission,Mapping methodology applied to produce analysis,LEAD_CONSULTANT,,PROPOSED,Screen Scotland; local authorities,FUNDING_DECISION,,,,26/05,REVIEWED,,NOT_REVIEWED,UNKNOWN,UNKNOWN,,,1.3-candidate,G2-BATCH-D
C-G2-374,P01-NES,"Convergence economy framing identified as analytical innovation: creative-origin technical skills adopted and scaled by industrial sector, generating simulation surplus at concentrations above comparable UK city-regions, invisible to standard SIC classification",KNOWLEDGE,,,The Fifth Sector,,INTENDED,26/05,BENEFICIAL,REPORTED,DESCRIPTIVE,NONE,INTENDED,WITHIN_ORG,WITHIN_SECTOR,WITHIN_AREA,WITHIN_CHAIN,COMPENSATED,DESIGNED_IN,REALISED,BENEFICIAL,,,,Sufficient from canonical report,primary,UNKNOWN,COMPLETE,CONTEMPORARY,NONE_FOUND_IN_REVIEW,MEDIUM,INTERNAL_ONLY,DESIGNER;DELIVERER,REVIEWED,INTERNAL_ONLY,Convergence economy as concept; second structural asset invisible to 2014 Matarasso lens; analytical contribution distinct from Pinning Stones baseline,METHOD_OUTPUT,M-R3-002,Creative economy mapping commission,Mapping methodology applied to produce analysis,LEAD_CONSULTANT,,,,,,,,26/05,REVIEWED,,NOT_REVIEWED,UNKNOWN,UNKNOWN,,,1.3-candidate,G2-BATCH-D
C-G2-375,P01-NES,Skills asymmetry between corridor and city-centre communities is structural and quantifiable: corridor holds simulation depth but lacks narrative capability; city-centre holds narrative and client relationships but lacks technical substrate for immersive production,KNOWLEDGE,,,The Fifth Sector,,INTENDED,26/05,BENEFICIAL,REPORTED,DESCRIPTIVE,NONE,INTENDED,WITHIN_ORG,WITHIN_SECTOR,WITHIN_AREA,WITHIN_CHAIN,COMPENSATED,DESIGNED_IN,REALISED,BENEFICIAL,,,,Sufficient from canonical report,primary,UNKNOWN,COMPLETE,CONTEMPORARY,NONE_FOUND_IN_REVIEW,MEDIUM,INTERNAL_ONLY,DESIGNER;DELIVERER,REVIEWED,INTERNAL_ONLY,Structural inverse pattern; gap is between two parts of same regional economy not between region and others; commercially constraining for each and transformative if connected,METHOD_OUTPUT,M-G2-029,Creative economy mapping commission,Mapping methodology applied to produce analysis,LEAD_CONSULTANT,,,,,,,,26/05,REVIEWED,,NOT_REVIEWED,UNKNOWN,UNKNOWN,,,1.3-candidate,G2-BATCH-D
C-G2-376,P01-NES,"Churn cycle pattern identified: creative economy repeatedly generates institutional infrastructure that fails to survive conditions of its formation due to time-bound public funding, with each episode representing minimum 3-5 years of unrecoverable practitioner time and investment",KNOWLEDGE,,,The Fifth Sector,,INTENDED,26/05,BENEFICIAL,REPORTED,DESCRIPTIVE,NONE,INTENDED,WITHIN_ORG,WITHIN_SECTOR,WITHIN_AREA,WITHIN_CHAIN,COMPENSATED,DESIGNED_IN,REALISED,BENEFICIAL,,,,Sufficient from canonical report,primary,UNKNOWN,COMPLETE,CONTEMPORARY,NONE_FOUND_IN_REVIEW,MEDIUM,INTERNAL_ONLY,DESIGNER;DELIVERER,REVIEWED,INTERNAL_ONLY,"Churn cycle; GANE, Creative Cultures, Design in Action documented; networks and trust do not transfer to successor organisations; Ken Hay quote on spending money chasing money",METHOD_OUTPUT,M-G2-031,Creative economy mapping commission,Mapping methodology applied to produce analysis,LEAD_CONSULTANT,,,,,,,,26/05,REVIEWED,,NOT_REVIEWED,UNKNOWN,UNKNOWN,,,1.3-candidate,G2-BATCH-D
C-G2-377,P01-NES,"Heritage substrate (four millennia of built and landscape heritage, prehistoric monuments, Doric language, bothy ballad corpus, Greig-Duncan folk song collection) underpins entire tier structure as economic infrastructure but appears in no firm count or GVA calculation",KNOWLEDGE,,,The Fifth Sector,,INTENDED,26/05,BENEFICIAL,REPORTED,DESCRIPTIVE,NONE,INTENDED,WITHIN_ORG,WITHIN_SECTOR,WITHIN_AREA,WITHIN_CHAIN,COMPENSATED,DESIGNED_IN,REALISED,BENEFICIAL,,,,Sufficient from canonical report,primary,UNKNOWN,COMPLETE,CONTEMPORARY,NONE_FOUND_IN_REVIEW,MEDIUM,INTERNAL_ONLY,DESIGNER;DELIVERER,REVIEWED,INTERNAL_ONLY,Heritage substrate; cultural and social foundational asset; differentiates NE cultural production from competitors; reason practitioners come and stay,CONTEXT,M-R3-001,Creative economy mapping commission,Mapping methodology applied to produce analysis,LEAD_CONSULTANT,,,,,,,,26/05,REVIEWED,,NOT_REVIEWED,UNKNOWN,UNKNOWN,,,1.3-candidate,G2-BATCH-D
C-G2-378,P01-NES,"Three geographically disparate and commercially disconnected creative communities identified: city-centre creative/marketing agencies, rural/coastal practitioners, and Westhill-Dyce technical firms, each arriving at limit of standalone capability with no commercial relationship between them",NETWORK,,,The Fifth Sector,,INTENDED,26/05,BENEFICIAL,REPORTED,DESCRIPTIVE,NONE,INTENDED,WITHIN_ORG,WITHIN_SECTOR,WITHIN_AREA,WITHIN_CHAIN,COMPENSATED,DESIGNED_IN,REALISED,BENEFICIAL,,,,Sufficient from canonical report,primary,UNKNOWN,COMPLETE,CONTEMPORARY,NONE_FOUND_IN_REVIEW,MEDIUM,INTERNAL_ONLY,DESIGNER;DELIVERER,REVIEWED,INTERNAL_ONLY,"Three communities; separation entirely institutional product of geography, sectoral self-identification, and absence of brokering mechanism",CONTEXT,M-R3-002,Creative economy mapping commission,Mapping methodology applied to produce analysis,LEAD_CONSULTANT,,,,,,,,26/05,REVIEWED,,NOT_REVIEWED,UNKNOWN,UNKNOWN,,,1.3-candidate,G2-BATCH-D
C-G2-379,P01-NES,"North East Open Studios network consistently engages more than 300 artists and makers across the region, providing connectivity infrastructure between 2,000+ rural and urban Tier 4 practitioners",NETWORK,,,The Fifth Sector,,INTENDED,26/05,BENEFICIAL,REPORTED,DESCRIPTIVE,NONE,INTENDED,WITHIN_ORG,WITHIN_SECTOR,WITHIN_AREA,WITHIN_CHAIN,COMPENSATED,DESIGNED_IN,REALISED,BENEFICIAL,,,,Sufficient from canonical report,primary,UNKNOWN,COMPLETE,CONTEMPORARY,NONE_FOUND_IN_REVIEW,MEDIUM,INTERNAL_ONLY,DESIGNER;DELIVERER,REVIEWED,INTERNAL_ONLY,NEOS; cornerstone of distributed ecosystem; commercial outlet and network function for isolated practitioners; concentric circles structure,CONTEXT,M-G2-030,Creative economy mapping commission,Mapping methodology applied to produce analysis,LEAD_CONSULTANT,,,,,,,,26/05,REVIEWED,,NOT_REVIEWED,UNKNOWN,UNKNOWN,,,1.3-candidate,G2-BATCH-D
C-G2-380,P01-NES,"Fifth Sector delivered comprehensive creative economy mapping report to Aberdeen City Council with four-tier workforce model, convergence analysis, skills analysis, five growth strategies, and five strategic recommendations",NOT_APPLICABLE,,,The Fifth Sector,,INTENDED,26/05,BENEFICIAL,DELIVERED,DESCRIPTIVE,NONE,INTENDED,WITHIN_ORG,WITHIN_SECTOR,WITHIN_AREA,WITHIN_CHAIN,COMPENSATED,DESIGNED_IN,REALISED,BENEFICIAL,,,,Sufficient from canonical report,primary,UNKNOWN,COMPLETE,CONTEMPORARY,NONE_FOUND_IN_REVIEW,MEDIUM,INTERNAL_ONLY,DESIGNER;DELIVERER,REVIEWED,INTERNAL_ONLY,Report delivered 26/05; v3.12 canonical; Iain Bennett and Lynne McCadden lead with Obsolete.com and Unscrambled.world partners,BID_SUPPORT_DELIVERED,M-R3-001;M-R3-002;M-G2-029;M-R3-003,Creative economy mapping commission,Mapping methodology applied to produce analysis,LEAD_CONSULTANT,,,,,,,,26/05,REVIEWED,,NOT_REVIEWED,UNKNOWN,UNKNOWN,,,1.3-candidate,G2-BATCH-D
C-G2-381,P02-FGTG,"MMU aims to increase RD&I activity with focus on SMEs and support SMEs to access innovation funding including Innovate UK, with current success rates lower than expected",CONTEXTUAL,,,The Fifth Sector,,INTENDED,24/12,BENEFICIAL,REPORTED,DESCRIPTIVE,NONE,INTENDED,WITHIN_ORG,WITHIN_SECTOR,WITHIN_AREA,WITHIN_CHAIN,COMPENSATED,DESIGNED_IN,REALISED,BENEFICIAL,,,,Sufficient from workshop report and analysis,primary,UNKNOWN,PARTIAL,CONTEMPORARY,NONE_FOUND_IN_REVIEW,MEDIUM,INTERNAL_ONLY,DESIGNER;DELIVERER,REVIEWED,INTERNAL_ONLY,MMU strategic context; Innovate UK success rates below expected for GM SMEs,CONTEXT,M-R3-004,Innovation funding support workshop,Workshop design and delivery with MMU,CO_DELIVERY,,,,,,,,24/12,REVIEWED,,NOT_REVIEWED,UNKNOWN,UNKNOWN,,,1.3-candidate,G2-BATCH-D
C-G2-382,P02-FGTG,"Innovate UK and Innovate Edge already provide tailored support and promote funding opportunities, but workshop identified gaps in GM-specific ecosystem support",CONTEXTUAL,,,The Fifth Sector,,INTENDED,24/12,BENEFICIAL,REPORTED,DESCRIPTIVE,NONE,INTENDED,WITHIN_ORG,WITHIN_SECTOR,WITHIN_AREA,WITHIN_CHAIN,COMPENSATED,DESIGNED_IN,REALISED,BENEFICIAL,,,,Sufficient from workshop report and analysis,primary,UNKNOWN,PARTIAL,CONTEMPORARY,NONE_FOUND_IN_REVIEW,MEDIUM,INTERNAL_ONLY,DESIGNER;DELIVERER,REVIEWED,INTERNAL_ONLY,Existing support landscape; workshop designed to complement not replace existing provision,CONTEXT,M-R3-004,Innovation funding support workshop,Workshop design and delivery with MMU,CO_DELIVERY,,,,,,,,24/12,REVIEWED,,NOT_REVIEWED,UNKNOWN,UNKNOWN,,,1.3-candidate,G2-BATCH-D
C-G2-383,P02-FGTG,Two businesses confirmed as workshop speakers: Arcadus (large engineering consultancy from green energy to civils) and Vector Homes (SME perspective),CONTEXTUAL,,,The Fifth Sector,,INTENDED,24/12,BENEFICIAL,REPORTED,DESCRIPTIVE,NONE,INTENDED,WITHIN_ORG,WITHIN_SECTOR,WITHIN_AREA,WITHIN_CHAIN,COMPENSATED,DESIGNED_IN,REALISED,BENEFICIAL,,,,Sufficient from workshop report and analysis,primary,UNKNOWN,PARTIAL,CONTEMPORARY,NONE_FOUND_IN_REVIEW,MEDIUM,INTERNAL_ONLY,DESIGNER;DELIVERER,REVIEWED,INTERNAL_ONLY,Speaker lineup; balance of large firm and SME perspectives,CONTEXT,M-R3-005,Innovation funding support workshop,Workshop design and delivery with MMU,CO_DELIVERY,,,,,,,,24/12,REVIEWED,,NOT_REVIEWED,UNKNOWN,UNKNOWN,,,1.3-candidate,G2-BATCH-D
C-G2-384,P02-FGTG,"Workshop target was 8-10 additional businesses in room alongside two speaker businesses, with 50-50 balance between businesses and intermediaries sought",CONTEXTUAL,,,The Fifth Sector,,INTENDED,24/12,BENEFICIAL,REPORTED,DESCRIPTIVE,NONE,INTENDED,WITHIN_ORG,WITHIN_SECTOR,WITHIN_AREA,WITHIN_CHAIN,COMPENSATED,DESIGNED_IN,REALISED,BENEFICIAL,,,,Sufficient from workshop report and analysis,primary,UNKNOWN,PARTIAL,CONTEMPORARY,NONE_FOUND_IN_REVIEW,MEDIUM,INTERNAL_ONLY,DESIGNER;DELIVERER,REVIEWED,INTERNAL_ONLY,Attendance target; balance concern raised in planning,CONTEXT,M-R3-005,Innovation funding support workshop,Workshop design and delivery with MMU,CO_DELIVERY,,,,,,,,24/12,REVIEWED,,NOT_REVIEWED,UNKNOWN,UNKNOWN,,,1.3-candidate,G2-BATCH-D
C-G2-385,P02-FGTG,Workshop practical bid writing guidance valued by participants who appreciated succinct advice and tangible actionable guidance over theoretical presentations,KNOWLEDGE,,,The Fifth Sector,,INTENDED,24/12,BENEFICIAL,REPORTED,DESCRIPTIVE,NONE,INTENDED,WITHIN_ORG,WITHIN_SECTOR,WITHIN_AREA,WITHIN_CHAIN,COMPENSATED,DESIGNED_IN,REALISED,BENEFICIAL,,,,Sufficient from workshop report and analysis,primary,UNKNOWN,PARTIAL,CONTEMPORARY,NONE_FOUND_IN_REVIEW,MEDIUM,INTERNAL_ONLY,DESIGNER;DELIVERER,REVIEWED,INTERNAL_ONLY,Participant feedback; practical approach resonated strongly,EFFECT,M-R3-005,Innovation funding support workshop,Workshop design and delivery with MMU,CO_DELIVERY,,,,,,,,24/12,REVIEWED,,NOT_REVIEWED,UNKNOWN,UNKNOWN,,,1.3-candidate,G2-BATCH-D
C-G2-386,P02-FGTG,"Workshop achieved ecosystem collaboration with GMCA, Growth Hub, universities, and businesses in single forum, with participant observing 'the strongest element was the whole Manchester ecosystem working together'",NETWORK,,,The Fifth Sector,,INTENDED,24/12,BENEFICIAL,REPORTED,DESCRIPTIVE,NONE,INTENDED,WITHIN_ORG,WITHIN_SECTOR,WITHIN_AREA,WITHIN_CHAIN,COMPENSATED,DESIGNED_IN,REALISED,BENEFICIAL,,,,Sufficient from workshop report and analysis,primary,UNKNOWN,PARTIAL,CONTEMPORARY,NONE_FOUND_IN_REVIEW,MEDIUM,INTERNAL_ONLY,DESIGNER;DELIVERER,REVIEWED,INTERNAL_ONLY,Ecosystem collaboration outcome; cross-sector understanding and partnership development,EFFECT,M-R3-005,Innovation funding support workshop,Workshop design and delivery with MMU,CO_DELIVERY,,,,,,,,24/12,REVIEWED,,NOT_REVIEWED,UNKNOWN,UNKNOWN,,,1.3-candidate,G2-BATCH-D
C-G2-387,P02-FGTG,"Workshop slide sharing extended value beyond session itself, with participants distributing materials within their organisations",KNOWLEDGE,,,The Fifth Sector,,INTENDED,24/12,BENEFICIAL,REPORTED,DESCRIPTIVE,NONE,INTENDED,WITHIN_ORG,WITHIN_SECTOR,WITHIN_AREA,WITHIN_CHAIN,COMPENSATED,DESIGNED_IN,REALISED,BENEFICIAL,,,,Sufficient from workshop report and analysis,primary,UNKNOWN,PARTIAL,CONTEMPORARY,NONE_FOUND_IN_REVIEW,MEDIUM,INTERNAL_ONLY,DESIGNER;DELIVERER,REVIEWED,INTERNAL_ONLY,Post-event value; content practical applicability and ongoing relevance,EFFECT,M-R3-005,Innovation funding support workshop,Workshop design and delivery with MMU,CO_DELIVERY,,,,,,,,24/12,REVIEWED,,NOT_REVIEWED,UNKNOWN,UNKNOWN,,,1.3-candidate,G2-BATCH-D
C-G2-388,P02-FGTG,"University IP policies identified as structural barrier to university-business collaboration, with SMEs reporting they would have to give up all IP and license it back, described as 'ridiculous' for an SME",KNOWLEDGE,,,The Fifth Sector,,INTENDED,24/12,BENEFICIAL,REPORTED,DESCRIPTIVE,NONE,INTENDED,WITHIN_ORG,WITHIN_SECTOR,WITHIN_AREA,WITHIN_CHAIN,COMPENSATED,DESIGNED_IN,REALISED,BENEFICIAL,,,,Sufficient from workshop report and analysis,primary,UNKNOWN,PARTIAL,CONTEMPORARY,NONE_FOUND_IN_REVIEW,MEDIUM,INTERNAL_ONLY,DESIGNER;DELIVERER,REVIEWED,INTERNAL_ONLY,IP barrier finding; complexity of IP negotiations; participants with experience on both sides noted more nuance,EFFECT,M-R3-005,Innovation funding support workshop,Workshop design and delivery with MMU,CO_DELIVERY,,,,,,,,24/12,REVIEWED,,NOT_REVIEWED,UNKNOWN,UNKNOWN,,,1.3-candidate,G2-BATCH-D
C-G2-389,P02-FGTG,"Supply chain collaboration barrier identified: 50% cost recovery rate for large companies means they lose money on every bid, making business case for investment difficult",KNOWLEDGE,,,The Fifth Sector,,INTENDED,24/12,BENEFICIAL,REPORTED,DESCRIPTIVE,NONE,INTENDED,WITHIN_ORG,WITHIN_SECTOR,WITHIN_AREA,WITHIN_CHAIN,COMPENSATED,DESIGNED_IN,REALISED,BENEFICIAL,,,,Sufficient from workshop report and analysis,primary,UNKNOWN,PARTIAL,CONTEMPORARY,NONE_FOUND_IN_REVIEW,MEDIUM,INTERNAL_ONLY,DESIGNER;DELIVERER,REVIEWED,INTERNAL_ONLY,Supply chain gap; large firm representative identified structural difficulty; SME leading bid as junior partner seen as unrealistic,EFFECT,M-R3-005,Innovation funding support workshop,Workshop design and delivery with MMU,CO_DELIVERY,,,,,,,,24/12,REVIEWED,,NOT_REVIEWED,UNKNOWN,UNKNOWN,,,1.3-candidate,G2-BATCH-D
C-G2-390,P02-FGTG,"Content timing mismatch identified: participants found guidance would have been more useful before they had a bid, suggesting need for better alignment between content delivery and participant readiness",KNOWLEDGE,,,The Fifth Sector,,INTENDED,24/12,BENEFICIAL,REPORTED,DESCRIPTIVE,NONE,INTENDED,WITHIN_ORG,WITHIN_SECTOR,WITHIN_AREA,WITHIN_CHAIN,COMPENSATED,DESIGNED_IN,REALISED,BENEFICIAL,,,,Sufficient from workshop report and analysis,primary,UNKNOWN,PARTIAL,CONTEMPORARY,NONE_FOUND_IN_REVIEW,MEDIUM,INTERNAL_ONLY,DESIGNER;DELIVERER,REVIEWED,INTERNAL_ONLY,Timing feedback; pre-qualification gap evidence,EFFECT,M-R3-005,Innovation funding support workshop,Workshop design and delivery with MMU,CO_DELIVERY,,,,,,,,24/12,REVIEWED,,NOT_REVIEWED,UNKNOWN,UNKNOWN,,,1.3-candidate,G2-BATCH-D
C-G2-391,P02-FGTG,Technical and presentation issues undermined content delivery: projector failures and slides too small to read effectively,NOT_APPLICABLE,,,The Fifth Sector,,INTENDED,24/12,ADVERSE,REPORTED,DESCRIPTIVE,NONE,INTENDED,WITHIN_ORG,WITHIN_SECTOR,WITHIN_AREA,WITHIN_CHAIN,COMPENSATED,DESIGNED_IN,REALISED,BENEFICIAL,,,,Sufficient from workshop report and analysis,primary,UNKNOWN,PARTIAL,CONTEMPORARY,NONE_FOUND_IN_REVIEW,MEDIUM,INTERNAL_ONLY,DESIGNER;DELIVERER,REVIEWED,INTERNAL_ONLY,Technical issues; some most valuable content only partially delivered,EFFECT,M-R3-005,Innovation funding support workshop,Workshop design and delivery with MMU,CO_DELIVERY,,,,,,,,24/12,REVIEWED,,NOT_REVIEWED,UNKNOWN,UNKNOWN,,,1.3-candidate,G2-BATCH-D
C-G2-392,P02-FGTG,"Business attendance remained disappointingly low despite quality content and venue, with participants suggesting improved marketing could easily attract 20+ businesses",NOT_APPLICABLE,,,The Fifth Sector,,INTENDED,24/12,BENEFICIAL,REPORTED,DESCRIPTIVE,NONE,INTENDED,WITHIN_ORG,WITHIN_SECTOR,WITHIN_AREA,WITHIN_CHAIN,COMPENSATED,DESIGNED_IN,REALISED,BENEFICIAL,,,,Sufficient from workshop report and analysis,primary,UNKNOWN,PARTIAL,CONTEMPORARY,NONE_FOUND_IN_REVIEW,MEDIUM,INTERNAL_ONLY,DESIGNER;DELIVERER,REVIEWED,INTERNAL_ONLY,Low attendance; unclear value proposition and insufficient allure beyond website identified as factors,EFFECT,M-R3-005,Innovation funding support workshop,Workshop design and delivery with MMU,CO_DELIVERY,,,,,,,,24/12,REVIEWED,,NOT_REVIEWED,UNKNOWN,UNKNOWN,,,1.3-candidate,G2-BATCH-D
C-G2-393,P02-FGTG,"Universities perceived as critical but problematic partners: slow-moving with complex internal processes difficult for SMEs to navigate, with MMU perceived as more agile than UoM",KNOWLEDGE,,,The Fifth Sector,,INTENDED,24/12,BENEFICIAL,REPORTED,DESCRIPTIVE,NONE,INTENDED,WITHIN_ORG,WITHIN_SECTOR,WITHIN_AREA,WITHIN_CHAIN,COMPENSATED,DESIGNED_IN,REALISED,BENEFICIAL,,,,Sufficient from workshop report and analysis,primary,UNKNOWN,PARTIAL,CONTEMPORARY,NONE_FOUND_IN_REVIEW,MEDIUM,INTERNAL_ONLY,DESIGNER;DELIVERER,REVIEWED,INTERNAL_ONLY,University engagement finding; UoM lacks self-awareness of SME experience; smaller institutions more agile,EFFECT,M-R3-005,Innovation funding support workshop,Workshop design and delivery with MMU,CO_DELIVERY,,,,,,,,24/12,REVIEWED,,NOT_REVIEWED,UNKNOWN,UNKNOWN,,,1.3-candidate,G2-BATCH-D
C-G2-394,P02-FGTG,"Participants requested breakout groups focused on specific themes such as risk management, partnering strategies, or sector-specific challenges for future workshops",KNOWLEDGE,,,The Fifth Sector,,INTENDED,24/12,BENEFICIAL,REPORTED,DESCRIPTIVE,NONE,INTENDED,WITHIN_ORG,WITHIN_SECTOR,WITHIN_AREA,WITHIN_CHAIN,COMPENSATED,DESIGNED_IN,REALISED,BENEFICIAL,,,,Sufficient from workshop report and analysis,primary,UNKNOWN,PARTIAL,CONTEMPORARY,NONE_FOUND_IN_REVIEW,MEDIUM,INTERNAL_ONLY,DESIGNER;DELIVERER,REVIEWED,INTERNAL_ONLY,Format recommendation; demand for targeted hands-on activities,EFFECT,M-R3-005,Innovation funding support workshop,Workshop design and delivery with MMU,CO_DELIVERY,,,,,,,,24/12,REVIEWED,,NOT_REVIEWED,UNKNOWN,UNKNOWN,,,1.3-candidate,G2-BATCH-D
C-G2-395,P02-FGTG,Participants requested real-world case studies featuring clients talking about whole process from discovering opportunity to making application,KNOWLEDGE,,,The Fifth Sector,,INTENDED,24/12,BENEFICIAL,REPORTED,DESCRIPTIVE,NONE,INTENDED,WITHIN_ORG,WITHIN_SECTOR,WITHIN_AREA,WITHIN_CHAIN,COMPENSATED,DESIGNED_IN,REALISED,BENEFICIAL,,,,Sufficient from workshop report and analysis,primary,UNKNOWN,PARTIAL,CONTEMPORARY,NONE_FOUND_IN_REVIEW,MEDIUM,INTERNAL_ONLY,DESIGNER;DELIVERER,REVIEWED,INTERNAL_ONLY,Content recommendation; comprehensive journey mapping rather than isolated advice,EFFECT,M-R3-005,Innovation funding support workshop,Workshop design and delivery with MMU,CO_DELIVERY,,,,,,,,24/12,REVIEWED,,NOT_REVIEWED,UNKNOWN,UNKNOWN,,,1.3-candidate,G2-BATCH-D
C-G2-396,P02-FGTG,Participants requested post-workshop application review support with one person designated to review applications before submission,KNOWLEDGE,,,The Fifth Sector,,INTENDED,24/12,BENEFICIAL,REPORTED,DESCRIPTIVE,NONE,INTENDED,WITHIN_ORG,WITHIN_SECTOR,WITHIN_AREA,WITHIN_CHAIN,COMPENSATED,DESIGNED_IN,REALISED,BENEFICIAL,,,,Sufficient from workshop report and analysis,primary,UNKNOWN,PARTIAL,CONTEMPORARY,NONE_FOUND_IN_REVIEW,MEDIUM,INTERNAL_ONLY,DESIGNER;DELIVERER,REVIEWED,INTERNAL_ONLY,Post-event support need; pre-qualification stage and ongoing advisory services suggested,EFFECT,M-R3-005,Innovation funding support workshop,Workshop design and delivery with MMU,CO_DELIVERY,,,,,,,,24/12,REVIEWED,,NOT_REVIEWED,UNKNOWN,UNKNOWN,,,1.3-candidate,G2-BATCH-D
C-G2-397,P02-FGTG,"Three critical systemic issues identified: Pre-Qualification Gap (SMEs enter funding without business case validation), Strategic Alignment Gap (call timing disconnected from regional priorities), and Supply Chain Investment Gap (50% cost recovery creates collaboration barriers)",OPTION,,GAP_ANALYSIS,The Fifth Sector,,INTENDED,24/12,BENEFICIAL,PROPOSED,DESCRIPTIVE,NONE,INTENDED,WITHIN_ORG,WITHIN_SECTOR,WITHIN_AREA,WITHIN_CHAIN,COMPENSATED,DESIGNED_IN,REALISED,BENEFICIAL,,,,Sufficient from workshop report and analysis,primary,UNKNOWN,PARTIAL,CONTEMPORARY,NONE_FOUND_IN_REVIEW,MEDIUM,INTERNAL_ONLY,DESIGNER;DELIVERER,REVIEWED,INTERNAL_ONLY,Three gaps from workshop feedback; mask deeper structural problems,DESIGN,M-R3-006,Innovation funding support workshop,Workshop design and delivery with MMU,CO_DELIVERY,,IDENTIFIED,GMCA,COMMISSIONER_DECISION,,,,24/12,REVIEWED,,NOT_REVIEWED,UNKNOWN,UNKNOWN,,,1.3-candidate,G2-BATCH-D
C-G2-398,P02-FGTG,"Stage 1 proposed: Strategic Pre-Qualification (GM-led) with business case validation workshops, sector-specific readiness assessment, university-SME IP framework alignment, and supply chain mapping",OPTION,,PROCESS_STAGE,The Fifth Sector,,INTENDED,24/12,BENEFICIAL,PROPOSED,DESCRIPTIVE,NONE,INTENDED,WITHIN_ORG,WITHIN_SECTOR,WITHIN_AREA,WITHIN_CHAIN,COMPENSATED,DESIGNED_IN,REALISED,BENEFICIAL,,,,Sufficient from workshop report and analysis,primary,UNKNOWN,PARTIAL,CONTEMPORARY,NONE_FOUND_IN_REVIEW,MEDIUM,INTERNAL_ONLY,DESIGNER;DELIVERER,REVIEWED,INTERNAL_ONLY,Stage 1 of 4-stage framework; GM-led pre-qualification gateway,DESIGN,M-R3-006,Innovation funding support workshop,Workshop design and delivery with MMU,CO_DELIVERY,,PROPOSED,GMCA,COMMISSIONER_DECISION,,,,24/12,REVIEWED,,NOT_REVIEWED,UNKNOWN,UNKNOWN,,,1.3-candidate,G2-BATCH-D
C-G2-399,P02-FGTG,"Stage 2 proposed: Enhanced Application Support (GM-enhanced) with dedicated application review service, peer mentoring from successful applicants, and technical writing support",OPTION,,PROCESS_STAGE,The Fifth Sector,,INTENDED,24/12,BENEFICIAL,PROPOSED,DESCRIPTIVE,NONE,INTENDED,WITHIN_ORG,WITHIN_SECTOR,WITHIN_AREA,WITHIN_CHAIN,COMPENSATED,DESIGNED_IN,REALISED,BENEFICIAL,,,,Sufficient from workshop report and analysis,primary,UNKNOWN,PARTIAL,CONTEMPORARY,NONE_FOUND_IN_REVIEW,MEDIUM,INTERNAL_ONLY,DESIGNER;DELIVERER,REVIEWED,INTERNAL_ONLY,Stage 2; GM-enhanced application support,DESIGN,M-R3-006,Innovation funding support workshop,Workshop design and delivery with MMU,CO_DELIVERY,,PROPOSED,GMCA,COMMISSIONER_DECISION,,,,24/12,REVIEWED,,NOT_REVIEWED,UNKNOWN,UNKNOWN,,,1.3-candidate,G2-BATCH-D
C-G2-400,P02-FGTG,"Stage 3 proposed: Strategic Call Alignment (GM-influenced) with quarterly strategic calls aligned to GM priorities, predictable timing for key sectors, and clear success criteria",OPTION,,PROCESS_STAGE,The Fifth Sector,,INTENDED,24/12,BENEFICIAL,PROPOSED,DESCRIPTIVE,NONE,INTENDED,WITHIN_ORG,WITHIN_SECTOR,WITHIN_AREA,WITHIN_CHAIN,COMPENSATED,DESIGNED_IN,REALISED,BENEFICIAL,,,,Sufficient from workshop report and analysis,primary,UNKNOWN,PARTIAL,CONTEMPORARY,NONE_FOUND_IN_REVIEW,MEDIUM,INTERNAL_ONLY,DESIGNER;DELIVERER,REVIEWED,INTERNAL_ONLY,Stage 3; GM-influenced call programming,DESIGN,M-R3-006,Innovation funding support workshop,Workshop design and delivery with MMU,CO_DELIVERY,,PROPOSED,GMCA; Innovate UK,NEGOTIATED_DECISION,,,,24/12,REVIEWED,,NOT_REVIEWED,UNKNOWN,UNKNOWN,,,1.3-candidate,G2-BATCH-D
C-G2-401,P02-FGTG,"Stage 4 proposed: Enhanced Collaboration Terms (GM-negotiated) with flexible IP frameworks for university partnerships, improved cost recovery rates for supply chain partners, and risk-sharing mechanisms",OPTION,,PROCESS_STAGE,The Fifth Sector,,INTENDED,24/12,BENEFICIAL,PROPOSED,DESCRIPTIVE,NONE,INTENDED,WITHIN_ORG,WITHIN_SECTOR,WITHIN_AREA,WITHIN_CHAIN,COMPENSATED,DESIGNED_IN,REALISED,BENEFICIAL,,,,Sufficient from workshop report and analysis,primary,UNKNOWN,PARTIAL,CONTEMPORARY,NONE_FOUND_IN_REVIEW,MEDIUM,INTERNAL_ONLY,DESIGNER;DELIVERER,REVIEWED,INTERNAL_ONLY,Stage 4; GM-negotiated collaboration terms; addresses IP and cost recovery barriers,DESIGN,M-R3-006,Innovation funding support workshop,Workshop design and delivery with MMU,CO_DELIVERY,,PROPOSED,GMCA; Innovate UK,NEGOTIATED_DECISION,,,,24/12,REVIEWED,,NOT_REVIEWED,UNKNOWN,UNKNOWN,,,1.3-candidate,G2-BATCH-D
C-G2-402,P02-FGTG,Pre-Qualification Service Model proposed: GM-operated pre-qualification gateway to improve success rates through validated business cases,OPTION,,SERVICE_MODEL,The Fifth Sector,,INTENDED,24/12,BENEFICIAL,PROPOSED,DESCRIPTIVE,NONE,INTENDED,WITHIN_ORG,WITHIN_SECTOR,WITHIN_AREA,WITHIN_CHAIN,COMPENSATED,DESIGNED_IN,REALISED,BENEFICIAL,,,,Sufficient from workshop report and analysis,primary,UNKNOWN,PARTIAL,CONTEMPORARY,NONE_FOUND_IN_REVIEW,MEDIUM,INTERNAL_ONLY,DESIGNER;DELIVERER,REVIEWED,INTERNAL_ONLY,"Proposed variation 1; ROI: reduced wasted applications, higher quality submissions",DESIGN,M-R3-006,Innovation funding support workshop,Workshop design and delivery with MMU,CO_DELIVERY,,PROPOSED,GMCA,COMMISSIONER_DECISION,,,,24/12,REVIEWED,,NOT_REVIEWED,UNKNOWN,UNKNOWN,,,1.3-candidate,G2-BATCH-D
C-G2-403,P02-FGTG,Strategic Call Programming proposed: regular quarterly or six-monthly themed calls aligned to GM strategic priorities to support business planning and collaboration,OPTION,,CALL_PROGRAMMING,The Fifth Sector,,INTENDED,24/12,BENEFICIAL,PROPOSED,DESCRIPTIVE,NONE,INTENDED,WITHIN_ORG,WITHIN_SECTOR,WITHIN_AREA,WITHIN_CHAIN,COMPENSATED,DESIGNED_IN,REALISED,BENEFICIAL,,,,Sufficient from workshop report and analysis,primary,UNKNOWN,PARTIAL,CONTEMPORARY,NONE_FOUND_IN_REVIEW,MEDIUM,INTERNAL_ONLY,DESIGNER;DELIVERER,REVIEWED,INTERNAL_ONLY,Proposed variation 2; predictable pipeline supports business planning,DESIGN,M-R3-006,Innovation funding support workshop,Workshop design and delivery with MMU,CO_DELIVERY,,PROPOSED,GMCA; Innovate UK,NEGOTIATED_DECISION,,,,24/12,REVIEWED,,NOT_REVIEWED,UNKNOWN,UNKNOWN,,,1.3-candidate,G2-BATCH-D
C-G2-404,P02-FGTG,Enhanced Collaboration Terms proposed: large company cost recovery increased to 65-75% for GM ecosystem projects and flexible IP frameworks assuming SME first-position IP ownership,OPTION,,COLLABORATION_TERMS,The Fifth Sector,,INTENDED,24/12,BENEFICIAL,PROPOSED,DESCRIPTIVE,NONE,INTENDED,WITHIN_ORG,WITHIN_SECTOR,WITHIN_AREA,WITHIN_CHAIN,COMPENSATED,DESIGNED_IN,REALISED,BENEFICIAL,,,,Sufficient from workshop report and analysis,primary,UNKNOWN,PARTIAL,CONTEMPORARY,NONE_FOUND_IN_REVIEW,MEDIUM,INTERNAL_ONLY,DESIGNER;DELIVERER,REVIEWED,INTERNAL_ONLY,Proposed variation 3; addresses supply chain and IP barriers directly,DESIGN,M-R3-006,Innovation funding support workshop,Workshop design and delivery with MMU,CO_DELIVERY,,PROPOSED,GMCA; Innovate UK,NEGOTIATED_DECISION,,,,24/12,REVIEWED,,NOT_REVIEWED,UNKNOWN,UNKNOWN,,,1.3-candidate,G2-BATCH-D
C-G2-405,P02-FGTG,"Phase 1 pilot proposed: 6 months, Advanced Manufacturing and Materials focus, 20 SMEs through pre-qualification process, with baseline metrics for application success rates and collaboration formation",OPTION,,PILOT_PHASE,The Fifth Sector,,INTENDED,24/12,BENEFICIAL,PROPOSED,DESCRIPTIVE,NONE,INTENDED,WITHIN_ORG,WITHIN_SECTOR,WITHIN_AREA,WITHIN_CHAIN,COMPENSATED,DESIGNED_IN,REALISED,BENEFICIAL,,,,Sufficient from workshop report and analysis,primary,UNKNOWN,PARTIAL,CONTEMPORARY,NONE_FOUND_IN_REVIEW,MEDIUM,INTERNAL_ONLY,DESIGNER;DELIVERER,REVIEWED,INTERNAL_ONLY,Phase 1 of 3-phase implementation; pilot approach with clear metrics,DESIGN,M-R3-006,Innovation funding support workshop,Workshop design and delivery with MMU,CO_DELIVERY,,PROPOSED,GMCA,COMMISSIONER_DECISION,,,,24/12,REVIEWED,,NOT_REVIEWED,UNKNOWN,UNKNOWN,,,1.3-candidate,G2-BATCH-D
C-G2-406,P02-FGTG,"Phase 2 proposed: 12 months, expanding to Life Sciences and Green Tech, with university IP framework pilots and supply chain collaboration incentives",OPTION,,EXPANSION_PHASE,The Fifth Sector,,INTENDED,24/12,BENEFICIAL,PROPOSED,DESCRIPTIVE,NONE,INTENDED,WITHIN_ORG,WITHIN_SECTOR,WITHIN_AREA,WITHIN_CHAIN,COMPENSATED,DESIGNED_IN,REALISED,BENEFICIAL,,,,Sufficient from workshop report and analysis,primary,UNKNOWN,PARTIAL,CONTEMPORARY,NONE_FOUND_IN_REVIEW,MEDIUM,INTERNAL_ONLY,DESIGNER;DELIVERER,REVIEWED,INTERNAL_ONLY,Phase 2; sector expansion,DESIGN,M-R3-006,Innovation funding support workshop,Workshop design and delivery with MMU,CO_DELIVERY,,PROPOSED,GMCA,COMMISSIONER_DECISION,,,,24/12,REVIEWED,,NOT_REVIEWED,UNKNOWN,UNKNOWN,,,1.3-candidate,G2-BATCH-D
C-G2-407,P02-FGTG,"Phase 3 proposed: 18 months, performance data collated to make case for full devolved authority, demonstrated ROI and ecosystem impact, scalable model for other Combined Authorities",OPTION,,DEVOLUTION_PHASE,The Fifth Sector,,INTENDED,24/12,BENEFICIAL,PROPOSED,DESCRIPTIVE,NONE,INTENDED,WITHIN_ORG,WITHIN_SECTOR,WITHIN_AREA,WITHIN_CHAIN,COMPENSATED,DESIGNED_IN,REALISED,BENEFICIAL,,,,Sufficient from workshop report and analysis,primary,UNKNOWN,PARTIAL,CONTEMPORARY,NONE_FOUND_IN_REVIEW,MEDIUM,INTERNAL_ONLY,DESIGNER;DELIVERER,REVIEWED,INTERNAL_ONLY,Phase 3; full devolution case; scalable model,DESIGN,M-R3-006,Innovation funding support workshop,Workshop design and delivery with MMU,CO_DELIVERY,,PROPOSED,GMCA; Innovate UK,NEGOTIATED_DECISION,,,,24/12,REVIEWED,,NOT_REVIEWED,UNKNOWN,UNKNOWN,,,1.3-candidate,G2-BATCH-D
C-G2-408,P02-FGTG,"KPI targets proposed: application success rate improvement 35% to 60%, dropout reduction 25%, time-to-funding reduction 25%, new ecosystem collaboration index metric",OPTION,,PERFORMANCE_METRICS,The Fifth Sector,,INTENDED,24/12,BENEFICIAL,PROPOSED,DESCRIPTIVE,MONETARY,INTENDED,WITHIN_ORG,WITHIN_SECTOR,WITHIN_AREA,WITHIN_CHAIN,COMPENSATED,DESIGNED_IN,REALISED,BENEFICIAL,,,,Sufficient from workshop report and analysis,primary,UNKNOWN,PARTIAL,CONTEMPORARY,NONE_FOUND_IN_REVIEW,MEDIUM,INTERNAL_ONLY,DESIGNER;DELIVERER,REVIEWED,INTERNAL_ONLY,"KPIs for devolved approach; process efficiency, economic impact, and strategic alignment metrics",DESIGN,M-R3-006,Innovation funding support workshop,Workshop design and delivery with MMU,CO_DELIVERY,,PROPOSED,GMCA,COMMISSIONER_DECISION,,,,24/12,REVIEWED,SCENARIO_ESTIMATE,NOT_REVIEWED,UNKNOWN,UNKNOWN,,,1.3-candidate,G2-BATCH-D
C-G2-409,P02-FGTG,"Negotiation strategy with Innovate UK proposed: GM as innovation funding laboratory, pilot approach with clear success metrics, scalable model for other Combined Authorities, reduced administrative burden through local pre-qualification",OPTION,,NEGOTIATION_STRATEGY,The Fifth Sector,,INTENDED,24/12,BENEFICIAL,PROPOSED,DESCRIPTIVE,NONE,INTENDED,WITHIN_ORG,WITHIN_SECTOR,WITHIN_AREA,WITHIN_CHAIN,COMPENSATED,DESIGNED_IN,REALISED,BENEFICIAL,,,,Sufficient from workshop report and analysis,primary,UNKNOWN,PARTIAL,CONTEMPORARY,NONE_FOUND_IN_REVIEW,MEDIUM,INTERNAL_ONLY,DESIGNER;DELIVERER,REVIEWED,INTERNAL_ONLY,Negotiation positioning; builds on existing GMCA-Innovate UK MOU,DESIGN,M-R3-006,Innovation funding support workshop,Workshop design and delivery with MMU,CO_DELIVERY,,PROPOSED,GMCA,NEGOTIATED_DECISION,,,,24/12,REVIEWED,,NOT_REVIEWED,UNKNOWN,UNKNOWN,,,1.3-candidate,G2-BATCH-D
C-G2-410,P02-FGTG,"Devolved funding variations proposed as better way to improve outcomes, building on existing MOU between GMCA and Innovate UK and increasing devolution of authority for R&D investment",OPTION,,DEVOLUTION_OPTION,The Fifth Sector,,INTENDED,24/12,BENEFICIAL,PROPOSED,DESCRIPTIVE,NONE,INTENDED,WITHIN_ORG,WITHIN_SECTOR,WITHIN_AREA,WITHIN_CHAIN,COMPENSATED,DESIGNED_IN,REALISED,BENEFICIAL,,,,Sufficient from workshop report and analysis,primary,UNKNOWN,PARTIAL,CONTEMPORARY,NONE_FOUND_IN_REVIEW,MEDIUM,INTERNAL_ONLY,DESIGNER;DELIVERER,REVIEWED,INTERNAL_ONLY,Strategic option; devolution as mechanism for process improvement; not yet implemented,DESIGN,M-R3-006,Innovation funding support workshop,Workshop design and delivery with MMU,CO_DELIVERY,,PROPOSED,GMCA,NEGOTIATED_DECISION,,,,24/12,REVIEWED,,NOT_REVIEWED,UNKNOWN,UNKNOWN,,,1.3-candidate,G2-BATCH-D
C-G2-411,P02-FGTG,"Fifth Sector co-delivered innovation funding support workshop with MMU bringing together GMCA, Growth Hub, universities, and businesses for practical bid writing guidance",NOT_APPLICABLE,,,The Fifth Sector,,INTENDED,24/12,BENEFICIAL,DELIVERED,DESCRIPTIVE,NONE,INTENDED,WITHIN_ORG,WITHIN_SECTOR,WITHIN_AREA,WITHIN_CHAIN,COMPENSATED,DESIGNED_IN,REALISED,BENEFICIAL,,,,Sufficient from workshop report and analysis,primary,UNKNOWN,PARTIAL,CONTEMPORARY,NONE_FOUND_IN_REVIEW,MEDIUM,INTERNAL_ONLY,DESIGNER;DELIVERER,REVIEWED,INTERNAL_ONLY,Workshop delivered 24/12; co-delivery with MMU; Steve Hillier and Caroline leading from MMU side,BID_SUPPORT_DELIVERED,M-R3-005,Innovation funding support workshop,Workshop design and delivery with MMU,CO_DELIVERY,,,,,,,,24/12,REVIEWED,,NOT_REVIEWED,UNKNOWN,UNKNOWN,,,1.3-candidate,G2-BATCH-D
C-G2-412,P03-MITIH,"Realtime's Virtual Production department operates as integrated team with 3D animators, audio specialists, and studio production crews working on same commercial projects across games, film, and episodic television",PRODUCT,,,The Fifth Sector,,INTENDED,25/10,BENEFICIAL,REPORTED,DESCRIPTIVE,NONE,INTENDED,WITHIN_ORG,WITHIN_SECTOR,WITHIN_AREA,WITHIN_CHAIN,COMPENSATED,DESIGNED_IN,REALISED,BENEFICIAL,,,,Sufficient from source,primary,UNKNOWN,COMPLETE,CONTEMPORARY,NONE_FOUND_IN_REVIEW,MEDIUM,INTERNAL_ONLY,DESIGNER;DELIVERER,REVIEWED,INTERNAL_ONLY,Proof of concept for convergence; commercial operation delivering paid work,EFFECT,M-R3-007,,,,,,,,,,,25/10,REVIEWED,,NOT_REVIEWED,UNKNOWN,UNKNOWN,,,1.3-candidate,G2-BATCH-D
C-G2-413,P03-MITIH,"Immersive-related roles generated 3,847 job postings 2020-2024 in GM, growing from 612 in 2020 to 891 in 2024 (46% increase)",CONTEXTUAL,,,The Fifth Sector,,INTENDED,25/10,BENEFICIAL,REPORTED,DESCRIPTIVE,NONE,INTENDED,WITHIN_ORG,WITHIN_SECTOR,WITHIN_AREA,WITHIN_CHAIN,COMPENSATED,DESIGNED_IN,REALISED,BENEFICIAL,,,,Sufficient from source,primary,UNKNOWN,COMPLETE,CONTEMPORARY,NONE_FOUND_IN_REVIEW,MEDIUM,INTERNAL_ONLY,DESIGNER;DELIVERER,REVIEWED,INTERNAL_ONLY,Job market data confirms convergence is not outlier,CONTEXT,M-R3-007,,,,,,,,,,,25/10,REVIEWED,,NOT_REVIEWED,UNKNOWN,UNKNOWN,,,1.3-candidate,G2-BATCH-D
C-G2-414,P03-MITIH,"In 2024, 34% of immersive postings requested animation skills, 28% requested audio expertise, and 41% requested studio production experience, confirming cross-sector convergence in employer demand",KNOWLEDGE,,,The Fifth Sector,,INTENDED,25/10,BENEFICIAL,REPORTED,DESCRIPTIVE,NONE,INTENDED,WITHIN_ORG,WITHIN_SECTOR,WITHIN_AREA,WITHIN_CHAIN,COMPENSATED,DESIGNED_IN,REALISED,BENEFICIAL,,,,Sufficient from source,primary,UNKNOWN,COMPLETE,CONTEMPORARY,NONE_FOUND_IN_REVIEW,MEDIUM,INTERNAL_ONLY,DESIGNER;DELIVERER,REVIEWED,INTERNAL_ONLY,"Skills from animation, audio, and studio production appear in same job postings",METHOD_OUTPUT,M-R3-007,,,,,,,,,,,25/10,REVIEWED,,NOT_REVIEWED,UNKNOWN,UNKNOWN,,,1.3-candidate,G2-BATCH-D
C-G2-415,P03-MITIH,"Communication skills appear in 51,419 total job postings 2020-2024, growing 15% from 8,934 to 10,247, indicating sustained demand for collaborative capability",CONTEXTUAL,,,The Fifth Sector,,INTENDED,25/10,BENEFICIAL,REPORTED,DESCRIPTIVE,NONE,INTENDED,WITHIN_ORG,WITHIN_SECTOR,WITHIN_AREA,WITHIN_CHAIN,COMPENSATED,DESIGNED_IN,REALISED,BENEFICIAL,,,,Sufficient from source,primary,UNKNOWN,COMPLETE,CONTEMPORARY,NONE_FOUND_IN_REVIEW,MEDIUM,INTERNAL_ONLY,DESIGNER;DELIVERER,REVIEWED,INTERNAL_ONLY,Top employer demand skill; appears across all three focus sectors and all job levels,CONTEXT,M-R3-007,,,,,,,,,,,25/10,REVIEWED,,NOT_REVIEWED,UNKNOWN,UNKNOWN,,,1.3-candidate,G2-BATCH-D
C-G2-416,P03-MITIH,"Agile methodology appears in 37,229 total postings, growing 38% from 6,123 to 8,456, indicating shift toward collaborative, adaptive capability",CONTEXTUAL,,,The Fifth Sector,,INTENDED,25/10,BENEFICIAL,REPORTED,DESCRIPTIVE,NONE,INTENDED,WITHIN_ORG,WITHIN_SECTOR,WITHIN_AREA,WITHIN_CHAIN,COMPENSATED,DESIGNED_IN,REALISED,BENEFICIAL,,,,Sufficient from source,primary,UNKNOWN,COMPLETE,CONTEMPORARY,NONE_FOUND_IN_REVIEW,MEDIUM,INTERNAL_ONLY,DESIGNER;DELIVERER,REVIEWED,INTERNAL_ONLY,Second-highest demand skill; 38% growth indicates structural shift,CONTEXT,M-R3-007,,,,,,,,,,,25/10,REVIEWED,,NOT_REVIEWED,UNKNOWN,UNKNOWN,,,1.3-candidate,G2-BATCH-D
C-G2-417,P03-MITIH,"JavaScript job postings declined 74% from 7,812 in 2020 to 2,001 in 2024, reflecting shift from narrow technical specialisation toward integration fluency",CONTEXTUAL,,,The Fifth Sector,,INTENDED,25/10,BENEFICIAL,REPORTED,DESCRIPTIVE,NONE,INTENDED,WITHIN_ORG,WITHIN_SECTOR,WITHIN_AREA,WITHIN_CHAIN,COMPENSATED,DESIGNED_IN,REALISED,BENEFICIAL,,,,Sufficient from source,primary,UNKNOWN,COMPLETE,CONTEMPORARY,NONE_FOUND_IN_REVIEW,MEDIUM,INTERNAL_ONLY,DESIGNER;DELIVERER,REVIEWED,INTERNAL_ONLY,Traditional technical skills in decline; low-code and AI tooling rising,CONTEXT,M-R3-007,,,,,,,,,,,25/10,REVIEWED,,NOT_REVIEWED,UNKNOWN,UNKNOWN,,,1.3-candidate,G2-BATCH-D
C-G2-418,P03-MITIH,"Microsoft Azure job postings declined 61% from 7,454 in 2020 to 2,936 in 2024, confirming shift away from narrow technical specialisation",CONTEXTUAL,,,The Fifth Sector,,INTENDED,25/10,BENEFICIAL,REPORTED,DESCRIPTIVE,NONE,INTENDED,WITHIN_ORG,WITHIN_SECTOR,WITHIN_AREA,WITHIN_CHAIN,COMPENSATED,DESIGNED_IN,REALISED,BENEFICIAL,,,,Sufficient from source,primary,UNKNOWN,COMPLETE,CONTEMPORARY,NONE_FOUND_IN_REVIEW,MEDIUM,INTERNAL_ONLY,DESIGNER;DELIVERER,REVIEWED,INTERNAL_ONLY,Adjacent technical skill decline; same pattern as JavaScript,CONTEXT,M-R3-007,,,,,,,,,,,25/10,REVIEWED,,NOT_REVIEWED,UNKNOWN,UNKNOWN,,,1.3-candidate,G2-BATCH-D
C-G2-419,P03-MITIH,"Only 26 UKRI awards totalling £2.01M were made to GM firms for collaborative R&D in creative projects 2019-2024, reflecting mismatch between funding mechanisms and creative sector needs",CONTEXTUAL,,,The Fifth Sector,,INTENDED,25/10,BENEFICIAL,REPORTED,DESCRIPTIVE,MONETARY,INTENDED,WITHIN_ORG,WITHIN_SECTOR,WITHIN_AREA,WITHIN_CHAIN,COMPENSATED,DESIGNED_IN,REALISED,BENEFICIAL,,,,Sufficient from source,primary,UNKNOWN,COMPLETE,CONTEMPORARY,NONE_FOUND_IN_REVIEW,MEDIUM,INTERNAL_ONLY,DESIGNER;DELIVERER,REVIEWED,INTERNAL_ONLY,Funding gap evidence; not shortage of fundable ideas but mechanism mismatch,CONTEXT,M-R3-007,,,,,,,,,,,25/10,REVIEWED,OBSERVED_AMOUNT,NOT_REVIEWED,UNKNOWN,UNKNOWN,,,1.3-candidate,G2-BATCH-D
C-G2-420,P03-MITIH,"RNCM's Michelle Phillips identified specific equipment gap: one portable EEG cap at £17,000 each; second cap would enable concert hall research",KNOWLEDGE,,,The Fifth Sector,,INTENDED,25/10,BENEFICIAL,REPORTED,DESCRIPTIVE,MONETARY,INTENDED,WITHIN_ORG,WITHIN_SECTOR,WITHIN_AREA,WITHIN_CHAIN,COMPENSATED,DESIGNED_IN,REALISED,BENEFICIAL,,,,Sufficient from source,primary,UNKNOWN,COMPLETE,CONTEMPORARY,NONE_FOUND_IN_REVIEW,MEDIUM,INTERNAL_ONLY,DESIGNER;DELIVERER,REVIEWED,INTERNAL_ONLY,Specific fundable gap; modest cost infrastructure barrier,EFFECT,M-R3-007,,,,,,,,,,,25/10,REVIEWED,SCENARIO_ESTIMATE,NOT_REVIEWED,UNKNOWN,UNKNOWN,,,1.3-candidate,G2-BATCH-D
C-G2-421,P03-MITIH,"Effective intervention to support cross-sector capabilities could cost £10,000-£50,000 per initiative, compared to £500,000+ to rebuild lost production teams",OPTION,,COST_COMPARISON,The Fifth Sector,,INTENDED,25/10,BENEFICIAL,REPORTED,DESCRIPTIVE,MONETARY,INTENDED,WITHIN_ORG,WITHIN_SECTOR,WITHIN_AREA,WITHIN_CHAIN,COMPENSATED,DESIGNED_IN,REALISED,BENEFICIAL,,,,Sufficient from source,primary,UNKNOWN,COMPLETE,CONTEMPORARY,NONE_FOUND_IN_REVIEW,MEDIUM,INTERNAL_ONLY,DESIGNER;DELIVERER,REVIEWED,INTERNAL_ONLY,Cost comparison; prevention vs replacement,DESIGN,M-R3-007,,,,,IDENTIFIED,,,,,,25/10,REVIEWED,SCENARIO_ESTIMATE,NOT_REVIEWED,UNKNOWN,UNKNOWN,,,1.3-candidate,G2-BATCH-D
C-G2-422,P03-MITIH,Social network analysis confirms microbusinesses show bridging characteristics connecting nodes across network rather than dominance in any one market vertical,KNOWLEDGE,,,The Fifth Sector,,INTENDED,25/10,BENEFICIAL,REPORTED,DESCRIPTIVE,NONE,INTENDED,WITHIN_ORG,WITHIN_SECTOR,WITHIN_AREA,WITHIN_CHAIN,COMPENSATED,DESIGNED_IN,REALISED,BENEFICIAL,,,,Sufficient from source,primary,UNKNOWN,COMPLETE,CONTEMPORARY,NONE_FOUND_IN_REVIEW,MEDIUM,INTERNAL_ONLY,DESIGNER;DELIVERER,REVIEWED,INTERNAL_ONLY,SNA finding; microbusinesses as connectors not competitors,METHOD_OUTPUT,M-R3-008,,,,,,,,,,,25/10,REVIEWED,,NOT_REVIEWED,UNKNOWN,UNKNOWN,,,1.3-candidate,G2-BATCH-D
C-G2-423,P03-MITIH,"Report documents one microbusiness that enabled three-way immersive prototype between education, wellness, and animation without any formal funding route",NETWORK,,,The Fifth Sector,,INTENDED,25/10,BENEFICIAL,REPORTED,DESCRIPTIVE,NONE,INTENDED,WITHIN_ORG,WITHIN_SECTOR,WITHIN_AREA,WITHIN_CHAIN,COMPENSATED,DESIGNED_IN,REALISED,BENEFICIAL,,,,Sufficient from source,primary,UNKNOWN,COMPLETE,CONTEMPORARY,NONE_FOUND_IN_REVIEW,MEDIUM,INTERNAL_ONLY,DESIGNER;DELIVERER,REVIEWED,INTERNAL_ONLY,Stabilising organisation example; unfunded but strategically essential,EFFECT,M-R3-008,,,,,,,,,,,25/10,REVIEWED,,NOT_REVIEWED,UNKNOWN,UNKNOWN,,,1.3-candidate,G2-BATCH-D
C-G2-424,P03-MITIH,"Traditional innovation funding designed for high-growth ventures actively works against stabilising microbusinesses that prioritise long-term relationships, sustainable growth, and community benefit",KNOWLEDGE,,,The Fifth Sector,,INTENDED,25/10,BENEFICIAL,REPORTED,DESCRIPTIVE,NONE,INTENDED,WITHIN_ORG,WITHIN_SECTOR,WITHIN_AREA,WITHIN_CHAIN,COMPENSATED,DESIGNED_IN,REALISED,BENEFICIAL,,,,Sufficient from source,primary,UNKNOWN,COMPLETE,CONTEMPORARY,NONE_FOUND_IN_REVIEW,MEDIUM,INTERNAL_ONLY,DESIGNER;DELIVERER,REVIEWED,INTERNAL_ONLY,Structural funding mismatch; perverse consequence of funding model design,METHOD_OUTPUT,M-R3-007,,,,,,,,,,,25/10,REVIEWED,,NOT_REVIEWED,UNKNOWN,UNKNOWN,,,1.3-candidate,G2-BATCH-D
C-G2-425,P03-MITIH,"Three market validation questions identified before expansion: graduate supply vs market demand, AI impact on workforce requirements, and revenue models underpinning immersive work (product vs advertising funded)",OPTION,,VALIDATION_QUESTIONS,The Fifth Sector,,INTENDED,25/10,BENEFICIAL,PROPOSED,DESCRIPTIVE,NONE,INTENDED,WITHIN_ORG,WITHIN_SECTOR,WITHIN_AREA,WITHIN_CHAIN,COMPENSATED,DESIGNED_IN,REALISED,BENEFICIAL,,,,Sufficient from source,primary,UNKNOWN,COMPLETE,CONTEMPORARY,NONE_FOUND_IN_REVIEW,MEDIUM,INTERNAL_ONLY,DESIGNER;DELIVERER,REVIEWED,INTERNAL_ONLY,Critical questions requiring market validation before investment,DESIGN,M-R3-009,,,,,IDENTIFIED,MITIH,COMMISSIONER_DECISION,,,,25/10,REVIEWED,,NOT_REVIEWED,UNKNOWN,UNKNOWN,,,1.3-candidate,G2-BATCH-D
C-G2-426,P03-MITIH,"Gated investment sequence proposed: immediate demand validation (3-4 months), then Phase 1 ecosystem strengthening (12-18 months), then Phase 2 training expansion (36-48 months)",OPTION,,GATED_SEQUENCE,The Fifth Sector,,INTENDED,25/10,BENEFICIAL,PROPOSED,DESCRIPTIVE,NONE,INTENDED,WITHIN_ORG,WITHIN_SECTOR,WITHIN_AREA,WITHIN_CHAIN,COMPENSATED,DESIGNED_IN,REALISED,BENEFICIAL,,,,Sufficient from source,primary,UNKNOWN,COMPLETE,CONTEMPORARY,NONE_FOUND_IN_REVIEW,MEDIUM,INTERNAL_ONLY,DESIGNER;DELIVERER,REVIEWED,INTERNAL_ONLY,Risk-managed sequence; proceed/pause/pivot criteria at each gate,DESIGN,M-R3-009,,,,,PROPOSED,MITIH,COMMISSIONER_DECISION,,,,25/10,REVIEWED,,NOT_REVIEWED,UNKNOWN,UNKNOWN,,,1.3-candidate,G2-BATCH-D
C-G2-427,P03-MITIH,"Advertising-funded immersive work shows 70% failure rates for new entrants, contrasting with product-funded work which creates sustainable career pathways",KNOWLEDGE,,,The Fifth Sector,,INTENDED,25/10,BENEFICIAL,REPORTED,DESCRIPTIVE,NONE,INTENDED,WITHIN_ORG,WITHIN_SECTOR,WITHIN_AREA,WITHIN_CHAIN,COMPENSATED,DESIGNED_IN,REALISED,BENEFICIAL,,,,Sufficient from source,primary,UNKNOWN,COMPLETE,CONTEMPORARY,NONE_FOUND_IN_REVIEW,MEDIUM,INTERNAL_ONLY,DESIGNER;DELIVERER,REVIEWED,INTERNAL_ONLY,Revenue model distinction; business model determines career viability,CONTEXT,M-R3-009,,,,,,,,,,,25/10,REVIEWED,,NOT_REVIEWED,UNKNOWN,UNKNOWN,,,1.3-candidate,G2-BATCH-D
C-G2-428,P03-MITIH,Fifth Sector delivered createch ecosystem report to Salford City Council and MITIH over three months in early 2025; report findings accepted but recommendations rejected by client,NOT_APPLICABLE,,,The Fifth Sector,,INTENDED,25/10,BENEFICIAL,DELIVERED,DESCRIPTIVE,NONE,INTENDED,WITHIN_ORG,WITHIN_SECTOR,WITHIN_AREA,WITHIN_CHAIN,COMPENSATED,DESIGNED_IN,REALISED,BENEFICIAL,,,,Sufficient from source,primary,UNKNOWN,COMPLETE,CONTEMPORARY,NONE_FOUND_IN_REVIEW,MEDIUM,INTERNAL_ONLY,DESIGNER;DELIVERER,REVIEWED,INTERNAL_ONLY,Report delivered; findings valid but recommendations rejected; unpublished,BID_SUPPORT_DELIVERED,M-R3-007,,,,,,,,,,,25/10,REVIEWED,,NOT_REVIEWED,UNKNOWN,UNKNOWN,,,1.3-candidate,G2-BATCH-D
C-G2-429,P05-WMCA,"14,903 active DCMS Creative Industries companies registered in West Midlands at Companies House, of which 4,267 aged less than two years, 7,291 aged 2-10 years, and 3,345 aged 11+ years",CONTEXTUAL,,,The Fifth Sector,,INTENDED,20/01,BENEFICIAL,REPORTED,DESCRIPTIVE,NONE,INTENDED,WITHIN_ORG,WITHIN_SECTOR,WITHIN_AREA,WITHIN_CHAIN,COMPENSATED,DESIGNED_IN,REALISED,BENEFICIAL,,,,Sufficient from source,primary,UNKNOWN,COMPLETE,CONTEMPORARY,NONE_FOUND_IN_REVIEW,MEDIUM,INTERNAL_ONLY,DESIGNER;DELIVERER,REVIEWED,INTERNAL_ONLY,Total business population; DueDil analysis,CONTEXT,M-R3-012,,,BOP_ASSOCIATE,,,,,,,,20/01,REVIEWED,,NOT_REVIEWED,UNKNOWN,UNKNOWN,,,1.3-candidate,G2-BATCH-D
C-G2-430,P05-WMCA,"Only 26 companies (of 645 shortlisted) met both CAG criteria (10% turnover growth and 8+ employees), with 50% in IT/software/computer services",CONTEXTUAL,,,The Fifth Sector,,INTENDED,20/01,BENEFICIAL,REPORTED,DESCRIPTIVE,NONE,INTENDED,WITHIN_ORG,WITHIN_SECTOR,WITHIN_AREA,WITHIN_CHAIN,COMPENSATED,DESIGNED_IN,REALISED,BENEFICIAL,,,,Sufficient from source,primary,UNKNOWN,COMPLETE,CONTEMPORARY,NONE_FOUND_IN_REVIEW,MEDIUM,INTERNAL_ONLY,DESIGNER;DELIVERER,REVIEWED,INTERNAL_ONLY,CAG eligibility; very few meet both criteria; high bar for creative businesses,CONTEXT,M-R3-012,,,BOP_ASSOCIATE,,,,,,,,20/01,REVIEWED,,NOT_REVIEWED,UNKNOWN,UNKNOWN,,,1.3-candidate,G2-BATCH-D
C-G2-431,P05-WMCA,"645 businesses shortlisted from 2,336 longlist: 596 DCMS CI SIC code companies and 49 non-DCMS companies uncovered through keyword search",CONTEXTUAL,,,The Fifth Sector,,INTENDED,20/01,BENEFICIAL,REPORTED,DESCRIPTIVE,NONE,INTENDED,WITHIN_ORG,WITHIN_SECTOR,WITHIN_AREA,WITHIN_CHAIN,COMPENSATED,DESIGNED_IN,REALISED,BENEFICIAL,,,,Sufficient from source,primary,UNKNOWN,COMPLETE,CONTEMPORARY,NONE_FOUND_IN_REVIEW,MEDIUM,INTERNAL_ONLY,DESIGNER;DELIVERER,REVIEWED,INTERNAL_ONLY,"Shortlist methodology; AI web search, LinkedIn, Crunchbase, GRAND, recruitment analysis",METHOD_OUTPUT,M-R3-012,,,BOP_ASSOCIATE,,,,,,,,20/01,REVIEWED,,NOT_REVIEWED,UNKNOWN,UNKNOWN,,,1.3-candidate,G2-BATCH-D
C-G2-432,P05-WMCA,"IT/software/computer services dominate shortlist at 240 companies (37%), followed by music/performing/visual arts at 89 (14%) and advertising/marketing at 79 (12%)",CONTEXTUAL,,,The Fifth Sector,,INTENDED,20/01,BENEFICIAL,REPORTED,DESCRIPTIVE,NONE,INTENDED,WITHIN_ORG,WITHIN_SECTOR,WITHIN_AREA,WITHIN_CHAIN,COMPENSATED,DESIGNED_IN,REALISED,BENEFICIAL,,,,Sufficient from source,primary,UNKNOWN,COMPLETE,CONTEMPORARY,NONE_FOUND_IN_REVIEW,MEDIUM,INTERNAL_ONLY,DESIGNER;DELIVERER,REVIEWED,INTERNAL_ONLY,Sector breakdown; IT dominant in shortlist and CAG-eligible,CONTEXT,M-R3-012,,,BOP_ASSOCIATE,,,,,,,,20/01,REVIEWED,,NOT_REVIEWED,UNKNOWN,UNKNOWN,,,1.3-candidate,G2-BATCH-D
C-G2-433,P05-WMCA,"168 businesses scored 'Very Good' on scale-up confidence (meeting 2-3 scale-up criteria), with 48% in IT/software/computer services and 19% in non-DCMS sectors",CONTEXTUAL,,,The Fifth Sector,,INTENDED,20/01,BENEFICIAL,REPORTED,DESCRIPTIVE,NONE,INTENDED,WITHIN_ORG,WITHIN_SECTOR,WITHIN_AREA,WITHIN_CHAIN,COMPENSATED,DESIGNED_IN,REALISED,BENEFICIAL,,,,Sufficient from source,primary,UNKNOWN,COMPLETE,CONTEMPORARY,NONE_FOUND_IN_REVIEW,MEDIUM,INTERNAL_ONLY,DESIGNER;DELIVERER,REVIEWED,INTERNAL_ONLY,"Scale-up potential; private investment, public investment, social media, recruitment criteria",CONTEXT,M-R3-012,,,BOP_ASSOCIATE,,,,,,,,20/01,REVIEWED,,NOT_REVIEWED,UNKNOWN,UNKNOWN,,,1.3-candidate,G2-BATCH-D
C-G2-434,P05-WMCA,"253 businesses scored 'Good' on scale-up confidence (meeting 1 criterion), with 22% in music/performing/visual arts and 18% in advertising/marketing",CONTEXTUAL,,,The Fifth Sector,,INTENDED,20/01,BENEFICIAL,REPORTED,DESCRIPTIVE,NONE,INTENDED,WITHIN_ORG,WITHIN_SECTOR,WITHIN_AREA,WITHIN_CHAIN,COMPENSATED,DESIGNED_IN,REALISED,BENEFICIAL,,,,Sufficient from source,primary,UNKNOWN,COMPLETE,CONTEMPORARY,NONE_FOUND_IN_REVIEW,MEDIUM,INTERNAL_ONLY,DESIGNER;DELIVERER,REVIEWED,INTERNAL_ONLY,Additional scale-up potential; broader pool beyond CAG criteria,CONTEXT,M-R3-012,,,BOP_ASSOCIATE,,,,,,,,20/01,REVIEWED,,NOT_REVIEWED,UNKNOWN,UNKNOWN,,,1.3-candidate,G2-BATCH-D
C-G2-435,P05-WMCA,"98 businesses failing to meet either CAG criterion showed scale-up potential, with 25 scoring 'Very Good' on scale-up confidence",KNOWLEDGE,,,The Fifth Sector,,INTENDED,20/01,BENEFICIAL,REPORTED,DESCRIPTIVE,NONE,INTENDED,WITHIN_ORG,WITHIN_SECTOR,WITHIN_AREA,WITHIN_CHAIN,COMPENSATED,DESIGNED_IN,REALISED,BENEFICIAL,,,,Sufficient from source,primary,UNKNOWN,COMPLETE,CONTEMPORARY,NONE_FOUND_IN_REVIEW,MEDIUM,INTERNAL_ONLY,DESIGNER;DELIVERER,REVIEWED,INTERNAL_ONLY,CAG criteria miss real scale-up potential; scale-up scoring more effective than CAG alone,METHOD_OUTPUT,M-R3-012,,,BOP_ASSOCIATE,,,,,,,,20/01,REVIEWED,,NOT_REVIEWED,UNKNOWN,UNKNOWN,,,1.3-candidate,G2-BATCH-D
C-G2-436,P05-WMCA,"Creative supply chain groupings: Creative Content 325 (50%), Creative Services 183 (28%), Creative Originals 57 (9%), Creative Experiences 50 (8%), with 30 (5%) using creative/immersive tech in non-creative applications",PRODUCT,,,The Fifth Sector,,INTENDED,20/01,BENEFICIAL,REPORTED,DESCRIPTIVE,NONE,INTENDED,WITHIN_ORG,WITHIN_SECTOR,WITHIN_AREA,WITHIN_CHAIN,COMPENSATED,DESIGNED_IN,REALISED,BENEFICIAL,,,,Sufficient from source,primary,UNKNOWN,COMPLETE,CONTEMPORARY,NONE_FOUND_IN_REVIEW,MEDIUM,INTERNAL_ONLY,DESIGNER;DELIVERER,REVIEWED,INTERNAL_ONLY,Supply chain analysis; four-chain methodology from 2017/18 GBSLEP mapping,METHOD_OUTPUT,M-R3-012,,,BOP_ASSOCIATE,,,,,,,,20/01,REVIEWED,,NOT_REVIEWED,UNKNOWN,UNKNOWN,,,1.3-candidate,G2-BATCH-D
C-G2-437,P05-WMCA,49 non-DCMS sector businesses identified through keyword search whose products either formed part of creative supply chain or made extensive use of creative and immersive technologies,KNOWLEDGE,,,The Fifth Sector,,INTENDED,20/01,BENEFICIAL,REPORTED,DESCRIPTIVE,NONE,INTENDED,WITHIN_ORG,WITHIN_SECTOR,WITHIN_AREA,WITHIN_CHAIN,COMPENSATED,DESIGNED_IN,REALISED,BENEFICIAL,,,,Sufficient from source,primary,UNKNOWN,COMPLETE,CONTEMPORARY,NONE_FOUND_IN_REVIEW,MEDIUM,INTERNAL_ONLY,DESIGNER;DELIVERER,REVIEWED,INTERNAL_ONLY,Non-DCMS creative businesses; supply chain adjacency; VR/immersive in non-creative sectors,METHOD_OUTPUT,M-R3-012,,,BOP_ASSOCIATE,,,,,,,,20/01,REVIEWED,,NOT_REVIEWED,UNKNOWN,UNKNOWN,,,1.3-candidate,G2-BATCH-D
C-G2-438,P05-WMCA,"Fifth Sector contributed scale-up mapping methodology and data analysis under a BOP Consulting associate arrangement BOP associate, using AI web search, LinkedIn, Crunchbase, and GRAND database",NOT_APPLICABLE,,,The Fifth Sector,,INTENDED,20/01,BENEFICIAL,DELIVERED,DESCRIPTIVE,NONE,INTENDED,WITHIN_ORG,WITHIN_SECTOR,WITHIN_AREA,WITHIN_CHAIN,COMPENSATED,DESIGNED_IN,REALISED,BENEFICIAL,,,,Sufficient from source,primary,UNKNOWN,COMPLETE,CONTEMPORARY,NONE_FOUND_IN_REVIEW,MEDIUM,INTERNAL_ONLY,SUBCONTRACTOR,REVIEWED,INTERNAL_ONLY,"BOP prime, Fifth Sector sub; Iain Bennett named as author",BID_SUPPORT_DELIVERED,M-R3-012,,,BOP_ASSOCIATE,,,,,,,,20/01,REVIEWED,,NOT_REVIEWED,UNKNOWN,UNKNOWN,,,1.3-candidate,G2-BATCH-D
C-G2-439,P06-COSTAR,"dock10 is UK's biggest multi-camera TV studio outside London with 6+ multi-camera studios, green screen studio, orchestral studio, 200Gbps broadcast network, and award-winning post-production",CONTEXTUAL,,,The Fifth Sector,,INTENDED,23/01,BENEFICIAL,REPORTED,DESCRIPTIVE,NONE,INTENDED,WITHIN_ORG,WITHIN_SECTOR,WITHIN_AREA,WITHIN_CHAIN,COMPENSATED,DESIGNED_IN,REALISED,BENEFICIAL,,,,Sufficient from source,primary,UNKNOWN,COMPLETE,CONTEMPORARY,NONE_FOUND_IN_REVIEW,MEDIUM,INTERNAL_ONLY,DESIGNER;DELIVERER,REVIEWED,INTERNAL_ONLY,dock10 current capability; most versatile production facility outside London,CONTEXT,M-R3-013,,,ADVISORY,,,,,,,,23/01,REVIEWED,,NOT_REVIEWED,UNKNOWN,UNKNOWN,,,1.3-candidate,G2-BATCH-D
C-G2-440,P06-COSTAR,"CoSTAR consortium proposed to transform real time media production workflows extending live/as live, 3D and interactive content to larger range of producers",OPTION,,RESEARCH_INFRASTRUCTURE,The Fifth Sector,,INTENDED,23/01,BENEFICIAL,PROPOSED,DESCRIPTIVE,NONE,INTENDED,WITHIN_ORG,WITHIN_SECTOR,WITHIN_AREA,WITHIN_CHAIN,COMPENSATED,DESIGNED_IN,REALISED,BENEFICIAL,,,,Sufficient from source,primary,UNKNOWN,COMPLETE,CONTEMPORARY,NONE_FOUND_IN_REVIEW,MEDIUM,INTERNAL_ONLY,DESIGNER;DELIVERER,REVIEWED,INTERNAL_ONLY,"Bid vision; 2D→3D, interactive→immersive, scalable mixed reality",DESIGN,M-R3-013,,,ADVISORY,,PROPOSED,dock10 consortium,FUNDING_DECISION,,,,23/01,REVIEWED,,NOT_REVIEWED,UNKNOWN,UNKNOWN,,,1.3-candidate,G2-BATCH-D
C-G2-441,P06-COSTAR,Factory Academy reports 65% of participants with diversity data come from underrepresented and/or low socio-economic backgrounds,KNOWLEDGE,,,The Fifth Sector,,INTENDED,23/01,BENEFICIAL,REPORTED,DESCRIPTIVE,NONE,INTENDED,WITHIN_ORG,WITHIN_SECTOR,WITHIN_AREA,WITHIN_CHAIN,COMPENSATED,DESIGNED_IN,REALISED,BENEFICIAL,,,,Sufficient from source,primary,UNKNOWN,COMPLETE,CONTEMPORARY,NONE_FOUND_IN_REVIEW,MEDIUM,INTERNAL_ONLY,DESIGNER;DELIVERER,REVIEWED,INTERNAL_ONLY,EDI outcome; Factory Academy funded through GMCA Adult Education Budget,EFFECT,M-R3-013,,,ADVISORY,,,,,,,,23/01,REVIEWED,,NOT_REVIEWED,UNKNOWN,UNKNOWN,,,1.3-candidate,G2-BATCH-D
C-G2-442,P06-COSTAR,"LaTurbo Avedon's Factory International Fortnite Creative installation welcomed more than 1.7M visitors, demonstrating mass audience reach for digital arts",PRODUCT,,,The Fifth Sector,,INTENDED,23/01,BENEFICIAL,REPORTED,DESCRIPTIVE,NONE,INTENDED,WITHIN_ORG,WITHIN_SECTOR,WITHIN_AREA,WITHIN_CHAIN,COMPENSATED,DESIGNED_IN,REALISED,BENEFICIAL,,,,Sufficient from source,primary,UNKNOWN,COMPLETE,CONTEMPORARY,NONE_FOUND_IN_REVIEW,MEDIUM,INTERNAL_ONLY,DESIGNER;DELIVERER,REVIEWED,INTERNAL_ONLY,Digital arts reach; Factory International Virtual Factory programme,EFFECT,M-R3-013,,,ADVISORY,,,,,,,,23/01,REVIEWED,,NOT_REVIEWED,UNKNOWN,UNKNOWN,,,1.3-candidate,G2-BATCH-D
C-G2-443,P06-COSTAR,"Online learning hub proposed to reach up to 10,000 individuals over first three years of CoSTAR project",OPTION,,SKILLS_PROGRAMME,The Fifth Sector,,INTENDED,23/01,BENEFICIAL,PROPOSED,DESCRIPTIVE,NONE,INTENDED,WITHIN_ORG,WITHIN_SECTOR,WITHIN_AREA,WITHIN_CHAIN,COMPENSATED,DESIGNED_IN,REALISED,BENEFICIAL,,,,Sufficient from source,primary,UNKNOWN,COMPLETE,CONTEMPORARY,NONE_FOUND_IN_REVIEW,MEDIUM,INTERNAL_ONLY,DESIGNER;DELIVERER,REVIEWED,INTERNAL_ONLY,Skills output; digital skills for virtual production,DESIGN,M-R3-013,,,ADVISORY,,PROPOSED,Factory International,FUNDING_DECISION,,,,23/01,REVIEWED,,NOT_REVIEWED,UNKNOWN,UNKNOWN,,,1.3-candidate,G2-BATCH-D
C-G2-444,P06-COSTAR,"Growth Company delivering GM-wide Create Growth programme with £1.2M funding 2022-2025 to support growth of 160 creative businesses, building on DCMS Creative Scale Up pilot",CONTEXTUAL,,,The Fifth Sector,,INTENDED,23/01,BENEFICIAL,REPORTED,DESCRIPTIVE,MONETARY,INTENDED,WITHIN_ORG,WITHIN_SECTOR,WITHIN_AREA,WITHIN_CHAIN,COMPENSATED,DESIGNED_IN,REALISED,BENEFICIAL,,,,Sufficient from source,primary,UNKNOWN,COMPLETE,CONTEMPORARY,NONE_FOUND_IN_REVIEW,MEDIUM,INTERNAL_ONLY,DESIGNER;DELIVERER,REVIEWED,INTERNAL_ONLY,"Aligned investment; existing brokerage and knowledge transfer infrastructure | RESOLVED 26/09/12: source document self-contradicts — ""£1.2m 2023-26"" vs ""£1.2m 2022-2025"" for same programme. Correct: 2022-2025 (DCMS Create Growth actual dates); 2023-26 is conflation with ACE NPO settlement period. | proposition corrected to 2022-2025 — source line 212 correct; line 191 ""2023-26"" is NPO-settlement conflation error",CONTEXT,M-R3-013,,,ADVISORY,,,,,,,,23/01,REVIEWED,OBSERVED_AMOUNT,NOT_REVIEWED,UNKNOWN,UNKNOWN,,,1.3-candidate,G2-BATCH-D
C-G2-445,P06-COSTAR,"dock10 committed to carbon neutrality through offset by 2025 with 5% annual reduction toward net-zero by 2035, with ISO 14001 and 50001 accreditation",CONTEXTUAL,,,The Fifth Sector,,INTENDED,23/01,BENEFICIAL,REPORTED,DESCRIPTIVE,NONE,INTENDED,WITHIN_ORG,WITHIN_SECTOR,WITHIN_AREA,WITHIN_CHAIN,COMPENSATED,DESIGNED_IN,REALISED,BENEFICIAL,,,,Sufficient from source,primary,UNKNOWN,COMPLETE,CONTEMPORARY,NONE_FOUND_IN_REVIEW,MEDIUM,INTERNAL_ONLY,DESIGNER;DELIVERER,REVIEWED,INTERNAL_ONLY,Environmental sustainability; Albert sustainable production certification pioneer,CONTEXT,M-R3-013,,,ADVISORY,,,,,,,,23/01,REVIEWED,,NOT_REVIEWED,UNKNOWN,UNKNOWN,,,1.3-candidate,G2-BATCH-D
C-G2-446,P06-COSTAR,"CoSTAR bid proposed multi-talent motion capture, facial capture, 3D photogrammetry, GPU processing farm, spatial audio, immersive display, and AI computing facilities",OPTION,,CAPITAL_EQUIPMENT,The Fifth Sector,,INTENDED,23/01,BENEFICIAL,PROPOSED,DESCRIPTIVE,NONE,INTENDED,WITHIN_ORG,WITHIN_SECTOR,WITHIN_AREA,WITHIN_CHAIN,COMPENSATED,DESIGNED_IN,REALISED,BENEFICIAL,,,,Sufficient from source,primary,UNKNOWN,COMPLETE,CONTEMPORARY,NONE_FOUND_IN_REVIEW,MEDIUM,INTERNAL_ONLY,DESIGNER;DELIVERER,REVIEWED,INTERNAL_ONLY,Equipment list; TRL 7-9 close-to-market R&D,DESIGN,M-R3-013,,,ADVISORY,,PROPOSED,dock10 consortium,FUNDING_DECISION,,,,23/01,REVIEWED,,NOT_REVIEWED,UNKNOWN,UNKNOWN,,,1.3-candidate,G2-BATCH-D
C-G2-447,P06-COSTAR,Theory of change: democratisation of live production allowing UK producers across larger range of genres to co-create programming for national and international distribution,OPTION,,THEORY_OF_CHANGE,The Fifth Sector,,INTENDED,23/01,BENEFICIAL,PROPOSED,DESCRIPTIVE,NONE,INTENDED,WITHIN_ORG,WITHIN_SECTOR,WITHIN_AREA,WITHIN_CHAIN,COMPENSATED,DESIGNED_IN,REALISED,BENEFICIAL,,,,Sufficient from source,primary,UNKNOWN,COMPLETE,CONTEMPORARY,NONE_FOUND_IN_REVIEW,MEDIUM,INTERNAL_ONLY,DESIGNER;DELIVERER,REVIEWED,INTERNAL_ONLY,Theory of change; invert the pyramid by removing bottlenecks,DESIGN,M-R3-013,,,ADVISORY,,PROPOSED,dock10 consortium,FUNDING_DECISION,,,,23/01,REVIEWED,,NOT_REVIEWED,UNKNOWN,UNKNOWN,,,1.3-candidate,G2-BATCH-D
C-G2-448,P06-COSTAR,"Fifth Sector delivered CoSTAR bid support document with theory of change, strategic fit, and delivery plan for Manchester consortium; bid NOT successful",NOT_APPLICABLE,,,The Fifth Sector,,INTENDED,23/01,BENEFICIAL,DELIVERED,DESCRIPTIVE,NONE,INTENDED,WITHIN_ORG,WITHIN_SECTOR,WITHIN_AREA,WITHIN_CHAIN,COMPENSATED,DESIGNED_IN,REALISED,BENEFICIAL,,,,Sufficient from source,primary,UNKNOWN,COMPLETE,CONTEMPORARY,NONE_FOUND_IN_REVIEW,MEDIUM,INTERNAL_ONLY,DESIGNER;DELIVERER,REVIEWED,INTERNAL_ONLY,Bid support delivered; bid NOT successful (confirmed by Iain 26/09/09); 25/10 consortium plan is for different/revived consortium,BID_SUPPORT_DELIVERED,M-R3-013,,,ADVISORY,,,,,,,,23/01,REVIEWED,,NOT_REVIEWED,UNKNOWN,UNKNOWN,,,1.3-candidate,G2-BATCH-D
C-G2-449,P07-CC,"Creative City+ inception note proposed five work packages: project initiation, EOI review, statistical base/supply chain analysis, business/stakeholder engagement, and options assessment/bid drafting",OPTION,,WORK_PACKAGES,The Fifth Sector,,INTENDED,20/09,BENEFICIAL,PROPOSED,DESCRIPTIVE,NONE,INTENDED,WITHIN_ORG,WITHIN_SECTOR,WITHIN_AREA,WITHIN_CHAIN,COMPENSATED,DESIGNED_IN,REALISED,BENEFICIAL,,,,Sufficient from source,primary,UNKNOWN,COMPLETE,CONTEMPORARY,NONE_FOUND_IN_REVIEW,MEDIUM,INTERNAL_ONLY,DESIGNER;DELIVERER,REVIEWED,INTERNAL_ONLY,Inception note; five work packages with five key deliverables,DESIGN,M-R3-014,,,ADVISORY,,EXPIRED,GMCA,FUNDING_DECISION,,,,20/09,REVIEWED,,NOT_REVIEWED,UNKNOWN,UNKNOWN,,,1.3-candidate,G2-BATCH-D
C-G2-450,P07-CC,"Proposed statistical base would cover Creative Industries, Retail (physical), and eCommerce within GM city region, with value chain analysis across creative content, experience, originals, and services",OPTION,,METHODOLOGY_DESIGN,The Fifth Sector,,INTENDED,20/09,BENEFICIAL,PROPOSED,DESCRIPTIVE,NONE,INTENDED,WITHIN_ORG,WITHIN_SECTOR,WITHIN_AREA,WITHIN_CHAIN,COMPENSATED,DESIGNED_IN,REALISED,BENEFICIAL,,,,Sufficient from source,primary,UNKNOWN,COMPLETE,CONTEMPORARY,NONE_FOUND_IN_REVIEW,MEDIUM,INTERNAL_ONLY,DESIGNER;DELIVERER,REVIEWED,INTERNAL_ONLY,Statistical base design; cross-sector analysis spanning creative and retail,DESIGN,M-R3-014,,,ADVISORY,,EXPIRED,GMCA,FUNDING_DECISION,,,,20/09,REVIEWED,,NOT_REVIEWED,UNKNOWN,UNKNOWN,,,1.3-candidate,G2-BATCH-D
C-G2-451,P07-CC,"Inception note proposed HMT five-case model for bid development with theory of change, options assessment, and stakeholder engagement up to six meetings",OPTION,,BID_METHODOLOGY,The Fifth Sector,,INTENDED,20/09,BENEFICIAL,PROPOSED,DESCRIPTIVE,NONE,INTENDED,WITHIN_ORG,WITHIN_SECTOR,WITHIN_AREA,WITHIN_CHAIN,COMPENSATED,DESIGNED_IN,REALISED,BENEFICIAL,,,,Sufficient from source,primary,UNKNOWN,COMPLETE,CONTEMPORARY,NONE_FOUND_IN_REVIEW,MEDIUM,INTERNAL_ONLY,DESIGNER;DELIVERER,REVIEWED,INTERNAL_ONLY,Bid methodology; HMT five-case model; SIPF context,DESIGN,M-R3-014,,,ADVISORY,,EXPIRED,GMCA,FUNDING_DECISION,,,,20/09,REVIEWED,,NOT_REVIEWED,UNKNOWN,UNKNOWN,,,1.3-candidate,G2-BATCH-D
C-G2-452,P07-CC,Fifth Sector delivered inception note for Creative City+ SIPF bid support; application NOT successful and project did not proceed beyond inception,NOT_APPLICABLE,,,The Fifth Sector,,INTENDED,20/09,BENEFICIAL,DELIVERED,DESCRIPTIVE,NONE,INTENDED,WITHIN_ORG,WITHIN_SECTOR,WITHIN_AREA,WITHIN_CHAIN,COMPENSATED,DESIGNED_IN,REALISED,BENEFICIAL,,,,Sufficient from source,primary,UNKNOWN,COMPLETE,CONTEMPORARY,NONE_FOUND_IN_REVIEW,MEDIUM,INTERNAL_ONLY,DESIGNER;DELIVERER,REVIEWED,INTERNAL_ONLY,Inception delivered; SIPF application NOT successful; project did not proceed,BID_SUPPORT_DELIVERED,M-R3-014,,,ADVISORY,,,,,,,,20/09,REVIEWED,,NOT_REVIEWED,UNKNOWN,UNKNOWN,,,1.3-candidate,G2-BATCH-D
C-G2-453,P09-CDEC,"UK creative industries in 2012 accounted for 6.4% of GVA with over 182,000 companies, 1.3M employees, and £17.3bn exports annually",CONTEXTUAL,,,The Fifth Sector,,INTENDED,12/04,BENEFICIAL,REPORTED,DESCRIPTIVE,MONETARY,INTENDED,WITHIN_ORG,WITHIN_SECTOR,WITHIN_AREA,WITHIN_CHAIN,COMPENSATED,DESIGNED_IN,REALISED,BENEFICIAL,,,,Sufficient from source,primary,UNKNOWN,COMPLETE,CONTEMPORARY,NONE_FOUND_IN_REVIEW,MEDIUM,INTERNAL_ONLY,DESIGNER;DELIVERER,REVIEWED,INTERNAL_ONLY,2012 baseline figures; 13 CI sectors from advertising to video games,CONTEXT,M-R3-017,,,ADVISORY,,,,,,,,12/04,REVIEWED,OBSERVED_AMOUNT,NOT_REVIEWED,UNKNOWN,UNKNOWN,,,1.3-candidate,G2-BATCH-D
C-G2-454,P09-CDEC,"Convergence argument: if ICT (5% GVA) and creative industries (6.4% GVA) were pulling together, outcome could be transformative for digital economy",OPTION,,CONVERGENCE_PROPOSITION,The Fifth Sector,,INTENDED,12/04,BENEFICIAL,REPORTED,DESCRIPTIVE,NONE,INTENDED,WITHIN_ORG,WITHIN_SECTOR,WITHIN_AREA,WITHIN_CHAIN,COMPENSATED,DESIGNED_IN,REALISED,BENEFICIAL,,,,Sufficient from source,primary,UNKNOWN,COMPLETE,CONTEMPORARY,NONE_FOUND_IN_REVIEW,MEDIUM,INTERNAL_ONLY,DESIGNER;DELIVERER,REVIEWED,INTERNAL_ONLY,Convergence proposition; content + technology sectors,DESIGN,M-R3-017,,,ADVISORY,,PROPOSED,,,,,,12/04,REVIEWED,,NOT_REVIEWED,UNKNOWN,UNKNOWN,,,1.3-candidate,G2-BATCH-D
C-G2-455,P09-CDEC,"Global content delivery platforms (iPad/iTunes, Kindle, PS3) being created outside UK, with lion's share of value chain extracted elsewhere",KNOWLEDGE,,,The Fifth Sector,,INTENDED,12/04,BENEFICIAL,REPORTED,DESCRIPTIVE,NONE,INTENDED,WITHIN_ORG,WITHIN_SECTOR,WITHIN_AREA,WITHIN_CHAIN,COMPENSATED,DESIGNED_IN,REALISED,BENEFICIAL,,,,Sufficient from source,primary,UNKNOWN,COMPLETE,CONTEMPORARY,NONE_FOUND_IN_REVIEW,MEDIUM,INTERNAL_ONLY,DESIGNER;DELIVERER,REVIEWED,INTERNAL_ONLY,Competitive challenge; value chain extraction by foreign platforms,CONTEXT,M-R3-017,,,ADVISORY,,,,,,,,12/04,REVIEWED,,NOT_REVIEWED,UNKNOWN,UNKNOWN,,,1.3-candidate,G2-BATCH-D
C-G2-456,P09-CDEC,"Innovation in creative industries is market-led rather than technology-led, based around commissioning, responding to creative brief, or exploiting commercial opportunities",KNOWLEDGE,,,The Fifth Sector,,INTENDED,12/04,BENEFICIAL,REPORTED,DESCRIPTIVE,NONE,INTENDED,WITHIN_ORG,WITHIN_SECTOR,WITHIN_AREA,WITHIN_CHAIN,COMPENSATED,DESIGNED_IN,REALISED,BENEFICIAL,,,,Sufficient from source,primary,UNKNOWN,COMPLETE,CONTEMPORARY,NONE_FOUND_IN_REVIEW,MEDIUM,INTERNAL_ONLY,DESIGNER;DELIVERER,REVIEWED,INTERNAL_ONLY,Innovation model; no agreed model; R&D spend and patents of limited relevance,METHOD_OUTPUT,M-R3-017,,,ADVISORY,,,,,,,,12/04,REVIEWED,,NOT_REVIEWED,UNKNOWN,UNKNOWN,,,1.3-candidate,G2-BATCH-D
C-G2-457,P09-CDEC,Creative industry innovation tends to be highly collaborative with individuals and small businesses coming together on project basis within informal networks,KNOWLEDGE,,,The Fifth Sector,,INTENDED,12/04,BENEFICIAL,REPORTED,DESCRIPTIVE,NONE,INTENDED,WITHIN_ORG,WITHIN_SECTOR,WITHIN_AREA,WITHIN_CHAIN,COMPENSATED,DESIGNED_IN,REALISED,BENEFICIAL,,,,Sufficient from source,primary,UNKNOWN,COMPLETE,CONTEMPORARY,NONE_FOUND_IN_REVIEW,MEDIUM,INTERNAL_ONLY,DESIGNER;DELIVERER,REVIEWED,INTERNAL_ONLY,Collaborative innovation; non-exclusive; project-by-project; informal partnerships,METHOD_OUTPUT,M-R3-017,,,ADVISORY,,,,,,,,12/04,REVIEWED,,NOT_REVIEWED,UNKNOWN,UNKNOWN,,,1.3-candidate,G2-BATCH-D
C-G2-458,P09-CDEC,"CDEC should provide both 'the street' and 'the lab' - creative professionals innovate by drawing on cultural phenomena and emerging trends, not campus or science park environments",OPTION,,FACILITY_DESIGN,The Fifth Sector,,INTENDED,12/04,BENEFICIAL,REPORTED,DESCRIPTIVE,NONE,INTENDED,WITHIN_ORG,WITHIN_SECTOR,WITHIN_AREA,WITHIN_CHAIN,COMPENSATED,DESIGNED_IN,REALISED,BENEFICIAL,,,,Sufficient from source,primary,UNKNOWN,COMPLETE,CONTEMPORARY,NONE_FOUND_IN_REVIEW,MEDIUM,INTERNAL_ONLY,DESIGNER;DELIVERER,REVIEWED,INTERNAL_ONLY,Facility design principle; street-level embeddedness needed,DESIGN,M-R3-017,,,ADVISORY,,PROPOSED,,,,,,12/04,REVIEWED,,NOT_REVIEWED,UNKNOWN,UNKNOWN,,,1.3-candidate,G2-BATCH-D
C-G2-459,P09-CDEC,CDEC should address 'two cultures' challenge by providing forum for technologists and creative professionals to experiment and test new products,OPTION,,COLLABORATION_MECHANISM,The Fifth Sector,,INTENDED,12/04,BENEFICIAL,REPORTED,DESCRIPTIVE,NONE,INTENDED,WITHIN_ORG,WITHIN_SECTOR,WITHIN_AREA,WITHIN_CHAIN,COMPENSATED,DESIGNED_IN,REALISED,BENEFICIAL,,,,Sufficient from source,primary,UNKNOWN,COMPLETE,CONTEMPORARY,NONE_FOUND_IN_REVIEW,MEDIUM,INTERNAL_ONLY,DESIGNER;DELIVERER,REVIEWED,INTERNAL_ONLY,Two cultures challenge; Snow's divide between sciences and humanities,DESIGN,M-R3-017,,,ADVISORY,,PROPOSED,,,,,,12/04,REVIEWED,,NOT_REVIEWED,UNKNOWN,UNKNOWN,,,1.3-candidate,G2-BATCH-D
C-G2-460,P09-CDEC,Small creative businesses need 'two-way street' in CDEC participation: not just selling services to large tech companies but also benefiting and learning,OPTION,,PARTICIPATION_MODEL,The Fifth Sector,,INTENDED,12/04,BENEFICIAL,REPORTED,DESCRIPTIVE,NONE,INTENDED,WITHIN_ORG,WITHIN_SECTOR,WITHIN_AREA,WITHIN_CHAIN,COMPENSATED,DESIGNED_IN,REALISED,BENEFICIAL,,,,Sufficient from source,primary,UNKNOWN,COMPLETE,CONTEMPORARY,NONE_FOUND_IN_REVIEW,MEDIUM,INTERNAL_ONLY,DESIGNER;DELIVERER,REVIEWED,INTERNAL_ONLY,Participation principle; mutual benefit not one-way extraction,DESIGN,M-R3-017,,,ADVISORY,,PROPOSED,,,,,,12/04,REVIEWED,,NOT_REVIEWED,UNKNOWN,UNKNOWN,,,1.3-candidate,G2-BATCH-D
C-G2-461,P09-CDEC,Fifth Sector provided advisory/consultative input to CDEC challenges paper for Technology Strategy Board; paper finalised 12/04,NOT_APPLICABLE,,,The Fifth Sector,,INTENDED,12/04,BENEFICIAL,DELIVERED,DESCRIPTIVE,NONE,INTENDED,WITHIN_ORG,WITHIN_SECTOR,WITHIN_AREA,WITHIN_CHAIN,COMPENSATED,DESIGNED_IN,REALISED,BENEFICIAL,,,,Sufficient from source,primary,UNKNOWN,COMPLETE,CONTEMPORARY,NONE_FOUND_IN_REVIEW,MEDIUM,INTERNAL_ONLY,ADVISOR,REVIEWED,INTERNAL_ONLY,Advisory role; challenges paper finalised; oldest project in pilot,BID_SUPPORT_DELIVERED,M-R3-017,,,ADVISORY,,,,,,,,12/04,REVIEWED,,NOT_REVIEWED,UNKNOWN,UNKNOWN,,,1.3-candidate,G2-BATCH-D
C-G2-462,P04-GBSLEP,"Creative Economy of Greater Birmingham generates £4.1 billion in GVA, 9% of total GBSLEP output, employing 50,000 workers (5.6% of total workforce)",CONTEXTUAL,,,The Fifth Sector,,INTENDED,17/12,BENEFICIAL,REPORTED,DESCRIPTIVE,MONETARY,INTENDED,WITHIN_ORG,WITHIN_SECTOR,WITHIN_AREA,WITHIN_CHAIN,COMPENSATED,DESIGNED_IN,REALISED,BENEFICIAL,,,,Sufficient from source,primary,UNKNOWN,COMPLETE,CONTEMPORARY,NONE_FOUND_IN_REVIEW,MEDIUM,INTERNAL_ONLY,DESIGNER;DELIVERER,REVIEWED,INTERNAL_ONLY,Headline figure; larger share of employment than Advanced Manufacturing & Engineering,CONTEXT,M-R3-018,,,SUBCONTRACTOR,,,,,,,,17/12,REVIEWED,OBSERVED_ESTIMATE,NOT_REVIEWED,UNKNOWN,UNKNOWN,,,1.3-candidate,G2-BATCH-D
C-G2-463,P04-GBSLEP,"Creative Industries businesses grew from 4,000 to 5,100 between 2010-2015, with employment growing by 1,300 jobs; IT/software grew by 1,200 jobs and Design by 1,100 jobs (238% increase)",CONTEXTUAL,,,The Fifth Sector,,INTENDED,17/12,BENEFICIAL,REPORTED,DESCRIPTIVE,NONE,INTENDED,WITHIN_ORG,WITHIN_SECTOR,WITHIN_AREA,WITHIN_CHAIN,COMPENSATED,DESIGNED_IN,REALISED,BENEFICIAL,,,,Sufficient from source,primary,UNKNOWN,COMPLETE,CONTEMPORARY,NONE_FOUND_IN_REVIEW,MEDIUM,INTERNAL_ONLY,DESIGNER;DELIVERER,REVIEWED,INTERNAL_ONLY,Business and employment growth 2010-2015; Design extraordinary growth rate,CONTEXT,M-R3-018,,,SUBCONTRACTOR,,,,,,,,17/12,REVIEWED,,NOT_REVIEWED,UNKNOWN,UNKNOWN,,,1.3-candidate,G2-BATCH-D
C-G2-464,P04-GBSLEP,"Creative Content sector accounts for 16,850 jobs and £1.4 billion GVA, Creative Services for £1.9 billion GVA, despite recent falls in some sectors",CONTEXTUAL,,,The Fifth Sector,,INTENDED,17/12,BENEFICIAL,REPORTED,DESCRIPTIVE,MONETARY,INTENDED,WITHIN_ORG,WITHIN_SECTOR,WITHIN_AREA,WITHIN_CHAIN,COMPENSATED,DESIGNED_IN,REALISED,BENEFICIAL,,,,Sufficient from source,primary,UNKNOWN,COMPLETE,CONTEMPORARY,NONE_FOUND_IN_REVIEW,MEDIUM,INTERNAL_ONLY,DESIGNER;DELIVERER,REVIEWED,INTERNAL_ONLY,Supply chain analysis; four-chain methodology,CONTEXT,M-R3-018,,,SUBCONTRACTOR,,,,,,,,17/12,REVIEWED,OBSERVED_ESTIMATE,NOT_REVIEWED,UNKNOWN,UNKNOWN,,,1.3-candidate,G2-BATCH-D
C-G2-465,P04-GBSLEP,"Crafts cluster in Birmingham has LQ of 6.2, more strongly clustered than any comparable LEP area, most likely attributable to Jewellery Quarter",KNOWLEDGE,,,The Fifth Sector,,INTENDED,17/12,BENEFICIAL,REPORTED,DESCRIPTIVE,NONE,INTENDED,WITHIN_ORG,WITHIN_SECTOR,WITHIN_AREA,WITHIN_CHAIN,COMPENSATED,DESIGNED_IN,REALISED,BENEFICIAL,,,,Sufficient from source,primary,UNKNOWN,COMPLETE,CONTEMPORARY,NONE_FOUND_IN_REVIEW,MEDIUM,INTERNAL_ONLY,DESIGNER;DELIVERER,REVIEWED,INTERNAL_ONLY,Cluster analysis; LQ > 1.0 indicates clustering; 6.2 is exceptionally strong QA FIX 26/09/12: Reclassified METHOD_OUTPUT→CONTEXT; sector baseline (LQ/company count) not method output,CONTEXT,M-R3-018,,,SUBCONTRACTOR,,,,,,,,17/12,REVIEWED,DESCRIPTIVE_ESTIMATE,NOT_REVIEWED,UNKNOWN,UNKNOWN,,,1.3-candidate,G2-BATCH-D
C-G2-466,P04-GBSLEP,Design sector showing extraordinary growth averaging 238% between 2010-2015 across all local authorities in GBSLEP area,CONTEXTUAL,,,The Fifth Sector,,INTENDED,17/12,BENEFICIAL,REPORTED,DESCRIPTIVE,NONE,INTENDED,WITHIN_ORG,WITHIN_SECTOR,WITHIN_AREA,WITHIN_CHAIN,COMPENSATED,DESIGNED_IN,REALISED,BENEFICIAL,,,,Sufficient from source,primary,UNKNOWN,COMPLETE,CONTEMPORARY,NONE_FOUND_IN_REVIEW,MEDIUM,INTERNAL_ONLY,DESIGNER;DELIVERER,REVIEWED,INTERNAL_ONLY,Design cluster growth; dispersed across all local authorities,CONTEXT,M-R3-018,,,SUBCONTRACTOR,,,,,,,,17/12,REVIEWED,,NOT_REVIEWED,UNKNOWN,UNKNOWN,,,1.3-candidate,G2-BATCH-D
C-G2-467,P04-GBSLEP,"Film, TV, Video, Radio & Photography employment fell 42% from 3,700 to 2,100 jobs 2010-2015, Publishing fell 28%, Museums/Galleries/Libraries fell 12%",CONTEXTUAL,,,The Fifth Sector,,INTENDED,17/12,BENEFICIAL,REPORTED,DESCRIPTIVE,NONE,INTENDED,WITHIN_ORG,WITHIN_SECTOR,WITHIN_AREA,WITHIN_CHAIN,COMPENSATED,DESIGNED_IN,REALISED,BENEFICIAL,,,,Sufficient from source,primary,UNKNOWN,COMPLETE,CONTEMPORARY,NONE_FOUND_IN_REVIEW,MEDIUM,INTERNAL_ONLY,DESIGNER;DELIVERER,REVIEWED,INTERNAL_ONLY,Sectoral decline; audio-visual lack of commissioning infrastructure; BBC/ITV centralisation in London,CONTEXT,M-R3-018,,,SUBCONTRACTOR,,,,,,,,17/12,REVIEWED,,NOT_REVIEWED,UNKNOWN,UNKNOWN,,,1.3-candidate,G2-BATCH-D
C-G2-468,P04-GBSLEP,"Average size of creative businesses fell from 6.4 to 5.4 employees between 2010-2015, against UK sector average of 7+, indicating potential instability and lack of resilience",CONTEXTUAL,,,The Fifth Sector,,INTENDED,17/12,BENEFICIAL,REPORTED,DESCRIPTIVE,NONE,INTENDED,WITHIN_ORG,WITHIN_SECTOR,WITHIN_AREA,WITHIN_CHAIN,COMPENSATED,DESIGNED_IN,REALISED,BENEFICIAL,,,,Sufficient from source,primary,UNKNOWN,COMPLETE,CONTEMPORARY,NONE_FOUND_IN_REVIEW,MEDIUM,INTERNAL_ONLY,DESIGNER;DELIVERER,REVIEWED,INTERNAL_ONLY,Business size concern; may indicate dynamism (new firm creation) or instability,CONTEXT,M-R3-018,,,SUBCONTRACTOR,,,,,,,,17/12,REVIEWED,,NOT_REVIEWED,UNKNOWN,UNKNOWN,,,1.3-candidate,G2-BATCH-D
C-G2-469,P04-GBSLEP,"80% of Advertising & Marketing roles found outside Creative Industries (in-house marketing), while 80% of IT/Software roles within Creative Industries (outsourcing model)",KNOWLEDGE,,,The Fifth Sector,,INTENDED,17/12,BENEFICIAL,REPORTED,DESCRIPTIVE,NONE,INTENDED,WITHIN_ORG,WITHIN_SECTOR,WITHIN_AREA,WITHIN_CHAIN,COMPENSATED,DESIGNED_IN,REALISED,BENEFICIAL,,,,Sufficient from source,primary,UNKNOWN,COMPLETE,CONTEMPORARY,NONE_FOUND_IN_REVIEW,MEDIUM,INTERNAL_ONLY,DESIGNER;DELIVERER,REVIEWED,INTERNAL_ONLY,Creative Economy dispersal; VML analysis; different outsourcing patterns by sub-sector,METHOD_OUTPUT,M-R3-018,,,SUBCONTRACTOR,,,,,,,,17/12,REVIEWED,,NOT_REVIEWED,UNKNOWN,UNKNOWN,,,1.3-candidate,G2-BATCH-D
C-G2-470,P04-GBSLEP,"Evidence of spillovers between cultural organisations and commercial creative sector: Ikon Gallery's international specialist publishing business and Stan's Café's scalable theatre show licensed as format to producers in NY, Melbourne, Buenos Aires and Europe",KNOWLEDGE,,,The Fifth Sector,,INTENDED,17/12,BENEFICIAL,REPORTED,DESCRIPTIVE,NONE,INTENDED,WITHIN_ORG,WITHIN_SECTOR,WITHIN_AREA,WITHIN_CHAIN,COMPENSATED,DESIGNED_IN,REALISED,BENEFICIAL,,,,Sufficient from source,primary,UNKNOWN,COMPLETE,CONTEMPORARY,NONE_FOUND_IN_REVIEW,MEDIUM,INTERNAL_ONLY,DESIGNER;DELIVERER,REVIEWED,INTERNAL_ONLY,Cultural-to-commercial spillover; format licensing as IP exploitation model,EFFECT,M-R3-018,,,SUBCONTRACTOR,,,,,,,,17/12,REVIEWED,,NOT_REVIEWED,UNKNOWN,UNKNOWN,,,1.3-candidate,G2-BATCH-D
C-G2-471,P04-GBSLEP,"Informal intermediaries (Flatpack, Ikon, Stan's Café) provide mentoring and market information to less established companies, transferring expertise through festivals, training and workshops",KNOWLEDGE,,,The Fifth Sector,,INTENDED,17/12,BENEFICIAL,REPORTED,DESCRIPTIVE,NONE,INTENDED,WITHIN_ORG,WITHIN_SECTOR,WITHIN_AREA,WITHIN_CHAIN,COMPENSATED,DESIGNED_IN,REALISED,BENEFICIAL,,,,Sufficient from source,primary,UNKNOWN,COMPLETE,CONTEMPORARY,NONE_FOUND_IN_REVIEW,MEDIUM,INTERNAL_ONLY,DESIGNER;DELIVERER,REVIEWED,INTERNAL_ONLY,Informal intermediary role; knowledge transfer mechanism; arts organisations diversifying business models,EFFECT,M-R3-018,,,SUBCONTRACTOR,,,,,,,,17/12,REVIEWED,,NOT_REVIEWED,UNKNOWN,UNKNOWN,,,1.3-candidate,G2-BATCH-D
C-G2-472,P04-GBSLEP,"Games companies forced to develop own AR/VR tools found market for those applications in wider digital manufacturing sectors, demonstrating cross-sector spillover from creative to advanced manufacturing",KNOWLEDGE,,,The Fifth Sector,,INTENDED,17/12,BENEFICIAL,REPORTED,DESCRIPTIVE,NONE,INTENDED,WITHIN_ORG,WITHIN_SECTOR,WITHIN_AREA,WITHIN_CHAIN,COMPENSATED,DESIGNED_IN,REALISED,BENEFICIAL,,,,Sufficient from source,primary,UNKNOWN,COMPLETE,CONTEMPORARY,NONE_FOUND_IN_REVIEW,MEDIUM,INTERNAL_ONLY,DESIGNER;DELIVERER,REVIEWED,INTERNAL_ONLY,Cross-sector spillover; games→advanced manufacturing; lack of commissioning forced innovation,EFFECT,M-R3-018,,,SUBCONTRACTOR,,,,,,,,17/12,REVIEWED,,NOT_REVIEWED,UNKNOWN,UNKNOWN,,,1.3-candidate,G2-BATCH-D
C-G2-473,P04-GBSLEP,Advertising and marketing professionals translated data analysis and behavioural insight expertise into programmatic advertising business model,KNOWLEDGE,,,The Fifth Sector,,INTENDED,17/12,BENEFICIAL,REPORTED,DESCRIPTIVE,NONE,INTENDED,WITHIN_ORG,WITHIN_SECTOR,WITHIN_AREA,WITHIN_CHAIN,COMPENSATED,DESIGNED_IN,REALISED,BENEFICIAL,,,,Sufficient from source,primary,UNKNOWN,COMPLETE,CONTEMPORARY,NONE_FOUND_IN_REVIEW,MEDIUM,INTERNAL_ONLY,DESIGNER;DELIVERER,REVIEWED,INTERNAL_ONLY,Knowledge spillover; data skills from creative services to programmatic advertising,EFFECT,M-R3-018,,,SUBCONTRACTOR,,,,,,,,17/12,REVIEWED,,NOT_REVIEWED,UNKNOWN,UNKNOWN,,,1.3-candidate,G2-BATCH-D
C-G2-474,P04-GBSLEP,"Birmingham is youngest and most diverse city in Europe with 40% of population aged 25 or under, but Creative Industries have yet to fully grasp diversity opportunity",CONTEXTUAL,,,The Fifth Sector,,INTENDED,17/12,BENEFICIAL,REPORTED,DESCRIPTIVE,NONE,INTENDED,WITHIN_ORG,WITHIN_SECTOR,WITHIN_AREA,WITHIN_CHAIN,COMPENSATED,DESIGNED_IN,REALISED,BENEFICIAL,,,,Sufficient from source,primary,UNKNOWN,COMPLETE,CONTEMPORARY,NONE_FOUND_IN_REVIEW,MEDIUM,INTERNAL_ONLY,DESIGNER;DELIVERER,REVIEWED,INTERNAL_ONLY,Diversity context; RE:Present and ASTONish programmes; broadcaster diversity potential,CONTEXT,M-R3-018,,,SUBCONTRACTOR,,,,,,,,17/12,REVIEWED,,NOT_REVIEWED,UNKNOWN,UNKNOWN,,,1.3-candidate,G2-BATCH-D
C-G2-475,P04-GBSLEP,"If GBSLEP matched Oxfordshire performance, it would add 3,965 creative enterprises and 30,000 jobs to the economy",OPTION,,COUNTERFACTUAL_SCENARIO,The Fifth Sector,,INTENDED,17/12,BENEFICIAL,REPORTED,DESCRIPTIVE,MONETARY,INTENDED,WITHIN_ORG,WITHIN_SECTOR,WITHIN_AREA,WITHIN_CHAIN,COMPENSATED,DESIGNED_IN,REALISED,BENEFICIAL,,,,Sufficient from source,primary,UNKNOWN,COMPLETE,CONTEMPORARY,NONE_FOUND_IN_REVIEW,MEDIUM,INTERNAL_ONLY,DESIGNER;DELIVERER,REVIEWED,INTERNAL_ONLY,Counterfactual; unfulfilled potential benchmark,DESIGN,M-R3-018,,,SUBCONTRACTOR,,IDENTIFIED,,,,,,17/12,REVIEWED,SCENARIO_ESTIMATE,NOT_REVIEWED,UNKNOWN,UNKNOWN,,,1.3-candidate,G2-BATCH-D
C-G2-476,P04-GBSLEP,"Recommendations proposed: West Midlands Film Fund, Mercian Studios, expanded BBC production, Channel 4 relocation, and higher 'out of London' production quotas",OPTION,,POLICY_RECOMMENDATIONS,The Fifth Sector,,INTENDED,17/12,BENEFICIAL,PROPOSED,DESCRIPTIVE,NONE,INTENDED,WITHIN_ORG,WITHIN_SECTOR,WITHIN_AREA,WITHIN_CHAIN,COMPENSATED,DESIGNED_IN,REALISED,BENEFICIAL,,,,Sufficient from source,primary,UNKNOWN,COMPLETE,CONTEMPORARY,NONE_FOUND_IN_REVIEW,MEDIUM,INTERNAL_ONLY,DESIGNER;DELIVERER,REVIEWED,INTERNAL_ONLY,High-end content production strategy; inflection point for sector,DESIGN,M-R3-018,,,SUBCONTRACTOR,,PROPOSED,GBSLEP,COMMISSIONER_DECISION,,,,17/12,REVIEWED,,NOT_REVIEWED,UNKNOWN,UNKNOWN,,,1.3-candidate,G2-BATCH-D
C-G2-477,P04-GBSLEP,"Iain Bennett as BOP Consulting Associate authored GBSLEP Creative Economy mapping; BOP prime contractor, Fifth Sector contribution as associate",NOT_APPLICABLE,,,The Fifth Sector,,INTENDED,17/12,BENEFICIAL,DELIVERED,DESCRIPTIVE,NONE,INTENDED,WITHIN_ORG,WITHIN_SECTOR,WITHIN_AREA,WITHIN_CHAIN,COMPENSATED,DESIGNED_IN,REALISED,BENEFICIAL,,,,Sufficient from source,primary,UNKNOWN,COMPLETE,CONTEMPORARY,NONE_FOUND_IN_REVIEW,MEDIUM,INTERNAL_ONLY,ASSOCIATE,REVIEWED,INTERNAL_ONLY,BOP prime; Iain Bennett as Associate author; 17/12 publication,BID_SUPPORT_DELIVERED,M-R3-018,,,SUBCONTRACTOR,,,,,,,,17/12,REVIEWED,,NOT_REVIEWED,UNKNOWN,UNKNOWN,,,1.3-candidate,G2-BATCH-D
C-G2-478,P08-LIVDCI,"LCR Digital & Creative cluster has over 6,500 businesses and 51,000 digital and creative professionals including 20,000+ freelance and self-employed workers",CONTEXTUAL,,,The Fifth Sector,,INTENDED,24/07,BENEFICIAL,REPORTED,DESCRIPTIVE,NONE,INTENDED,WITHIN_ORG,WITHIN_SECTOR,WITHIN_AREA,WITHIN_CHAIN,COMPENSATED,DESIGNED_IN,REALISED,BENEFICIAL,,,,Sufficient from source,primary,UNKNOWN,COMPLETE,CONTEMPORARY,NONE_FOUND_IN_REVIEW,MEDIUM,INTERNAL_ONLY,DESIGNER;DELIVERER,REVIEWED,INTERNAL_ONLY,Headline mapping figure Q1 2024; Beauhurst + LinkedIn methodology,CONTEXT,M-R3-020,,,PRIME,,,,,,,,24/07,REVIEWED,,NOT_REVIEWED,UNKNOWN,UNKNOWN,,,1.3-candidate,G2-BATCH-D
C-G2-479,P08-LIVDCI,"LCR digital and creative workforce contributed £4 billion in GVA, representing around 4% of national creative industries GVA",CONTEXTUAL,,,The Fifth Sector,,INTENDED,24/07,BENEFICIAL,REPORTED,DESCRIPTIVE,MONETARY,INTENDED,WITHIN_ORG,WITHIN_SECTOR,WITHIN_AREA,WITHIN_CHAIN,COMPENSATED,DESIGNED_IN,REALISED,BENEFICIAL,,,,Sufficient from source,primary,UNKNOWN,COMPLETE,CONTEMPORARY,NONE_FOUND_IN_REVIEW,HIGH,INTERNAL_ONLY,DESIGNER;DELIVERER,REVIEWED,INTERNAL_ONLY,"GVA estimate; excludes visitor economy contribution from cultural events | RECONCILED 26/09/12: cite £4.0bn — stated in exec summary + analysis + appendix Table 8 (LinkedIn 2024 = 4,000.0 £m). A single £4.5bn narrative instance elsewhere in the report is inconsistent with its own underlying table — stale draft figure, do not cite.",CONTEXT,M-R3-020,,,PRIME,,,,,,,,24/07,REVIEWED,OBSERVED_ESTIMATE,NOT_REVIEWED,UNKNOWN,UNKNOWN,,,1.3-candidate,G2-BATCH-D
C-G2-480,P08-LIVDCI,"Beauhurst data shows 6,500 active businesses - 2,595 (66%) more than ONS IDBR 2023, with 1,750 more Creative Industries firms and 1,450 more digital firms",KNOWLEDGE,,,The Fifth Sector,,INTENDED,24/07,BENEFICIAL,REPORTED,DESCRIPTIVE,NONE,INTENDED,WITHIN_ORG,WITHIN_SECTOR,WITHIN_AREA,WITHIN_CHAIN,COMPENSATED,DESIGNED_IN,REALISED,BENEFICIAL,,,,Sufficient from source,primary,UNKNOWN,COMPLETE,CONTEMPORARY,NONE_FOUND_IN_REVIEW,MEDIUM,INTERNAL_ONLY,DESIGNER;DELIVERER,REVIEWED,INTERNAL_ONLY,ONS underestimates business numbers; IDBR underreports Cultural sectors by 87% QA FIX 26/09/12: Reclassified METHOD_OUTPUT→CONTEXT; sector baseline (LQ/company count) not method output,CONTEXT,M-R3-020,,,PRIME,,,,,,,,24/07,REVIEWED,DESCRIPTIVE_ESTIMATE,NOT_REVIEWED,UNKNOWN,UNKNOWN,,,1.3-candidate,G2-BATCH-D
C-G2-481,P08-LIVDCI,"Beauhurst suggests fewer than half of active Arts businesses recorded in IDBR, indicating systematic undercounting of cultural sector",KNOWLEDGE,,,The Fifth Sector,,INTENDED,24/07,BENEFICIAL,REPORTED,DESCRIPTIVE,NONE,INTENDED,WITHIN_ORG,WITHIN_SECTOR,WITHIN_AREA,WITHIN_CHAIN,COMPENSATED,DESIGNED_IN,REALISED,BENEFICIAL,,,,Sufficient from source,primary,UNKNOWN,COMPLETE,CONTEMPORARY,NONE_FOUND_IN_REVIEW,MEDIUM,INTERNAL_ONLY,DESIGNER;DELIVERER,REVIEWED,INTERNAL_ONLY,Arts undercounting; IDBR methodology limitations for microenterprises,METHOD_OUTPUT,M-R3-020,,,PRIME,,,,,,,,24/07,REVIEWED,,NOT_REVIEWED,UNKNOWN,UNKNOWN,,,1.3-candidate,G2-BATCH-D
C-G2-482,P08-LIVDCI,Skills shortage vacancies above national average: 38.2% of North West creative industries vacancies result from skills shortage in workforce,CONTEXTUAL,,,The Fifth Sector,,INTENDED,24/07,BENEFICIAL,REPORTED,DESCRIPTIVE,NONE,INTENDED,WITHIN_ORG,WITHIN_SECTOR,WITHIN_AREA,WITHIN_CHAIN,COMPENSATED,DESIGNED_IN,REALISED,BENEFICIAL,,,,Sufficient from source,primary,UNKNOWN,COMPLETE,CONTEMPORARY,NONE_FOUND_IN_REVIEW,MEDIUM,INTERNAL_ONLY,DESIGNER;DELIVERER,REVIEWED,INTERNAL_ONLY,Skills shortage; above national average; diversity and equity concerns,CONTEXT,M-R3-020,,,PRIME,,,,,,,,24/07,REVIEWED,,NOT_REVIEWED,UNKNOWN,UNKNOWN,,,1.3-candidate,G2-BATCH-D
C-G2-483,P08-LIVDCI,"Sector predominantly white and male, inaccessible to lower socioeconomic groups, with lack of representation of women, people of colour, disabled people in senior roles",CONTEXTUAL,,,The Fifth Sector,,INTENDED,24/07,BENEFICIAL,REPORTED,DESCRIPTIVE,NONE,INTENDED,WITHIN_ORG,WITHIN_SECTOR,WITHIN_AREA,WITHIN_CHAIN,COMPENSATED,DESIGNED_IN,REALISED,BENEFICIAL,,,,Sufficient from source,primary,UNKNOWN,COMPLETE,CONTEMPORARY,NONE_FOUND_IN_REVIEW,MEDIUM,INTERNAL_ONLY,DESIGNER;DELIVERER,REVIEWED,INTERNAL_ONLY,EDI challenge; leadership diversity gap,CONTEXT,M-R3-020,,,PRIME,,,,,,,,24/07,REVIEWED,,NOT_REVIEWED,UNKNOWN,UNKNOWN,,,1.3-candidate,G2-BATCH-D
C-G2-484,P08-LIVDCI,"LCR has repeatedly failed to secure national funding for cluster and innovation activities, with lower private sector investment than comparable city cores",CONTEXTUAL,,,The Fifth Sector,,INTENDED,24/07,BENEFICIAL,REPORTED,DESCRIPTIVE,NONE,INTENDED,WITHIN_ORG,WITHIN_SECTOR,WITHIN_AREA,WITHIN_CHAIN,COMPENSATED,DESIGNED_IN,REALISED,BENEFICIAL,,,,Sufficient from source,primary,UNKNOWN,COMPLETE,CONTEMPORARY,NONE_FOUND_IN_REVIEW,MEDIUM,INTERNAL_ONLY,DESIGNER;DELIVERER,REVIEWED,INTERNAL_ONLY,Governance failure; funding mechanism mismatch; planning constraints,CONTEXT,M-R3-019,,,PRIME,,,,,,,,24/07,REVIEWED,,NOT_REVIEWED,UNKNOWN,UNKNOWN,,,1.3-candidate,G2-BATCH-D
C-G2-485,P08-LIVDCI,"Path dependency identified: cluster assumptions contradicted by global technology and consumer behaviour trends, risking falling behind larger, better capitalised clusters",KNOWLEDGE,,,The Fifth Sector,,INTENDED,24/07,BENEFICIAL,REPORTED,DESCRIPTIVE,NONE,INTENDED,WITHIN_ORG,WITHIN_SECTOR,WITHIN_AREA,WITHIN_CHAIN,COMPENSATED,DESIGNED_IN,REALISED,BENEFICIAL,,,,Sufficient from source,primary,UNKNOWN,COMPLETE,CONTEMPORARY,NONE_FOUND_IN_REVIEW,MEDIUM,INTERNAL_ONLY,DESIGNER;DELIVERER,REVIEWED,INTERNAL_ONLY,Path dependency analysis; need for differentiation strategy,METHOD_OUTPUT,M-R3-019,,,PRIME,,,,,,,,24/07,REVIEWED,,NOT_REVIEWED,UNKNOWN,UNKNOWN,,,1.3-candidate,G2-BATCH-D
C-G2-486,P08-LIVDCI,"Three scenarios identified: worst case (uncontrolled decline), most likely (jobs-free growth through AI), best case (competitiveness through differentiation)",OPTION,,SCENARIO_ANALYSIS,The Fifth Sector,,INTENDED,24/07,BENEFICIAL,REPORTED,DESCRIPTIVE,NONE,INTENDED,WITHIN_ORG,WITHIN_SECTOR,WITHIN_AREA,WITHIN_CHAIN,COMPENSATED,DESIGNED_IN,REALISED,BENEFICIAL,,,,Sufficient from source,primary,UNKNOWN,COMPLETE,CONTEMPORARY,NONE_FOUND_IN_REVIEW,MEDIUM,INTERNAL_ONLY,DESIGNER;DELIVERER,REVIEWED,INTERNAL_ONLY,Scenario planning; AI displacement as central risk,DESIGN,M-R3-019,,,PRIME,,IDENTIFIED,LCRCA,COMMISSIONER_DECISION,,,,24/07,REVIEWED,,NOT_REVIEWED,UNKNOWN,UNKNOWN,,,1.3-candidate,G2-BATCH-D
C-G2-487,P08-LIVDCI,"Differentiation strategy proposed: new business models leveraging independent production, collaboration between content creators and tech innovators, upskilling for AI/interactive technologies, brand narrative around unique cultural assets",OPTION,,DIFFERENTIATION_STRATEGY,The Fifth Sector,,INTENDED,24/07,BENEFICIAL,PROPOSED,DESCRIPTIVE,NONE,INTENDED,WITHIN_ORG,WITHIN_SECTOR,WITHIN_AREA,WITHIN_CHAIN,COMPENSATED,DESIGNED_IN,REALISED,BENEFICIAL,,,,Sufficient from source,primary,UNKNOWN,COMPLETE,CONTEMPORARY,NONE_FOUND_IN_REVIEW,MEDIUM,INTERNAL_ONLY,DESIGNER;DELIVERER,REVIEWED,INTERNAL_ONLY,Recommendations; break path dependency through differentiation,DESIGN,M-R3-019,,,PRIME,,PROPOSED,LCRCA,COMMISSIONER_DECISION,,,,24/07,REVIEWED,,NOT_REVIEWED,UNKNOWN,UNKNOWN,,,1.3-candidate,G2-BATCH-D
C-G2-488,P08-LIVDCI,Fifth Sector delivered LCR Digital & Creative Cluster mapping using OODA Loop methodology with Curator Technologies LinkedIn analysis and Obsolete.com AI advisory,NOT_APPLICABLE,,,The Fifth Sector,,INTENDED,24/07,BENEFICIAL,DELIVERED,DESCRIPTIVE,NONE,INTENDED,WITHIN_ORG,WITHIN_SECTOR,WITHIN_AREA,WITHIN_CHAIN,COMPENSATED,DESIGNED_IN,REALISED,BENEFICIAL,,,,Sufficient from source,primary,UNKNOWN,COMPLETE,CONTEMPORARY,NONE_FOUND_IN_REVIEW,MEDIUM,INTERNAL_ONLY,DESIGNER;DELIVERER,REVIEWED,INTERNAL_ONLY,Final report 24/07; OODA methodology; multi-source approach,BID_SUPPORT_DELIVERED,M-R3-019,,,PRIME,,,,,,,,24/07,REVIEWED,,NOT_REVIEWED,UNKNOWN,UNKNOWN,,,1.3-candidate,G2-BATCH-D
C-G2-489,P08-LIVDCI,LCR Connect network and STFC/Hartree identified as nationally significant digital assets combining with Investment Zone and Freeport status for innovation ecosystem,CONTEXTUAL,,,The Fifth Sector,,INTENDED,24/07,BENEFICIAL,REPORTED,DESCRIPTIVE,NONE,INTENDED,WITHIN_ORG,WITHIN_SECTOR,WITHIN_AREA,WITHIN_CHAIN,COMPENSATED,DESIGNED_IN,REALISED,BENEFICIAL,,,,Sufficient from source,primary,UNKNOWN,COMPLETE,CONTEMPORARY,NONE_FOUND_IN_REVIEW,MEDIUM,INTERNAL_ONLY,DESIGNER;DELIVERER,REVIEWED,INTERNAL_ONLY,Infrastructure context; LCR Connect blueprint from Digital Infrastructure Framework,CONTEXT,M-R3-019,,,PRIME,,,,,,,,24/07,REVIEWED,,NOT_REVIEWED,UNKNOWN,UNKNOWN,,,1.3-candidate,G2-BATCH-D
C-G2-490,P08-LIVDCI,"Cross-sector opportunities identified: Creative Health, Diagnostics (AI and XR), and Industry 4.0 through collaboration with Health & Life Sciences and Manufacturing sectors",OPTION,,CROSS_SECTOR_OPPORTUNITY,The Fifth Sector,,INTENDED,24/07,BENEFICIAL,REPORTED,DESCRIPTIVE,NONE,INTENDED,WITHIN_ORG,WITHIN_SECTOR,WITHIN_AREA,WITHIN_CHAIN,COMPENSATED,DESIGNED_IN,REALISED,BENEFICIAL,,,,Sufficient from source,primary,UNKNOWN,COMPLETE,CONTEMPORARY,NONE_FOUND_IN_REVIEW,MEDIUM,INTERNAL_ONLY,DESIGNER;DELIVERER,REVIEWED,INTERNAL_ONLY,Cross-sector convergence; DCI interacting with other priority clusters,DESIGN,M-R3-019,,,PRIME,,IDENTIFIED,LCRCA,COMMISSIONER_DECISION,,,,24/07,REVIEWED,,NOT_REVIEWED,UNKNOWN,UNKNOWN,,,1.3-candidate,G2-BATCH-D
C-G2-491,P08-LIVDCI,"Eurovision 2023 generated £54 million benefit for Liverpool, raising question of how to realise this in new investment to grow supply side of cultural and creative economy",CONTEXTUAL,,,The Fifth Sector,,INTENDED,24/07,BENEFICIAL,REPORTED,DESCRIPTIVE,MONETARY,INTENDED,WITHIN_ORG,WITHIN_SECTOR,WITHIN_AREA,WITHIN_CHAIN,COMPENSATED,DESIGNED_IN,REALISED,BENEFICIAL,,,,Sufficient from source,primary,UNKNOWN,COMPLETE,CONTEMPORARY,NONE_FOUND_IN_REVIEW,MEDIUM,INTERNAL_ONLY,DESIGNER;DELIVERER,REVIEWED,INTERNAL_ONLY,Event impact; demand-side success vs supply-side gap,CONTEXT,M-R3-019,,,PRIME,,,,,,,,24/07,REVIEWED,OBSERVED_AMOUNT,NOT_REVIEWED,UNKNOWN,UNKNOWN,,,1.3-candidate,G2-BATCH-D
C-G2-492,P10-KIRK,"1,698 active cultural and creative businesses in Kirklees in 2024, increase of 184 (15%) since 2022, despite IDBR showing decline from 1,025 to 940",CONTEXTUAL,,,The Fifth Sector,,INTENDED,24/07,BENEFICIAL,REPORTED,DESCRIPTIVE,NONE,INTENDED,WITHIN_ORG,WITHIN_SECTOR,WITHIN_AREA,WITHIN_CHAIN,COMPENSATED,DESIGNED_IN,REALISED,BENEFICIAL,,,,Sufficient from source,primary,UNKNOWN,COMPLETE,CONTEMPORARY,NONE_FOUND_IN_REVIEW,MEDIUM,INTERNAL_ONLY,DESIGNER;DELIVERER,REVIEWED,INTERNAL_ONLY,Beauhurst vs IDBR discrepancy; official statistics underestimate sector,CONTEXT,M-R3-021,,,,,,,,,,,24/07,REVIEWED,,NOT_REVIEWED,UNKNOWN,UNKNOWN,,,1.3-candidate,G2-BATCH-D
C-G2-493,P10-KIRK,"Creative workforce in Kirklees exceeded 9,400 people in 2024, significantly higher than BRES employment figures suggest",CONTEXTUAL,,,The Fifth Sector,,INTENDED,24/07,BENEFICIAL,REPORTED,DESCRIPTIVE,NONE,INTENDED,WITHIN_ORG,WITHIN_SECTOR,WITHIN_AREA,WITHIN_CHAIN,COMPENSATED,DESIGNED_IN,REALISED,BENEFICIAL,,,,Sufficient from source,primary,UNKNOWN,COMPLETE,CONTEMPORARY,NONE_FOUND_IN_REVIEW,MEDIUM,INTERNAL_ONLY,DESIGNER;DELIVERER,REVIEWED,INTERNAL_ONLY,LinkedIn workforce data; BRES underestimates freelance and self-employed,CONTEXT,M-R3-021,,,,,,,,,,,24/07,REVIEWED,,NOT_REVIEWED,UNKNOWN,UNKNOWN,,,1.3-candidate,G2-BATCH-D
C-G2-494,P10-KIRK,"GVA from Cultural and Creative Industries in Kirklees estimated at £250.9 million in 2022, increase of £75m (43%) from 2020",CONTEXTUAL,,,The Fifth Sector,,INTENDED,24/07,BENEFICIAL,REPORTED,DESCRIPTIVE,MONETARY,INTENDED,WITHIN_ORG,WITHIN_SECTOR,WITHIN_AREA,WITHIN_CHAIN,COMPENSATED,DESIGNED_IN,REALISED,BENEFICIAL,,,,Sufficient from source,primary,UNKNOWN,COMPLETE,CONTEMPORARY,NONE_FOUND_IN_REVIEW,MEDIUM,INTERNAL_ONLY,DESIGNER;DELIVERER,REVIEWED,INTERNAL_ONLY,GVA growth; 43% increase 2020-2022,CONTEXT,M-R3-021,,,,,,,,,,,24/07,REVIEWED,OBSERVED_ESTIMATE,NOT_REVIEWED,UNKNOWN,UNKNOWN,,,1.3-candidate,G2-BATCH-D
C-G2-495,P10-KIRK,"899 creative business starts between 21/04 and 24/06, with 691 remaining active; highest formation rates in Crafts (68%), Advertising & Marketing (51%), Music/Performing Arts (41%)",CONTEXTUAL,,,The Fifth Sector,,INTENDED,24/07,BENEFICIAL,REPORTED,DESCRIPTIVE,NONE,INTENDED,WITHIN_ORG,WITHIN_SECTOR,WITHIN_AREA,WITHIN_CHAIN,COMPENSATED,DESIGNED_IN,REALISED,BENEFICIAL,,,,Sufficient from source,primary,UNKNOWN,COMPLETE,CONTEMPORARY,NONE_FOUND_IN_REVIEW,MEDIUM,INTERNAL_ONLY,DESIGNER;DELIVERER,REVIEWED,INTERNAL_ONLY,Business dynamism; high startup rates in multiple sub-sectors,CONTEXT,M-R3-021,,,,,,,,,,,24/07,REVIEWED,,NOT_REVIEWED,UNKNOWN,UNKNOWN,,,1.3-candidate,G2-BATCH-D
C-G2-496,P10-KIRK,"Huddersfield city centre microcluster: 257 businesses within 1km radius, with IT/software and Music/performing arts each qualifying as single sub-sector microclusters",NETWORK,,,The Fifth Sector,,INTENDED,24/07,BENEFICIAL,REPORTED,DESCRIPTIVE,NONE,INTENDED,WITHIN_ORG,WITHIN_SECTOR,WITHIN_AREA,WITHIN_CHAIN,COMPENSATED,DESIGNED_IN,REALISED,BENEFICIAL,,,,Sufficient from source,primary,UNKNOWN,COMPLETE,CONTEMPORARY,NONE_FOUND_IN_REVIEW,MEDIUM,INTERNAL_ONLY,DESIGNER;DELIVERER,REVIEWED,INTERNAL_ONLY,Microcluster evidence; 763 companies (44%) within 5km of city centre,EFFECT,M-R3-021,,,,,,,,,,,24/07,REVIEWED,,NOT_REVIEWED,UNKNOWN,UNKNOWN,,,1.3-candidate,G2-BATCH-D
C-G2-497,P10-KIRK,"Creative microclusters found across Kirklees: Cleckheaton (72 businesses), Holme Valley South/Holmfirth (59 businesses), with IT/software largest sub-sector in each",NETWORK,,,The Fifth Sector,,INTENDED,24/07,BENEFICIAL,REPORTED,DESCRIPTIVE,NONE,INTENDED,WITHIN_ORG,WITHIN_SECTOR,WITHIN_AREA,WITHIN_CHAIN,COMPENSATED,DESIGNED_IN,REALISED,BENEFICIAL,,,,Sufficient from source,primary,UNKNOWN,COMPLETE,CONTEMPORARY,NONE_FOUND_IN_REVIEW,MEDIUM,INTERNAL_ONLY,DESIGNER;DELIVERER,REVIEWED,INTERNAL_ONLY,District-wide clustering; not just city centre phenomenon,EFFECT,M-R3-021,,,,,,,,,,,24/07,REVIEWED,,NOT_REVIEWED,UNKNOWN,UNKNOWN,,,1.3-candidate,G2-BATCH-D
C-G2-498,P10-KIRK,"Music, performing and visual arts grew 56% (115 businesses) to become second-largest sector, with 305 businesses in 2024",CONTEXTUAL,,,The Fifth Sector,,INTENDED,24/07,BENEFICIAL,REPORTED,DESCRIPTIVE,NONE,INTENDED,WITHIN_ORG,WITHIN_SECTOR,WITHIN_AREA,WITHIN_CHAIN,COMPENSATED,DESIGNED_IN,REALISED,BENEFICIAL,,,,Sufficient from source,primary,UNKNOWN,COMPLETE,CONTEMPORARY,NONE_FOUND_IN_REVIEW,MEDIUM,INTERNAL_ONLY,DESIGNER;DELIVERER,REVIEWED,INTERNAL_ONLY,Music sector growth; supports Kirklees Year of Music 2023,CONTEXT,M-R3-021,,,,,,,,,,,24/07,REVIEWED,,NOT_REVIEWED,UNKNOWN,UNKNOWN,,,1.3-candidate,G2-BATCH-D
C-G2-499,P10-KIRK,"Advertising and marketing jobs grew more than fivefold from 120 to 670 between 2020-2022, while IT/software fell from 1,760 to 1,225 - striking restructuring",CONTEXTUAL,,,The Fifth Sector,,INTENDED,24/07,BENEFICIAL,REPORTED,DESCRIPTIVE,NONE,INTENDED,WITHIN_ORG,WITHIN_SECTOR,WITHIN_AREA,WITHIN_CHAIN,COMPENSATED,DESIGNED_IN,REALISED,BENEFICIAL,,,,Sufficient from source,primary,UNKNOWN,COMPLETE,CONTEMPORARY,NONE_FOUND_IN_REVIEW,MEDIUM,INTERNAL_ONLY,DESIGNER;DELIVERER,REVIEWED,INTERNAL_ONLY,Sectoral restructuring; advertising growth vs IT decline,CONTEXT,M-R3-021,,,,,,,,,,,24/07,REVIEWED,,NOT_REVIEWED,UNKNOWN,UNKNOWN,,,1.3-candidate,G2-BATCH-D
C-G2-500,P10-KIRK,"Film, TV, video, radio and photography employment grew from 230 to 505 between 2020-2022, with Music/performing arts growing from 115 to 200",CONTEXTUAL,,,The Fifth Sector,,INTENDED,24/07,BENEFICIAL,REPORTED,DESCRIPTIVE,NONE,INTENDED,WITHIN_ORG,WITHIN_SECTOR,WITHIN_AREA,WITHIN_CHAIN,COMPENSATED,DESIGNED_IN,REALISED,BENEFICIAL,,,,Sufficient from source,primary,UNKNOWN,COMPLETE,CONTEMPORARY,NONE_FOUND_IN_REVIEW,MEDIUM,INTERNAL_ONLY,DESIGNER;DELIVERER,REVIEWED,INTERNAL_ONLY,Sectoral growth; film/TV and music recovery post-pandemic,CONTEXT,M-R3-021,,,,,,,,,,,24/07,REVIEWED,,NOT_REVIEWED,UNKNOWN,UNKNOWN,,,1.3-candidate,G2-BATCH-D
C-G2-501,P10-KIRK,"Holmfirth Art Week Fringe showed 52 venues, only one registered as creative company, revealing large 'informal' cultural economy not captured in business counts",KNOWLEDGE,,,The Fifth Sector,,INTENDED,24/07,BENEFICIAL,REPORTED,DESCRIPTIVE,NONE,INTENDED,WITHIN_ORG,WITHIN_SECTOR,WITHIN_AREA,WITHIN_CHAIN,COMPENSATED,DESIGNED_IN,REALISED,BENEFICIAL,,,,Sufficient from source,primary,UNKNOWN,COMPLETE,CONTEMPORARY,NONE_FOUND_IN_REVIEW,MEDIUM,INTERNAL_ONLY,DESIGNER;DELIVERER,REVIEWED,INTERNAL_ONLY,"Informal cultural economy; venues operated by charities, trusts, mutual societies",METHOD_OUTPUT,M-R3-021,,,,,,,,,,,24/07,REVIEWED,,NOT_REVIEWED,UNKNOWN,UNKNOWN,,,1.3-candidate,G2-BATCH-D
C-G2-502,P10-KIRK,"Fifth Sector delivered Kirklees Creative Industries Mapping 2024, repeating previous 2015-2022 analysis to ascertain impact of changes over that period",NOT_APPLICABLE,,,The Fifth Sector,,INTENDED,24/07,BENEFICIAL,DELIVERED,DESCRIPTIVE,NONE,INTENDED,WITHIN_ORG,WITHIN_SECTOR,WITHIN_AREA,WITHIN_CHAIN,COMPENSATED,DESIGNED_IN,REALISED,BENEFICIAL,,,,Sufficient from source,primary,UNKNOWN,COMPLETE,CONTEMPORARY,NONE_FOUND_IN_REVIEW,MEDIUM,INTERNAL_ONLY,DESIGNER;DELIVERER,REVIEWED,INTERNAL_ONLY,Repeat mapping; longitudinal analysis; 24/07 final report,BID_SUPPORT_DELIVERED,M-R3-021,,,,,,,,,,,24/07,REVIEWED,,NOT_REVIEWED,UNKNOWN,UNKNOWN,,,1.3-candidate,G2-BATCH-D
C-G2-503,P10-KIRK,"Recommendations: address discrepancy between official statistics and actual sector performance, improve creative skills training, enhance support for freelancers and micro-businesses, spread benefits across district",OPTION,,POLICY_RECOMMENDATIONS,The Fifth Sector,,INTENDED,24/07,BENEFICIAL,PROPOSED,DESCRIPTIVE,NONE,INTENDED,WITHIN_ORG,WITHIN_SECTOR,WITHIN_AREA,WITHIN_CHAIN,COMPENSATED,DESIGNED_IN,REALISED,BENEFICIAL,,,,Sufficient from source,primary,UNKNOWN,COMPLETE,CONTEMPORARY,NONE_FOUND_IN_REVIEW,MEDIUM,INTERNAL_ONLY,DESIGNER;DELIVERER,REVIEWED,INTERNAL_ONLY,Policy recommendations; community wealth building approach,DESIGN,M-R3-021,,,,,PROPOSED,Kirklees Council,COMMISSIONER_DECISION,,,,24/07,REVIEWED,,NOT_REVIEWED,UNKNOWN,UNKNOWN,,,1.3-candidate,G2-BATCH-D
C-G2-504,P11-ELFC,"UK fashion industry direct value estimated at £28.1 billion, twice automotive or chemicals industries, with total GDP contribution exceeding £50 billion (2.7% of UK GDP)",CONTEXTUAL,,,The Fifth Sector,,INTENDED,17/06,BENEFICIAL,REPORTED,DESCRIPTIVE,MONETARY,INTENDED,WITHIN_ORG,WITHIN_SECTOR,WITHIN_AREA,WITHIN_CHAIN,COMPENSATED,DESIGNED_IN,REALISED,BENEFICIAL,,,,Sufficient from source,primary,UNKNOWN,COMPLETE,CONTEMPORARY,NONE_FOUND_IN_REVIEW,MEDIUM,INTERNAL_ONLY,DESIGNER;DELIVERER,REVIEWED,INTERNAL_ONLY,Sector scale; global apparel market US$2.4-3 trillion,CONTEXT,M-R3-022,,,,,,,,,,,17/06,REVIEWED,OBSERVED_ESTIMATE,NOT_REVIEWED,UNKNOWN,UNKNOWN,,,1.3-candidate,G2-BATCH-D
C-G2-505,P11-ELFC,"Fashion in East London and Upper Lea Valley contributes £1.4 billion to London's economy, employs 36,000+ people, with output growing 57% 2010-2015 and 10,900 new jobs created",CONTEXTUAL,,,The Fifth Sector,,INTENDED,17/06,BENEFICIAL,REPORTED,DESCRIPTIVE,MONETARY,INTENDED,WITHIN_ORG,WITHIN_SECTOR,WITHIN_AREA,WITHIN_CHAIN,COMPENSATED,DESIGNED_IN,REALISED,BENEFICIAL,,,,Sufficient from source,primary,UNKNOWN,COMPLETE,CONTEMPORARY,NONE_FOUND_IN_REVIEW,MEDIUM,INTERNAL_ONLY,DESIGNER;DELIVERER,REVIEWED,INTERNAL_ONLY,East London fashion growth; faster than rest of London economy,CONTEXT,M-R3-022,,,,,,,,,,,17/06,REVIEWED,OBSERVED_ESTIMATE,NOT_REVIEWED,UNKNOWN,UNKNOWN,,,1.3-candidate,G2-BATCH-D
C-G2-506,P11-ELFC,"LCF relocation to Queen Elizabeth Olympic Park consolidates 5,700 students and three schools into £800M Cultural Education District with UCL, V&A, Sadler's Wells",CONTEXTUAL,,,The Fifth Sector,,INTENDED,17/06,BENEFICIAL,REPORTED,DESCRIPTIVE,MONETARY,INTENDED,WITHIN_ORG,WITHIN_SECTOR,WITHIN_AREA,WITHIN_CHAIN,COMPENSATED,DESIGNED_IN,REALISED,BENEFICIAL,,,,Sufficient from source,primary,UNKNOWN,COMPLETE,CONTEMPORARY,NONE_FOUND_IN_REVIEW,MEDIUM,INTERNAL_ONLY,DESIGNER;DELIVERER,REVIEWED,INTERNAL_ONLY,LCF as catalyst; CED public-private partnership; Olympic legacy,CONTEXT,M-R3-022,,,,,,,,,,,17/06,REVIEWED,OBSERVED_AMOUNT,NOT_REVIEWED,UNKNOWN,UNKNOWN,,,1.3-candidate,G2-BATCH-D
C-G2-507,P11-ELFC,"Two-thirds of LCF fashion design students are non-UK nationals, making Brexit threat to freedom of movement a direct risk to fashion education and talent pipeline",CONTEXTUAL,,,The Fifth Sector,,INTENDED,17/06,BENEFICIAL,REPORTED,DESCRIPTIVE,NONE,INTENDED,WITHIN_ORG,WITHIN_SECTOR,WITHIN_AREA,WITHIN_CHAIN,COMPENSATED,DESIGNED_IN,REALISED,BENEFICIAL,,,,Sufficient from source,primary,UNKNOWN,COMPLETE,CONTEMPORARY,NONE_FOUND_IN_REVIEW,MEDIUM,INTERNAL_ONLY,DESIGNER;DELIVERER,REVIEWED,INTERNAL_ONLY,International student dependency; Brexit risk to talent supply,CONTEXT,M-R3-022,,,,,,,,,,,17/06,REVIEWED,,NOT_REVIEWED,UNKNOWN,UNKNOWN,,,1.3-candidate,G2-BATCH-D
C-G2-508,P11-ELFC,"ELFC vision: 21st century innovation quarter where fashion, technology, business and education meet; re-establish London as World Creative Fashion Capital by 2050",OPTION,,VISION_STATEMENT,The Fifth Sector,,INTENDED,17/06,BENEFICIAL,PROPOSED,DESCRIPTIVE,NONE,INTENDED,WITHIN_ORG,WITHIN_SECTOR,WITHIN_AREA,WITHIN_CHAIN,COMPENSATED,DESIGNED_IN,REALISED,BENEFICIAL,,,,Sufficient from source,primary,UNKNOWN,COMPLETE,CONTEMPORARY,NONE_FOUND_IN_REVIEW,MEDIUM,INTERNAL_ONLY,DESIGNER;DELIVERER,REVIEWED,INTERNAL_ONLY,Vision statement; smart specialisation proposition,DESIGN,M-R3-022,,,,,PROPOSED,LCF; GLA,COMMISSIONER_DECISION,,,,17/06,REVIEWED,,NOT_REVIEWED,UNKNOWN,UNKNOWN,,,1.3-candidate,G2-BATCH-D
C-G2-509,P11-ELFC,"Smart specialisation opportunity: reimagine London's fashion sector as globally significant digital manufacturing cluster, increasing high value employment and driving inward investment",OPTION,,SMART_SPECIALISATION,The Fifth Sector,,INTENDED,17/06,BENEFICIAL,PROPOSED,DESCRIPTIVE,NONE,INTENDED,WITHIN_ORG,WITHIN_SECTOR,WITHIN_AREA,WITHIN_CHAIN,COMPENSATED,DESIGNED_IN,REALISED,BENEFICIAL,,,,Sufficient from source,primary,UNKNOWN,COMPLETE,CONTEMPORARY,NONE_FOUND_IN_REVIEW,MEDIUM,INTERNAL_ONLY,DESIGNER;DELIVERER,REVIEWED,INTERNAL_ONLY,Smart specialisation; digital manufacturing convergence,DESIGN,M-R3-022,,,,,PROPOSED,LCF; GLA,COMMISSIONER_DECISION,,,,17/06,REVIEWED,,NOT_REVIEWED,UNKNOWN,UNKNOWN,,,1.3-candidate,G2-BATCH-D
C-G2-510,P11-ELFC,Cross-sector spillover pathway: fashion-technology convergence will stimulate 'pull through' of innovations in digital manufacturing with wider applications in other sectors,OPTION,,SPILLOVER_PATHWAY,The Fifth Sector,,INTENDED,17/06,BENEFICIAL,REPORTED,DESCRIPTIVE,NONE,INTENDED,WITHIN_ORG,WITHIN_SECTOR,WITHIN_AREA,WITHIN_CHAIN,COMPENSATED,DESIGNED_IN,REALISED,BENEFICIAL,,,,Sufficient from source,primary,UNKNOWN,COMPLETE,CONTEMPORARY,NONE_FOUND_IN_REVIEW,MEDIUM,INTERNAL_ONLY,DESIGNER;DELIVERER,REVIEWED,INTERNAL_ONLY,Spillover design; fashion as driver of digital manufacturing innovation,DESIGN,M-R3-022,,,,,IDENTIFIED,ELFC,COMMISSIONER_DECISION,,,,17/06,REVIEWED,,NOT_REVIEWED,UNKNOWN,UNKNOWN,,,1.3-candidate,G2-BATCH-D
C-G2-511,P11-ELFC,"Private sector skills investment through Fashion Technology Alliance and Stitch Academy at Hackney Walk, with public sector support for Fashioning Poplar and Building Bloqs manufacturing facilities",CONTEXTUAL,,,The Fifth Sector,,INTENDED,17/06,BENEFICIAL,REPORTED,DESCRIPTIVE,NONE,INTENDED,WITHIN_ORG,WITHIN_SECTOR,WITHIN_AREA,WITHIN_CHAIN,COMPENSATED,DESIGNED_IN,REALISED,BENEFICIAL,,,,Sufficient from source,primary,UNKNOWN,COMPLETE,CONTEMPORARY,NONE_FOUND_IN_REVIEW,MEDIUM,INTERNAL_ONLY,DESIGNER;DELIVERER,REVIEWED,INTERNAL_ONLY,Infrastructure initiatives; mixed public-private investment model,CONTEXT,M-R3-022,,,,,,,,,,,17/06,REVIEWED,,NOT_REVIEWED,UNKNOWN,UNKNOWN,,,1.3-candidate,G2-BATCH-D
C-G2-512,P11-ELFC,"Plexal accelerator for fashion and IoT start-ups established at Here East by founders of fintech incubator Level 39, opening 17/06",CONTEXTUAL,,,The Fifth Sector,,INTENDED,17/06,BENEFICIAL,REPORTED,DESCRIPTIVE,NONE,INTENDED,WITHIN_ORG,WITHIN_SECTOR,WITHIN_AREA,WITHIN_CHAIN,COMPENSATED,DESIGNED_IN,REALISED,BENEFICIAL,,,,Sufficient from source,primary,UNKNOWN,COMPLETE,CONTEMPORARY,NONE_FOUND_IN_REVIEW,MEDIUM,INTERNAL_ONLY,DESIGNER;DELIVERER,REVIEWED,INTERNAL_ONLY,Accelerator infrastructure; fashion-IoT convergence; Here East,CONTEXT,M-R3-022,,,,,,,,,,,17/06,REVIEWED,,NOT_REVIEWED,UNKNOWN,UNKNOWN,,,1.3-candidate,G2-BATCH-D
C-G2-513,P11-ELFC,ELFC commissioned jointly by LCF and GLA to explore how rebirth of fashion sector could be accelerated by proximity to other centres of knowledge capital,NOT_APPLICABLE,,,The Fifth Sector,,INTENDED,17/06,BENEFICIAL,DELIVERED,DESCRIPTIVE,NONE,INTENDED,WITHIN_ORG,WITHIN_SECTOR,WITHIN_AREA,WITHIN_CHAIN,COMPENSATED,DESIGNED_IN,REALISED,BENEFICIAL,,,,Sufficient from source,primary,UNKNOWN,COMPLETE,CONTEMPORARY,NONE_FOUND_IN_REVIEW,MEDIUM,INTERNAL_ONLY,ASSOCIATE,REVIEWED,INTERNAL_ONLY,BOP Consulting associate; Iain Bennett as author; LCF/GLA joint commission,BID_SUPPORT_DELIVERED,M-R3-022,,,SUBCONTRACTOR,,,,,,,,17/06,REVIEWED,,NOT_REVIEWED,UNKNOWN,UNKNOWN,,,1.3-candidate,G2-BATCH-D
C-G2-514,P11-ELFC,"Risk of ratchet effect: loss of capacity, opportunity and reputation could ultimately threaten London's status as world fashion city if structural barriers not addressed",CONTEXTUAL,,,The Fifth Sector,,INTENDED,17/06,BENEFICIAL,REPORTED,DESCRIPTIVE,NONE,INTENDED,WITHIN_ORG,WITHIN_SECTOR,WITHIN_AREA,WITHIN_CHAIN,COMPENSATED,DESIGNED_IN,REALISED,BENEFICIAL,,,,Sufficient from source,primary,UNKNOWN,COMPLETE,CONTEMPORARY,NONE_FOUND_IN_REVIEW,MEDIUM,INTERNAL_ONLY,DESIGNER;DELIVERER,REVIEWED,INTERNAL_ONLY,"Risk analysis; workspace, finance, skills, Brexit threats compound",CONTEXT,M-R3-022,,,,,,,,,,,17/06,REVIEWED,,NOT_REVIEWED,UNKNOWN,UNKNOWN,,,1.3-candidate,G2-BATCH-D
C-G2-515,P11-ELFC,"ELFC will coordinate different offers of specialist business support, skills development, network capability and funding across East London to address structural challenges and information failures",OPTION,,COORDINATION_MECHANISM,The Fifth Sector,,INTENDED,17/06,BENEFICIAL,PROPOSED,DESCRIPTIVE,NONE,INTENDED,WITHIN_ORG,WITHIN_SECTOR,WITHIN_AREA,WITHIN_CHAIN,COMPENSATED,DESIGNED_IN,REALISED,BENEFICIAL,,,,Sufficient from source,primary,UNKNOWN,COMPLETE,CONTEMPORARY,NONE_FOUND_IN_REVIEW,MEDIUM,INTERNAL_ONLY,DESIGNER;DELIVERER,REVIEWED,INTERNAL_ONLY,Cluster organisation role; address information failures,DESIGN,M-R3-022,,,,,PROPOSED,ELFC,COMMISSIONER_DECISION,,,,17/06,REVIEWED,,NOT_REVIEWED,UNKNOWN,UNKNOWN,,,1.3-candidate,G2-BATCH-D
C-G2-516,P12-KIRK15,"Kirklees Creative Industries employment 2015: 3,360 jobs, with IT/software (1,250), Design (510), Museums/galleries/libraries (300), Architecture (290), Publishing (290)",CONTEXTUAL,,,The Fifth Sector,,INTENDED,15/12,BENEFICIAL,REPORTED,DESCRIPTIVE,NONE,INTENDED,WITHIN_ORG,WITHIN_SECTOR,WITHIN_AREA,WITHIN_CHAIN,COMPENSATED,DESIGNED_IN,REALISED,BENEFICIAL,,,,Sufficient from source,primary,UNKNOWN,COMPLETE,CONTEMPORARY,NONE_FOUND_IN_REVIEW,MEDIUM,INTERNAL_ONLY,DESIGNER;DELIVERER,REVIEWED,INTERNAL_ONLY,2015 baseline; BRES data and BOP analysis,CONTEXT,M-R3-023,,,,,,,,,,,15/12,REVIEWED,,NOT_REVIEWED,UNKNOWN,UNKNOWN,,,1.3-candidate,G2-BATCH-D
C-G2-517,P12-KIRK15,"Kirklees Creative Economy employment 2015: 5,020 jobs, with IT/software (1,790), Design (750), Advertising & Marketing (770), Architecture (420)",CONTEXTUAL,,,The Fifth Sector,,INTENDED,15/12,BENEFICIAL,REPORTED,DESCRIPTIVE,NONE,INTENDED,WITHIN_ORG,WITHIN_SECTOR,WITHIN_AREA,WITHIN_CHAIN,COMPENSATED,DESIGNED_IN,REALISED,BENEFICIAL,,,,Sufficient from source,primary,UNKNOWN,COMPLETE,CONTEMPORARY,NONE_FOUND_IN_REVIEW,MEDIUM,INTERNAL_ONLY,DESIGNER;DELIVERER,REVIEWED,INTERNAL_ONLY,Creative Economy wider definition; includes creative occupations outside Creative Industries,CONTEXT,M-R3-023,,,,,,,,,,,15/12,REVIEWED,,NOT_REVIEWED,UNKNOWN,UNKNOWN,,,1.3-candidate,G2-BATCH-D
C-G2-518,P12-KIRK15,"Kirklees Creative Industries GVA 2015: £100.979M, with IT/software generating £63.935M (63.3%), Advertising & Marketing £11.387M (11.3%), Design £8.242M (8.2%)",CONTEXTUAL,,,The Fifth Sector,,INTENDED,15/12,BENEFICIAL,REPORTED,DESCRIPTIVE,MONETARY,INTENDED,WITHIN_ORG,WITHIN_SECTOR,WITHIN_AREA,WITHIN_CHAIN,COMPENSATED,DESIGNED_IN,REALISED,BENEFICIAL,,,,Sufficient from source,primary,UNKNOWN,COMPLETE,CONTEMPORARY,NONE_FOUND_IN_REVIEW,MEDIUM,INTERNAL_ONLY,DESIGNER;DELIVERER,REVIEWED,INTERNAL_ONLY,GVA breakdown; IT/software dominant at 63%,CONTEXT,M-R3-023,,,,,,,,,,,15/12,REVIEWED,OBSERVED_ESTIMATE,NOT_REVIEWED,UNKNOWN,UNKNOWN,,,1.3-candidate,G2-BATCH-D
C-G2-519,P12-KIRK15,"Kirklees creative businesses predominantly microenterprises: 85 of 90 Advertising & Marketing businesses micro (0-9 employees), 55 of 60 Architecture, 65 of 65 Advertising agencies",CONTEXTUAL,,,The Fifth Sector,,INTENDED,15/12,BENEFICIAL,REPORTED,DESCRIPTIVE,NONE,INTENDED,WITHIN_ORG,WITHIN_SECTOR,WITHIN_AREA,WITHIN_CHAIN,COMPENSATED,DESIGNED_IN,REALISED,BENEFICIAL,,,,Sufficient from source,primary,UNKNOWN,COMPLETE,CONTEMPORARY,NONE_FOUND_IN_REVIEW,MEDIUM,INTERNAL_ONLY,DESIGNER;DELIVERER,REVIEWED,INTERNAL_ONLY,Business size profile; microenterprise dominance; only 10 IT businesses have 10+ employees,CONTEXT,M-R3-023,,,,,,,,,,,15/12,REVIEWED,,NOT_REVIEWED,UNKNOWN,UNKNOWN,,,1.3-candidate,G2-BATCH-D
C-G2-520,P12-KIRK15,"Sole proprietor businesses in Kirklees: 30 Design, 30 IT/software, 15 Film/TV/photography, 15 Music/performing arts, 10 Advertising & Marketing",CONTEXTUAL,,,The Fifth Sector,,INTENDED,15/12,BENEFICIAL,REPORTED,DESCRIPTIVE,NONE,INTENDED,WITHIN_ORG,WITHIN_SECTOR,WITHIN_AREA,WITHIN_CHAIN,COMPENSATED,DESIGNED_IN,REALISED,BENEFICIAL,,,,Sufficient from source,primary,UNKNOWN,COMPLETE,CONTEMPORARY,NONE_FOUND_IN_REVIEW,MEDIUM,INTERNAL_ONLY,DESIGNER;DELIVERER,REVIEWED,INTERNAL_ONLY,Sole proprietor data; freelance/self-employed indicator,CONTEXT,M-R3-023,,,,,,,,,,,15/12,REVIEWED,,NOT_REVIEWED,UNKNOWN,UNKNOWN,,,1.3-candidate,G2-BATCH-D
C-G2-521,P12-KIRK15,"Culture, media and sport occupations in Kirklees (SOC2010) fluctuated: 3,300 (2009/10), 3,800 (2010/11), 3,100 (2011/12), 5,600 (2012/13), 3,000 (2013/14)",CONTEXTUAL,,,The Fifth Sector,,INTENDED,15/12,BENEFICIAL,REPORTED,DESCRIPTIVE,NONE,INTENDED,WITHIN_ORG,WITHIN_SECTOR,WITHIN_AREA,WITHIN_CHAIN,COMPENSATED,DESIGNED_IN,REALISED,BENEFICIAL,,,,Sufficient from source,primary,UNKNOWN,COMPLETE,CONTEMPORARY,NONE_FOUND_IN_REVIEW,MEDIUM,INTERNAL_ONLY,DESIGNER;DELIVERER,REVIEWED,INTERNAL_ONLY,Annual Population Survey; volatility in cultural occupations; 2012/13 spike,CONTEXT,M-R3-023,,,,,,,,,,,15/12,REVIEWED,,NOT_REVIEWED,UNKNOWN,UNKNOWN,,,1.3-candidate,G2-BATCH-D
C-G2-522,P12-KIRK15,"Proportion of creative businesses below VAT threshold in Kirklees: Design 26%, Music/performing arts 20%, Film/TV/photography 21%, Advertising & Marketing 11%, IT/software 6.7%",KNOWLEDGE,,,The Fifth Sector,,INTENDED,15/12,BENEFICIAL,REPORTED,DESCRIPTIVE,NONE,INTENDED,WITHIN_ORG,WITHIN_SECTOR,WITHIN_AREA,WITHIN_CHAIN,COMPENSATED,DESIGNED_IN,REALISED,BENEFICIAL,,,,Sufficient from source,primary,UNKNOWN,COMPLETE,CONTEMPORARY,NONE_FOUND_IN_REVIEW,MEDIUM,INTERNAL_ONLY,DESIGNER;DELIVERER,REVIEWED,INTERNAL_ONLY,VAT threshold analysis; microenterprise indicator; Design and Music highest proportions below threshold,METHOD_OUTPUT,M-R3-023,,,,,,,,,,,15/12,REVIEWED,,NOT_REVIEWED,UNKNOWN,UNKNOWN,,,1.3-candidate,G2-BATCH-D
C-G2-523,P12-KIRK15,Iain Bennett as BOP Consulting Associate delivered Kirklees 2015 creative economy data analysis establishing baseline for longitudinal tracking,NOT_APPLICABLE,,,The Fifth Sector,,INTENDED,15/12,BENEFICIAL,DELIVERED,DESCRIPTIVE,NONE,INTENDED,WITHIN_ORG,WITHIN_SECTOR,WITHIN_AREA,WITHIN_CHAIN,COMPENSATED,DESIGNED_IN,REALISED,BENEFICIAL,,,,Sufficient from source,primary,UNKNOWN,COMPLETE,CONTEMPORARY,NONE_FOUND_IN_REVIEW,MEDIUM,INTERNAL_ONLY,ASSOCIATE,REVIEWED,INTERNAL_ONLY,BOP prime; Iain Bennett as Associate; 2015 baseline data tables,BID_SUPPORT_DELIVERED,M-R3-023,,,SUBCONTRACTOR,,,,,,,,15/12,REVIEWED,,NOT_REVIEWED,UNKNOWN,UNKNOWN,,,1.3-candidate,G2-BATCH-D
C-R4-001,P64,The Fifth Sector Business Case Justification for Wakefield Our Year 2024 was delivered and successful: WYCA confirmed programme funding to Wakefield Council,STRATEGIC_OPTION,,FUNDING_UNLOCK,The Fifth Sector,Wakefield Council; WYCA,REALISED,22/10-23/03,FIFTH_SECTOR_CAUSED,CONFIRMED_OUTCOME,DIRECT,CONFIRMED,,,,,,,INTENDED,,,,,,IAIN_CONFIRMED — confirmation letter/document not yet registered as source,SELF_REPORTED,SELF,,,,,,LEAD_CONSULTANT,REVIEWED,,Registered 26/09/12 from Iain confirmation. Option value EXERCISED: the BCJ unlocked the funded programme P69 later evaluated. Funding value NOT_DISCLOSED.,OUTCOME,,,"Impact framework, logic chain, BCJ template — business case that secured funding",PRIME,,EXERCISED,Wakefield Council / WYCA,,None recorded prospectively,,,22/10-23/03,,IAIN_ATTESTED,,,,,,1.3-candidate,T01-TEST
C-R4-002,P85-AMGEN,USW initial AHRC CICP2 bid shortlisted; Fifth Sector direct proposal (£10k incl VAT) accepted to deliver Places evidence for full submission; work completed; consortium submission outcome pending,COMPLETED_WORK,,,The Fifth Sector,University of South Wales / AHRC CICP2,,UNKNOWN,FIFTH_SECTOR_CAUSED,WORK_COMPLETED_CONSORTIUM_PENDING,DIRECT,CONFIRMED,,,,,,,INTENDED,,,,,,IAIN_CONFIRMED,SELF_REPORTED,SELF,,,,,,PRIME — direct proposal to USW,REVIEWED,,"Registered 26/09/12. Contract £10k incl VAT. P06/P07 pattern: completed bid-support work — cite as delivered evidence contributing to shortlist→full submission, not as funded project.",OUTCOME,,,Places evidence architecture for full submission,PRIME,,OPEN,University of South Wales (AHRC submission pending),,,,,,,IAIN_ATTESTED,,,,,,1.3-candidate,T01-TEST
C-R5-524,P85-AMGEN,"Fifth Sector delivered Places-derived microcluster evidence pack for USW AMGEN CICP2 full bid: 8 Welsh live-performance/Welsh-language/creative-tech microclusters classified into core (4), supporting (3) and review/drop (1) tiers with explicit claim-use limits",METHOD_OUTPUT,,,,,,,,,,,,,,,,,,,,,,,SUFFICIENT,PRIMARY,,,,,HIGH,UNRESTRICTED_INTERNAL,DELIVERER,REVIEWED,,,METHOD_OUTPUT,,,,DIRECT,,,,,,,,,REVIEWED,,,NOT_ESTABLISHED,,,,1.3-candidate,B-SECTION
C-R5-525,P85-AMGEN,"AMGEN evidence pack quantified core microclusters incl. North Wales/Theatr Clwyd working set: 168 companies, est. 1,946 employment, GBP 114.7m turnover; Cardiff Bay Live Performance and XR: 12 companies, 995 employment, GBP 110.2m turnover",CONTEXT,,,,,,,,,,ESTIMATED,,,,,,,,,,,,,SUFFICIENT,PRIMARY,,,,,HIGH,UNRESTRICTED_INTERNAL,DELIVERER,REVIEWED,,,CONTEXT,,,,DIRECT,,,,,,,,,REVIEWED,DESCRIPTIVE_ESTIMATE,,NOT_ESTABLISHED,,,,1.3-candidate,B-SECTION
C-R5-526,P85-AMGEN,Paid engagement evidenced: USW Purchase Orders PO0127 and PO0130 (26/06/11) and Invoice INV-1371 issued by Fifth Sector — formal procurement trail for the direct evidence commission,METHOD_OUTPUT,,,,,,,,,,REALISED,,,,,,,,,,,,,SUFFICIENT,PRIMARY,,,,,HIGH,UNRESTRICTED_INTERNAL,DELIVERER,REVIEWED,,,BID_SUPPORT_DELIVERED,,,,DIRECT,,,,,,,,,REVIEWED,OBSERVED_AMOUNT,,NOT_ESTABLISHED,,,,1.3-candidate,B-SECTION
C-R5-527,P86-CSSAL,"Fifth Sector submitted full tender pack for Creative Scotland salaries review and achieved preferred-bidder status with weighted panel score 92.83% (Experience 4.00/4, Methodology 4.00/4, Price 3.71/4, Team 3.33/4, Added value 3.00/4); intent to award confirmed 26/09/04 pending standstill to 26/09/18",DESIGN,,,,,,,,,,,,,,,,,,,,,,,SUFFICIENT,PRIMARY,,,,,HIGH,UNRESTRICTED_INTERNAL,BIDDER,REVIEWED,,Outcome letter SRC-R5-013; scores logged per new scoring-capture rule,DESIGN,,,,DIRECT,,,,,,,,,REVIEWED,,,NOT_ESTABLISHED,,,,1.3-candidate,B-SECTION
C-R5-528,P35-DERBYMAP,Derby Cultural Masterplan FINAL published deliverable with companion Culture Derby Manifesto v3 and Cultural Compact final governance framework — ENQ692 outcome notification confirms Fifth Sector won the commission,METHOD_OUTPUT,,,,,,,,,,,,,,,,,,,,,,,SUFFICIENT,PRIMARY,,,,,HIGH,UNRESTRICTED_INTERNAL,DELIVERER,REVIEWED,,,METHOD_OUTPUT,,,,DIRECT,,,,,,,,,REVIEWED,,,NOT_ESTABLISHED,,,,1.3-candidate,B-SECTION
