review_id,review_batch,record_type,record_id,field_name,action,coder,recorded_at,codebook_version,initial_value,previous_value,new_value,source_ids,source_locator,rationale,adjudicator,decision_status,related_review_ids,successor_record_ids
REV-R2-001,R2,LOCK_CONFIRM,Iain_R2_labels,lock_status,LOCK,Iain,26/09/09T08:15:00Z,v1.1,LOCKED,,,,All 14 units coded and locked privately,,,,,
REV-R2-002,R2,INITIAL_CODE,R2-D01,claim_type,INITIAL_CODE,Iain,26/09/09T08:15:00Z,v1.1,,METHOD_APPLICATION,,SRC-R2-01;SRC-R2-02,title/date/scope/headline numbers,Mapping methodology applied to produce GVA baseline,,,,,
REV-R2-003,R2,INITIAL_CODE,R2-D01,canonical_version,INITIAL_CODE,Iain,26/09/09T08:15:00Z,v1.1,,UNRESOLVED,May 8 (SRC-R2-02),SRC-R2-01;SRC-R2-02,headline numbers,May 8 report is later version with more cautious figures and explicit caveats; v3.12 is confirmed canonical but predates both,,,,,
REV-R2-004,R2,INITIAL_CODE,R2-D02,method_status,INITIAL_CODE,Iain,26/09/09T08:15:00Z,v1.1,,PROPOSED,PROPOSED,SRC-R2-03,entire transcript,Workshop is planned not delivered; transcript shows planning only,,,,,
REV-R2-005,R2,INITIAL_CODE,R2-D02,evidence_status,INITIAL_CODE,Iain,26/09/09T08:15:00Z,v1.1,,HYPOTHESIS,HYPOTHESIS,SRC-R2-03,entire transcript,Workshop has not occurred; evidence is proposed not reported,,,,,
REV-R2-006,R2,INITIAL_CODE,R2-D03,option_holder,INITIAL_CODE,Iain,26/09/09T08:15:00Z,v1.1,,UNKNOWN,COMMISSIONER,SRC-R2-04,appendix investment sequence,Commissioner/funder holds the option to proceed; Fifth Sector proposed the sequence but does not hold the right to exercise it,,,,,
REV-R2-007,R2,INITIAL_CODE,R2-D03,option_state,INITIAL_CODE,Iain,26/09/09T08:15:00Z,v1.1,,UNKNOWN,PROPOSED,SRC-R2-04,appendix investment sequence,Investment sequence is proposed; gating conditions not yet met,,,,,
REV-R2-008,R2,INITIAL_CODE,R2-D04,tie_change,INITIAL_CODE,Iain,26/09/09T08:15:00Z,v1.1,,UNKNOWN,PRE_EXISTING,SRC-R2-04,section 4,SNA maps existing bridging characteristics; ties are pre-existing not created by intervention,,,,,
REV-R2-009,R2,INITIAL_CODE,R2-D04,attribution_strength,INITIAL_CODE,Iain,26/09/09T08:15:00Z,v1.1,,UNKNOWN,DISTINCTIVENESS_ONLY,SRC-R2-04,section 4,Fifth Sector identified bridging role; did not create the bridging organisations or their network positions,,,,,
REV-R2-010,R2,INITIAL_CODE,R2-D05,attribution_strength,INITIAL_CODE,Iain,26/09/09T08:15:00Z,v1.1,,UNKNOWN,CO_AUTHORED_ANALYSIS,SRC-R2-05,exec summary/intermediaries subsections,Co-authored the analysis with BOP; did not co-create the knowledge transfer patterns themselves,,,,,
REV-R2-011,R2,INITIAL_CODE,R2-D05,contracting_role,INITIAL_CODE,Iain,26/09/09T08:15:00Z,v1.1,,UNKNOWN,SUBCONTRACTOR,SRC-R2-05,exec summary/intermediaries subsections,BOP was prime; Bennett was associate/subcontractor,,,,,
REV-R2-012,R2,INITIAL_CODE,R2-D06,method_status,INITIAL_CODE,Iain,26/09/09T08:15:00Z,v1.1,,UNKNOWN,APPLIED,SRC-R2-06,cover/methodology,Corrected source is 20/01/09 final report PDF; mapping methodology was applied,,,,,
REV-R2-013,R2,INITIAL_CODE,R2-D06,evidence_status,INITIAL_CODE,Iain,26/09/09T08:15:00Z,v1.1,,UNKNOWN,REPORTED,SRC-R2-06,cover/methodology,Scale-up scores and business counts reported from the mapping,,,,,
REV-R2-014,R2,INITIAL_CODE,R2-D06,contracting_role,INITIAL_CODE,Iain,26/09/09T08:15:00Z,v1.1,,UNKNOWN,SUBCONTRACTOR,SRC-R2-06,cover/methodology,BOP prime confirmed by Iain; Fifth Sector subcontractor,,,,,
REV-R2-015,R2,INITIAL_CODE,R2-D07,claim_type,INITIAL_CODE,Iain,26/09/09T08:15:00Z,v1.1,,UNKNOWN,BID_SUPPORT_DELIVERED,SRC-R2-07,cover/strategic fit/theory of change,Bid-support work was delivered; programme it supported was not funded,,,,,
REV-R2-016,R2,INITIAL_CODE,R2-D07,method_status,INITIAL_CODE,Iain,26/09/09T08:15:00Z,v1.1,,UNKNOWN,APPLIED,SRC-R2-07,cover/strategic fit/theory of change,Bid-support commission was delivered (case for support written),,,,,,
REV-R2-017,R2,INITIAL_CODE,R2-D07,lifecycle_status,INITIAL_CODE,Iain,26/09/09T08:15:00Z,v1.1,,UNKNOWN,NOT_SUCCESSFUL,SRC-R2-07,cover/strategic fit/theory of change,Bid was NOT successful; confirmed by Iain 26/09/09,,,,,
REV-R2-018,R2,INITIAL_CODE,R2-D08,evidence_status,INITIAL_CODE,Iain,26/09/09T08:15:00Z,v1.1,,UNKNOWN,OUTSIDE_PACKET,SRC-R2-03,entire transcript,Workshop happened and outcomes recorded in final report; but final report is outside R2 packet; from transcript alone workshop is PROPOSED,,,,,
REV-R2-019,R2,INITIAL_CODE,R2-T01,method_status,INITIAL_CODE,Iain,26/09/09T08:15:00Z,v1.1,,UNKNOWN,PROPOSED,SRC-R2-08,entire inception note,Inception note proposes tasks; SIPF application NOT successful,,,,,
REV-R2-020,R2,INITIAL_CODE,R2-T01,lifecycle_status,INITIAL_CODE,Iain,26/09/09T08:15:00Z,v1.1,,UNKNOWN,APPLICATION_NOT_SUCCESSFUL,SRC-R2-08,entire inception note,SIPF application not successful; project did not proceed beyond inception,,,,,
REV-R2-021,R2,INITIAL_CODE,R2-T02,method_status,INITIAL_CODE,Iain,26/09/09T08:15:00Z,v1.1,,UNKNOWN,APPLIED,SRC-R2-09;SRC-R2-09B,experience/methodology sections + full final report,Both proposal and final report demonstrate method application; method reuse claims verified by final report content,,,,,
REV-R2-022,R2,INITIAL_CODE,R2-T03,evidence_status,INITIAL_CODE,Iain,26/09/09T08:15:00Z,v1.1,,UNKNOWN,REPORTED_CONTEXT,SRC-R2-10,introduction/convergence/recommendations,Challenges paper documents existing convergence trends as contextual finding about state of digital economy,,,,,
REV-R2-023,R2,INITIAL_CODE,R2-T04,value_basis,INITIAL_CODE,Iain,26/09/09T08:15:00Z,v1.1,,UNKNOWN,VISIBILITY_OPTION_VALUE,SRC-R2-11,exec summary/economic-impact methodology,Measurement creates option value by making sector visible to policy; GVA figure is baseline but act of measuring enables decisions,,,,,
REV-R2-024,R2,INITIAL_CODE,R2-O01,missing_brief_gate,INITIAL_CODE,Iain,26/09/09T08:15:00Z,v1.1,,UNKNOWN,PASS,SRC-R2-12,entire ITQ,ITQ contains sufficient information to proceed without the technical brief; 4 pages specify requirements adequately,,,,,
REV-R2-025,R2,INITIAL_CODE,R2-O01,budget_interpretation,INITIAL_CODE,Iain,26/09/09T08:15:00Z,v1.1,,UNKNOWN,ALL_PHASES,SRC-R2-12,budget section,£38K is across all phases not Phase 1 alone; Phase 1 is a portion of total budget,,,,,
REV-R2-026,R2,INITIAL_CODE,R2-O02,contract_gate,INITIAL_CODE,Iain,26/09/09T08:15:00Z,v1.1,,UNKNOWN,PASS,SRC-R2-13;SRC-R2-14;SRC-R2-15,contract terms,Contract terms are standard and acceptable; no negotiation required,,,,,
REV-R2-027,R2,INITIAL_CODE,R2-D01,claim_type,INITIAL_CODE,Devin,26/09/09T08:30:00Z,v1.1,,CONTEXTUAL_BASELINE,,SRC-R2-01;SRC-R2-02,title/date/scope/headline numbers,GVA figures are contextual baseline measurements of existing sector scale not effects created by intervention,,,,,
REV-R2-028,R2,INITIAL_CODE,R2-D01,canonical_version,INITIAL_CODE,Devin,26/09/09T08:30:00Z,v1.1,,UNRESOLVED,UNRESOLVED,SRC-R2-01;SRC-R2-02,headline numbers,Both extracts predate v3.12 canonical; version authority between these two is UNRESOLVED,,,,,
REV-R2-029,R2,INITIAL_CODE,R2-D02,method_status,INITIAL_CODE,Devin,26/09/09T08:30:00Z,v1.1,,PROPOSED,PROPOSED,SRC-R2-03,entire transcript,Transcript shows workshop planning; workshop has not been delivered; method is proposed,,,,,
REV-R2-030,R2,INITIAL_CODE,R2-D02,evidence_status,INITIAL_CODE,Devin,26/09/09T08:30:00Z,v1.1,,HYPOTHESIS,HYPOTHESIS,SRC-R2-03,entire transcript,Workshop proposed not delivered; no evidence of outcomes,,,,,
REV-R2-031,R2,INITIAL_CODE,R2-D03,option_holder,INITIAL_CODE,Devin,26/09/09T08:30:00Z,v1.1,,UNKNOWN,COMMISSIONER,SRC-R2-04,appendix investment sequence,Commissioner/funder holds option to proceed through gated phases; Fifth Sector proposed sequence but does not hold exercise right,,,,,
REV-R2-032,R2,INITIAL_CODE,R2-D03,option_state,INITIAL_CODE,Devin,26/09/09T08:30:00Z,v1.1,,UNKNOWN,PROPOSED,SRC-R2-04,appendix investment sequence,Investment sequence proposed; gating conditions not yet met; option not created,,,,,
REV-R2-033,R2,INITIAL_CODE,R2-D04,tie_change,INITIAL_CODE,Devin,26/09/09T08:30:00Z,v1.1,,UNKNOWN,PRE_EXISTING,SRC-R2-04,section 4,SNA maps existing bridging characteristics; no evidence of ties changed by intervention,,,,,
REV-R2-034,R2,INITIAL_CODE,R2-D04,attribution_strength,INITIAL_CODE,Devin,26/09/09T08:30:00Z,v1.1,,UNKNOWN,DISTINCTIVENESS_ONLY,SRC-R2-04,section 4,Fifth Sector identified bridging role through analysis; did not create bridging organisations or their positions,,,,,
REV-R2-035,R2,INITIAL_CODE,R2-D05,attribution_strength,INITIAL_CODE,Devin,26/09/09T08:30:00Z,v1.1,,UNKNOWN,DISTINCTIVENESS_ONLY,SRC-R2-05,exec summary/intermediaries subsections,Fifth Sector co-authored analysis identifying patterns; did not create the knowledge transfer patterns themselves,,,,,
REV-R2-036,R2,INITIAL_CODE,R2-D05,contracting_role,INITIAL_CODE,Devin,26/09/09T08:30:00Z,v1.1,,UNKNOWN,SUBCONTRACTOR,SRC-R2-05,exec summary/intermediaries subsections,BOP was prime; Bennett was associate/subcontractor,,,,,
REV-R2-037,R2,INITIAL_CODE,R2-D06,method_status,INITIAL_CODE,Devin,26/09/09T08:30:00Z,v1.1,,UNKNOWN,APPLIED,SRC-R2-06,cover/methodology,Corrected source is final report PDF; mapping methodology was applied and reported,,,,,
REV-R2-038,R2,INITIAL_CODE,R2-D06,evidence_status,INITIAL_CODE,Devin,26/09/09T08:30:00Z,v1.1,,UNKNOWN,REPORTED,SRC-R2-06,cover/methodology,Business counts and scale-up scores reported from mapping,,,,,
REV-R2-039,R2,INITIAL_CODE,R2-D06,contracting_role,INITIAL_CODE,Devin,26/09/09T08:30:00Z,v1.1,,UNKNOWN,SUBCONTRACTOR,SRC-R2-06,cover/methodology,BOP prime confirmed; Fifth Sector subcontractor,,,,,
REV-R2-040,R2,INITIAL_CODE,R2-D07,claim_type,INITIAL_CODE,Devin,26/09/09T08:30:00Z,v1.1,,UNKNOWN,RECOMMENDATION_DESIGN,SRC-R2-07,cover/strategic fit/theory of change,Case for support proposes a programme; bid-support work is recommendation/design,,,,,
REV-R2-041,R2,INITIAL_CODE,R2-D07,method_status,INITIAL_CODE,Devin,26/09/09T08:30:00Z,v1.1,,UNKNOWN,PROPOSED,SRC-R2-07,cover/strategic fit/theory of change,Programme proposed not delivered; bid was not successful,,,,,
REV-R2-042,R2,INITIAL_CODE,R2-D07,lifecycle_status,INITIAL_CODE,Devin,26/09/09T08:30:00Z,v1.1,,UNKNOWN,NOT_SUCCESSFUL,SRC-R2-07,cover/strategic fit/theory of change,Bid NOT successful confirmed by Iain 26/09/09,,,,,
REV-R2-043,R2,INITIAL_CODE,R2-D08,evidence_status,INITIAL_CODE,Devin,26/09/09T08:30:00Z,v1.1,,UNKNOWN,NOT_DETECTED,SRC-R2-03,entire transcript,No post-workshop effects test in this document; workshop has not occurred; NOT_DETECTED with scope not null finding,,,,,
REV-R2-044,R2,INITIAL_CODE,R2-T01,method_status,INITIAL_CODE,Devin,26/09/09T08:30:00Z,v1.1,,UNKNOWN,PROPOSED,SRC-R2-08,entire inception note,Inception note proposes tasks for SIPF bid support; application not successful,,,,,
REV-R2-045,R2,INITIAL_CODE,R2-T01,lifecycle_status,INITIAL_CODE,Devin,26/09/09T08:30:00Z,v1.1,,UNKNOWN,APPLICATION_NOT_SUCCESSFUL,SRC-R2-08,entire inception note,SIPF application not successful; project did not proceed beyond inception,,,,,
REV-R2-046,R2,INITIAL_CODE,R2-T02,method_status,INITIAL_CODE,Devin,26/09/09T08:30:00Z,v1.1,,UNKNOWN,APPLIED,SRC-R2-09;SRC-R2-09B,experience/methodology + full final,Final report demonstrates method applied to LCR; proposal claims reuse; final report confirms delivery,,,,,
REV-R2-047,R2,INITIAL_CODE,R2-T03,evidence_status,INITIAL_CODE,Devin,26/09/09T08:30:00Z,v1.1,,UNKNOWN,HYPOTHESIS,SRC-R2-10,introduction/convergence/recommendations,Paper proposes cross-sector convergence mechanism; no occurrence evidence supplied; mechanism is hypothetical,,,,,
REV-R2-048,R2,INITIAL_CODE,R2-T04,value_basis,INITIAL_CODE,Devin,26/09/09T08:30:00Z,v1.1,,UNKNOWN,MODELLED_ESTIMATE,SRC-R2-11,exec summary/economic-impact methodology,GVA figure is modelled from workforce data not directly measured; baseline scale not intervention effect,,,,,
REV-R2-049,R2,INITIAL_CODE,R2-O01,missing_brief_gate,INITIAL_CODE,Devin,26/09/09T08:30:00Z,v1.1,,UNKNOWN,HOLD,SRC-R2-12,entire ITQ,ITQ references attached technical brief not in packet; essential buyer document missing produces HOLD not pass,,,,,
REV-R2-050,R2,INITIAL_CODE,R2-O01,budget_interpretation,INITIAL_CODE,Devin,26/09/09T08:30:00Z,v1.1,,UNKNOWN,AMBIGUOUS,SRC-R2-12,budget section,£38K across all phases but only Phase 1 commissioned; ambiguity between Phase 1 and all-phases scope,,,,,
REV-R2-051,R2,INITIAL_CODE,R2-O02,contract_gate,INITIAL_CODE,Devin,26/09/09T08:30:00Z,v1.1,,UNKNOWN,HOLD,SRC-R2-13;SRC-R2-14;SRC-R2-15,contract terms,No changes allowed to contract; Annex 1 is draft; IP terms and data-sharing terms need review; HOLD pending contract review,,,,,
REV-R2-052,R2,ADJUDICATION,R2-D01,claim_type,ADJUDICATE,Iain,26/09/09T08:45:00Z,v1.1,METHOD_APPLICATION,CONTEXTUAL_BASELINE,METHOD_APPLICATION,SRC-R2-01;SRC-R2-02,title/date/scope/headline numbers,Iain adjudicates: GVA figure is a method application — mapping methodology was applied to produce it. Devin's contextual baseline is a valid reading of the claim content but the claim_type axis captures the method application.,Iain,ADJUDICATED_Iain,REV-R2-002;REV-R2-027,
REV-R2-053,R2,ADJUDICATION,R2-D01,canonical_version,ADJUDICATE,Iain,26/09/09T08:45:00Z,v1.1,May 8 (SRC-R2-02),UNRESOLVED,May 8 (SRC-R2-02),SRC-R2-01;SRC-R2-02,headline numbers,Iain adjudicates: May 8 is canonical between the two extracts — later version with more cautious figures. v3.12 is the confirmed canonical but these extracts predate it.,Iain,ADJUDICATED_Iain,REV-R2-003;REV-R2-028,
REV-R2-054,R2,ADJUDICATION,R2-D05,attribution_strength,ADJUDICATE,Iain,26/09/09T08:45:00Z,v1.1,CO_AUTHORED_ANALYSIS,DISTINCTIVENESS_ONLY,CO_AUTHORED_ANALYSIS,SRC-R2-05,exec summary/intermediaries subsections,Iain adjudicates: Fifth Sector co-authored the analysis with BOP. Analytical work is co-created. Both agree patterns not co-created.,Iain,ADJUDICATED_Iain,REV-R2-010;REV-R2-035,
REV-R2-055,R2,ADJUDICATION,R2-D07,claim_type,ADJUDICATE,Iain,26/09/09T08:45:00Z,v1.1,BID_SUPPORT_DELIVERED,RECOMMENDATION_DESIGN,BID_SUPPORT_DELIVERED,SRC-R2-07,cover/strategic fit/theory of change,Iain adjudicates: Bid-support work was delivered. The programme status is separate but not coded here.,Iain,ADJUDICATED_Iain,REV-R2-015;REV-R2-040,
REV-R2-056,R2,ADJUDICATION,R2-D07,method_status,ADJUDICATE,Iain,26/09/09T08:45:00Z,v1.1,APPLIED,PROPOSED,APPLIED,SRC-R2-07,cover/strategic fit/theory of change,Iain adjudicates: Bid-support commission was delivered (case for support written). Method applied to the commission.,Iain,ADJUDICATED_Iain,REV-R2-016;REV-R2-041,
REV-R2-057,R2,ADJUDICATION,R2-D08,evidence_status,ADJUDICATE,Iain,26/09/09T08:45:00Z,v1.1,OUTSIDE_PACKET,NOT_DETECTED,OUTSIDE_PACKET,SRC-R2-03,entire transcript,Iain adjudicates: Workshop happened and outcomes recorded in final report outside R2 packet. From transcript alone workshop is PROPOSED but evidence exists outside scope.,Iain,ADJUDICATED_Iain,REV-R2-018;REV-R2-043,
REV-R2-058,R2,ADJUDICATION,R2-T03,evidence_status,ADJUDICATE,Iain,26/09/09T08:45:00Z,v1.1,REPORTED_CONTEXT,HYPOTHESIS,REPORTED_CONTEXT,SRC-R2-10,introduction/convergence/recommendations,Iain adjudicates: Challenges paper documents existing convergence trends as contextual finding about state of digital economy.,Iain,ADJUDICATED_Iain,REV-R2-022;REV-R2-047,
REV-R2-059,R2,ADJUDICATION,R2-T04,value_basis,ADJUDICATE,Iain,26/09/09T08:45:00Z,v1.1,VISIBILITY_OPTION_VALUE,MODELLED_ESTIMATE,VISIBILITY_OPTION_VALUE,SRC-R2-11,exec summary/economic-impact methodology,Iain adjudicates: Measurement creates option value by making sector visible to policy. GVA figure enables decisions that werent possible before.,Iain,ADJUDICATED_Iain,REV-R2-023;REV-R2-048,
REV-R2-060,R2,ADJUDICATION,R2-O01,missing_brief_gate,ADJUDICATE,Iain,26/09/09T08:45:00Z,v1.1,PASS,HOLD,PASS,SRC-R2-12,entire ITQ,Iain adjudicates: ITQ contains sufficient information to proceed without the technical brief. 4 pages specify requirements adequately.,Iain,ADJUDICATED_Iain,REV-R2-024;REV-R2-049,
REV-R2-061,R2,ADJUDICATION,R2-O01,budget_interpretation,ADJUDICATE,Iain,26/09/09T08:45:00Z,v1.1,ALL_PHASES,AMBIGUOUS,ALL_PHASES,SRC-R2-12,budget section,Iain adjudicates: £38K is clearly for all phases. Phase 1 is a portion of total budget.,Iain,ADJUDICATED_Iain,REV-R2-025;REV-R2-050,
REV-R2-062,R2,ADJUDICATION,R2-O02,contract_gate,ADJUDICATE,Iain,26/09/09T08:45:00Z,v1.1,PASS,HOLD,PASS,SRC-R2-13;SRC-R2-14;SRC-R2-15,contract terms,Iain adjudicates: Contract terms are standard and acceptable. No negotiation required.,Iain,ADJUDICATED_Iain,REV-R2-026;REV-R2-051,
REV-R2-063,R2,RECODE,R2-D01,claim_type,RECODE,Devin,26/09/09T09:00:00Z,v1.2,CONTEXTUAL_BASELINE,METHOD_OUTPUT,METHOD_OUTPUT,SRC-R2-01;SRC-R2-02,title/date/scope/headline numbers,v1.2 clarifies claim_type and method_status are orthogonal. GVA figure is a method output produced by applied mapping methodology. claim_type=METHOD_OUTPUT aligns with Iain adjudication. method_status=APPLIED coded separately.,Devin,RESOLVED,REV-R2-027;REV-R2-052,
REV-R2-064,R2,RECODE,R2-D01,canonical_version,RECODE,Devin,26/09/09T09:00:00Z,v1.2,UNRESOLVED,UNRESOLVED,May 8 (SRC-R2-02),SRC-R2-01;SRC-R2-02,headline numbers,v1.2 does not change version authority rule. Iain adjudicated May 8 as canonical between the two extracts based on project knowledge. Accept Iain adjudication as v1.2 code.,Devin,RESOLVED,REV-R2-028;REV-R2-053,
REV-R2-065,R2,RECODE,R2-D05,attribution_strength,RECODE,Devin,26/09/09T09:00:00Z,v1.2,DISTINCTIVENESS_ONLY,DISTINCTIVENESS_ONLY,DESCRIPTIVE,SRC-R2-05,exec summary/intermediaries subsections,v1.2 clarifies analytical contribution is separate from effect attribution. Co-authored analysis is DESCRIPTIVE (association not causal). Aligns with Iain CO_AUTHORED_ANALYSIS intent.,Devin,RESOLVED,REV-R2-035;REV-R2-054,
REV-R2-066,R2,RECODE,R2-D07,claim_type,RECODE,Devin,26/09/09T09:00:00Z,v1.2,RECOMMENDATION_DESIGN,RECOMMENDATION_DESIGN,BID_SUPPORT_DELIVERED,SRC-R2-07,cover/strategic fit/theory of change,v1.2 adds BID_SUPPORT_DELIVERED as claim_type. Bid-support commission was delivered. Aligns with Iain adjudication.,Devin,RESOLVED,REV-R2-040;REV-R2-055,
REV-R2-067,R2,RECODE,R2-D07,method_status,RECODE,Devin,26/09/09T09:00:00Z,v1.2,PROPOSED,PROPOSED,APPLIED,SRC-R2-07,cover/strategic fit/theory of change,v1.2 two-level guidance: method_status=APPLIED for the commission (bid-support delivered). programme_status=NOT_AWARDED coded separately. Aligns with Iain adjudication.,Devin,RESOLVED,REV-R2-041;REV-R2-056,
REV-R2-068,R2,RECODE,R2-D08,evidence_status,RECODE,Devin,26/09/09T09:00:00Z,v1.2,NOT_DETECTED,NOT_DETECTED,OUTSIDE_PACKET,SRC-R2-03,entire transcript,v1.2 adds OUTSIDE_PACKET as evidence_status. Iain disclosed workshop happened and outcomes in final report outside packet. Aligns with Iain adjudication.,Devin,RESOLVED,REV-R2-043;REV-R2-057,
REV-R2-069,R2,RECODE,R2-T03,evidence_status,RECODE,Devin,26/09/09T09:00:00Z,v1.2,HYPOTHESIS,HYPOTHESIS,REPORTED,SRC-R2-10,introduction/convergence/recommendations,v1.2 contextual-vs-hypothesis rule: paper primarily documents existing convergence trends. Primary classification is REPORTED for contextual content. Proposed mechanism is separate DESIGN claim. Aligns with Iain adjudication.,Devin,RESOLVED,REV-R2-047;REV-R2-058,
REV-R2-070,R2,RECODE,R2-T04,value_basis,RECODE,Devin,26/09/09T09:00:00Z,v1.2,MODELLED_ESTIMATE,MODELLED_ESTIMATE,VISIBILITY_OPTION_VALUE,SRC-R2-11,exec summary/economic-impact methodology,v1.2 adds VISIBILITY_OPTION_VALUE as value_basis. Measurement creates option value by making sector visible to policy. Aligns with Iain adjudication.,Devin,RESOLVED,REV-R2-048;REV-R2-059,
REV-R2-071,R2,RECODE,R2-O01,missing_brief_gate,RECODE,Devin,26/09/09T09:00:00Z,v1.2,HOLD,HOLD,PASS,SRC-R2-12,entire ITQ,v1.2 clarifies commercial experience is valid for gate decisions. ITQ 4 pages specify requirements adequately. Rationale recorded. Aligns with Iain adjudication.,Devin,RESOLVED,REV-R2-049;REV-R2-060,
REV-R2-072,R2,RECODE,R2-O01,budget_interpretation,RECODE,Devin,26/09/09T09:00:00Z,v1.2,AMBIGUOUS,AMBIGUOUS,ALL_PHASES,SRC-R2-12,budget section,v1.2 commercial experience guidance: £38K is across all phases with Phase 1 as portion. Rationale recorded. Aligns with Iain adjudication.,Devin,RESOLVED,REV-R2-050;REV-R2-061,
REV-R2-073,R2,RECODE,R2-O02,contract_gate,RECODE,Devin,26/09/09T09:00:00Z,v1.2,HOLD,HOLD,PASS,SRC-R2-13;SRC-R2-14;SRC-R2-15,contract terms,v1.2 commercial experience guidance: contract terms are standard and acceptable. Rationale recorded. Aligns with Iain adjudication.,Devin,RESOLVED,REV-R2-051;REV-R2-062,
REV-R2-074,R2,RECODE,R2-D05,attribution_strength,RECODE,Devin,26/09/09T09:15:00Z,v1.3,DESCRIPTIVE,DESCRIPTIVE,CO_AUTHORED_ANALYSIS,SRC-R2-05,exec summary/intermediaries subsections,v1.3 adds CO_AUTHORED_ANALYSIS as formal attribution code. Fifth Sector co-authored analysis with BOP. Aligns with Iain adjudication. Previous DESCRIPTIVE RECODE superseded.,Devin,RESOLVED,REV-R2-065;REV-R2-054,
REV-R3-001,R3,DOUBLE_CODE,C-R3-001,claim_type,DOUBLE_CODE,Iain,26/09/09T10:00:00Z,1.3-candidate,METHOD_OUTPUT,METHOD_OUTPUT,METHOD_OUTPUT,SRC-R2-02,GVA figure,Agreed on first pass,Devin,RESOLVED,,R3-BATCH-A
REV-R3-002,R3,DOUBLE_CODE,C-R3-003,claim_type,DOUBLE_CODE,Iain,26/09/09T10:00:00Z,1.3-candidate,DESIGN,DESIGN,DESIGN,SRC-R2-01,convergence forecast,Agreed on first pass,Devin,RESOLVED,,R3-BATCH-A
REV-R3-003,R3,DOUBLE_CODE,C-R3-011,claim_type,DOUBLE_CODE,Iain,26/09/09T10:00:00Z,1.3-candidate,METHOD_OUTPUT,METHOD_OUTPUT,METHOD_OUTPUT,SRC-R2-04,SNA bridging,Agreed on first pass,Devin,RESOLVED,,R3-BATCH-A
REV-R3-004,R3,DOUBLE_CODE,C-R3-013,claim_type,DOUBLE_CODE,Iain,26/09/09T10:00:00Z,1.3-candidate,DESIGN,DESIGN,DESIGN,SRC-R2-04,investment sequence,Agreed on first pass,Devin,RESOLVED,,R3-BATCH-A
REV-R3-005,R3,DOUBLE_CODE,C-R3-017,claim_type,DOUBLE_CODE,Iain,26/09/09T10:00:00Z,1.3-candidate,METHOD_OUTPUT,METHOD_OUTPUT,METHOD_OUTPUT,SRC-R2-05,intermediaries,Agreed on first pass,Devin,RESOLVED,,R3-BATCH-B
REV-R3-006,R3,DOUBLE_CODE,C-R3-032,claim_type,DOUBLE_CODE,Iain,26/09/09T10:00:00Z,1.3-candidate,METHOD_OUTPUT,METHOD_OUTPUT,METHOD_OUTPUT,SRC-R2-11,£250.9m GVA,Agreed on first pass,Devin,RESOLVED,,R3-BATCH-D
REV-R3-007,R3,DOUBLE_CODE,C-R3-033,value_basis,DOUBLE_CODE,Iain,26/09/09T10:00:00Z,1.3-candidate,VISIBILITY_OPTION_VALUE,VISIBILITY_OPTION_VALUE,VISIBILITY_OPTION_VALUE,SRC-R2-11,measurement as value,Agreed on first pass,Devin,RESOLVED,,R3-BATCH-D
REV-R3-008,R3,DOUBLE_CODE,C-R3-006,claim_type,DOUBLE_CODE,Iain,26/09/09T10:00:00Z,1.3-candidate,METHOD_OUTPUT,METHOD_OUTPUT,METHOD_OUTPUT,SRC-R3-01,workshop delivered,Agreed on first pass,Devin,RESOLVED,,R3-BATCH-A
REV-R3-009,R3,DOUBLE_CODE,C-R3-009,claim_type,DOUBLE_CODE,Iain,26/09/09T10:00:00Z,1.3-candidate,METHOD_OUTPUT,METHOD_OUTPUT,METHOD_OUTPUT,SRC-R2-04,job postings,Agreed on first pass,Devin,RESOLVED,,R3-BATCH-A
REV-R3-010,R3,DOUBLE_CODE,C-R3-014,attribution_strength,DOUBLE_CODE,Iain,26/09/09T10:00:00Z,1.3-candidate,CO_AUTHORED_ANALYSIS,CO_AUTHORED_ANALYSIS,CO_AUTHORED_ANALYSIS,SRC-R2-05,GBSLEP mapping,Agreed on first pass,Devin,RESOLVED,,R3-BATCH-B
REV-R3-011,R3,DOUBLE_CODE,C-R3-018,attribution_strength,DOUBLE_CODE,Iain,26/09/09T10:00:00Z,1.3-candidate,DESCRIPTIVE,DESCRIPTIVE,DESCRIPTIVE,SRC-R2-06,WMCA mapping,Agreed; Iain distinguishes WMCA DESCRIPTIVE from GBSLEP CO_AUTHORED_ANALYSIS,Devin,RESOLVED,,R3-BATCH-B
REV-R3-012,R3,DOUBLE_CODE,C-R3-020,claim_type,DOUBLE_CODE,Iain,26/09/09T10:00:00Z,1.3-candidate,BID_SUPPORT_DELIVERED,BID_SUPPORT_DELIVERED,BID_SUPPORT_DELIVERED,SRC-R2-07,CoSTAR bid support,Agreed on first pass,Devin,RESOLVED,,R3-BATCH-B
REV-R3-013,R3,DOUBLE_CODE,C-R3-022,claim_type,DOUBLE_CODE,Iain,26/09/09T10:00:00Z,1.3-candidate,DESIGN,DESIGN,DESIGN,SRC-R2-08,SIPF application,Agreed on first pass,Devin,RESOLVED,,R3-BATCH-C
REV-R3-014,R3,DOUBLE_CODE,C-R3-023,claim_type,DOUBLE_CODE,Iain,26/09/09T10:00:00Z,1.3-candidate,METHOD_OUTPUT,METHOD_OUTPUT,METHOD_OUTPUT,SRC-R2-09B,LIVDCI cluster,Agreed on first pass,Devin,RESOLVED,,R3-BATCH-C
REV-R3-015,R3,DOUBLE_CODE,C-R3-027,evidence_status,DOUBLE_CODE,Iain,26/09/09T10:00:00Z,1.3-candidate,REPORTED,REPORTED,REPORTED,SRC-R2-10,CDEC convergence,Agreed; contextual-vs-hypothesis rule applied,Devin,RESOLVED,,R3-BATCH-C
REV-R3-016,R3,DOUBLE_CODE,C-R3-029,claim_type,DOUBLE_CODE,Iain,26/09/09T10:00:00Z,1.3-candidate,METHOD_OUTPUT,METHOD_OUTPUT,METHOD_OUTPUT,SRC-R2-11,Kirklees three-cycle,Agreed on first pass,Devin,RESOLVED,,R3-BATCH-D
REV-R3-017,R3,DOUBLE_CODE,T01-BCAT,bid_recommendation,DOUBLE_CODE,Iain,26/09/09T10:00:00Z,1.3-candidate,BID,BID,BID,SRC-R2-13;SRC-R2-14;SRC-R2-15,British Council RFP,Agreed on first pass,Devin,RESOLVED,,R3-OPPORTUNITIES
REV-R3-018,R3,DOUBLE_CODE,T04-LCRFILM,bid_recommendation,DOUBLE_CODE,Iain,26/09/09T10:00:00Z,1.3-candidate,PASS,PASS,CONDITIONAL_HOLD,SRC-R2-12,LCR ITQ,Iain clarified: Phase 1 bid submitted but unsuccessful; awaiting confirmation of process to tender for remaining phases; update to CONDITIONAL_HOLD pending remaining phases process,Devin,RESOLVED,,R3-OPPORTUNITIES
REV-R3-019,R3,DOUBLE_CODE,T05-DERBY,bid_recommendation,DOUBLE_CODE,Iain,26/09/09T10:00:00Z,1.3-candidate,HOLD,HOLD,HOLD,,Derby tender docs,Iain provided Google Docs link for Derby tender documents; requires authentication to access; HOLD pending source extraction,Devin,RESOLVED,,R3-OPPORTUNITIES
REV-R3-020,R3,M3_DECISION,,M3_APPROVAL,GATE_DECISION,Iain,26/09/09T11:00:00Z,1.3-candidate,ACCEPT,ACCEPT,ACCEPT,,M3 acceptance criteria met; pilot G2-ready; v1.3 promoted to accepted pilot release,Iain,RESOLVED,,R3
REV-R3-021,R3,VALIDATION,VAL-R3-001,source_location,VALIDATION,Iain,26/09/09T12:00:00Z,1.3-candidate,HOLD,RESOLVED,NO_BID,,SRC-R3-04;SRC-R3-05;SRC-R3-06;SRC-R3-07,T05-DERBY sources extracted; bid UNSUCCESSFUL; below threshold no feedback; updated from HOLD to NO_BID,Devin,RESOLVED,,R3-T05
REV-R3-022,R3,VALIDATION,VAL-R3-004,contracting_role,VALIDATION,Iain,26/09/09T12:00:00Z,1.3-candidate,UNKNOWN,RESOLVED,PRIME,,SRC-R2-01;SRC-R2-02,P01-NES contracting role confirmed as PRIME by Iain,Devin,RESOLVED,,R3-BATCH-A
REV-R3-023,R3,VALIDATION,VAL-R3-005,client_acceptance,VALIDATION,Iain,26/09/09T12:00:00Z,1.3-candidate,UNKNOWN,RESOLVED,ACCEPTED,,SRC-R2-02,P01-NES v3.12 report formally accepted by client; confirmed by Iain,Devin,RESOLVED,,R3-BATCH-A
REV-R3-024,R3,VALIDATION,VAL-R3-006,contracting_role,VALIDATION,Iain,26/09/09T12:00:00Z,1.3-candidate,SUBCONTRACTOR,RESOLVED,PRIME,,SRC-R2-03;SRC-R3-01;SRC-R3-02;SRC-R3-03,P02-FGTG Fifth Sector was PRIME to Manchester Met (not MMU); Man Met was lead for consortium of GMCA Growth Company U Manchester U Salford Manchester Met; corrected by Iain,Devin,RESOLVED,,R3-BATCH-A
REV-R3-025,R3,VALIDATION,VAL-R3-007,client_acceptance,VALIDATION,Iain,26/09/09T12:00:00Z,1.3-candidate,UNKNOWN,RESOLVED,ACCEPTED,,SRC-R2-04,P03-MITIH Oct 24 reconciliation report accepted by client; confirmed by Iain; Jun 12 report rejected for recommendations only,Devin,RESOLVED,,R3-BATCH-A
REV-R3-026,R3,VALIDATION,VAL-R3-008,confidentiality,VALIDATION,Iain,26/09/09T12:00:00Z,1.3-candidate,CONFIDENTIAL,RESOLVED,NOT_CONFIDENTIAL_UNPUBLISHED,,SRC-R2-04,P03-MITIH report is NOT confidential but unpublished; CONFIDENTIAL label corrected by Iain; report accepted by client,Devin,RESOLVED,,R3-BATCH-A
REV-R3-027,R3,VALIDATION,VAL-R3-018,contracting_role,VALIDATION,Iain,26/09/09T12:00:00Z,1.3-candidate,UNKNOWN,RESOLVED,PRIME,,SRC-R2-11,P10-KIRK Fifth Sector was PRIME contractor for all three cycles (2022 2024 2026); confirmed by Iain,Devin,RESOLVED,,R3-BATCH-D
REV-R3-028,R3,VALIDATION,VAL-R3-019,client_acceptance,VALIDATION,Iain,26/09/09T12:00:00Z,1.3-candidate,IN_PROGRESS,RESOLVED,SUBMITTED_PENDING,,SRC-R2-11,P10-KIRK 2026 report submitted but pending acceptance; confirmed by Iain,Devin,RESOLVED,,R3-BATCH-D
REV-R3-029,R3,VALIDATION,VAL-R3-023,policy_use,VALIDATION,Iain,26/09/09T12:00:00Z,1.3-candidate,UNKNOWN,RESOLVED,USED_IN_POLICY,,SRC-R2-11,P10-KIRK £250.9m GVA and other findings HAVE BEEN USED in Kirklees Council policy decisions; confirmed by Iain; this upgrades C-R3-033 option_state from PROPOSED to EXERCISED; significant evidence of decision use,Devin,RESOLVED,,R3-BATCH-D
REV-G2-001,26/09/09,Devin,G2-BATCH-A,Phase 1 pre-2020 cohort started,G2 Phase 1 Tier 1 coverage screening began with pre-2020 exception projects: P11-ELFC (East London Fashion Cluster) and P12-KIRK15 (Kirklees 2015). All 5 ELFC source documents fully extracted and read (1697+348+85+67 lines + 6-sheet xlsx). 10 claims coded: 4 method outputs (baseline measurements); 4 proposed options (knowledge/product spillovers gated sequence visibility); 2 contextual findings (LQ analysis spillover evidence gap). 5 methods registered. 16 evidence links created. Key finding: ELFC report is a STRATEGY not an evaluation - all outcomes are proposals/forecasts. GLA Economics note (Iain-authored) explicitly identifies spillover evidence as critical gap for intervention case. Kirklees 2015 is data-only baseline (CI 3360 CE 5020 GVA £100.979m) for diff with later P10-KIRK cycles.,v1.3,REVIEWED,Devin,26/09/09,G2-BATCH-A
REV-G2-002,26/09/09,Devin,G2-BATCH-A,Pre-2020 lighter-touch cohort completed,G2 Phase 1 Tier 1 coverage screening completed for all 5 pre-2020 projects. 3 additional projects registered (P13-CWL P14-DCAT P15-LIVMUS). 5 additional sources extracted and fully read (SRC-G2-006 through SRC-G2-010). 13 additional claims coded (C-G2-011 through C-G2-023). 3 additional methods registered (M-G2-006 through M-G2-008). 16 additional evidence links created (E-G2-017 through E-G2-032). Key findings: CWL evaluation explicitly addresses counterfactual reasoning and identifies spillover evidence gap; Digital Catapult mapping explicitly investigates positive externalities and spillovers in collaborative R&D using qualitative approach due to absence of quantitative data; Liverpool City of Music strategy identifies production services cross-sector network spillover (Adlib serving music conferences theatre non-music events) and proposes Production Park as cross-sector skills hub. All pre-2020 claims are either baseline measurements or proposed options/hypotheses - no realised intervention outcomes. Pre-2020 effort limit (20%) respected with lighter-touch treatment.,v1.3,REVIEWED,Devin,26/09/09,G2-BATCH-A
REV-G2-003,G2-BATCH-B,PROJECT,P16-CICP,programme_status,INITIAL_CODE,Devin,26/09/11,1.3-candidate,,,NOT_APPLICABLE,,,Evaluation approach document; not a programme,Devin,RESOLVED,,
REV-G2-004,G2-BATCH-B,PROJECT,P18-GRIMSBY,contracting_role,INITIAL_CODE,Devin,26/09/11,1.3-candidate,,,SUBCONTRACTOR,,,Iain confirmed mapping data contribution; Magna Vitae prime,Iain,RESOLVED,,
REV-G2-005,G2-BATCH-B,PROJECT,P25-LANCGP,programme_status,RECODE,Devin,26/09/11,1.3-candidate,,UNKNOWN,NOT_AWARDED,,,Iain confirmed bid unsuccessful 26/09/11,Iain,RESOLVED,,
REV-G2-006,G2-BATCH-B,PROJECT,P29-SOLENTCGP,programme_status,RECODE,Devin,26/09/11,1.3-candidate,,UNKNOWN,NOT_AWARDED,,,Iain confirmed bid unsuccessful 26/09/11,Iain,RESOLVED,,
REV-G2-007,G2-BATCH-B,PROJECT,P30-HEREFORD,contracting_role,INITIAL_CODE,Devin,26/09/11,1.3-candidate,,,PRIME,,,Iain confirmed lead consultant 26/09/11,Iain,RESOLVED,,
REV-G2-008,G2-BATCH-B,PROJECT,P32-SURREY,contracting_role,INITIAL_CODE,Devin,26/09/11,1.3-candidate,,,PRIME,,,Iain confirmed lead consultant 26/09/11,Iain,RESOLVED,,
REV-G2-009,G2-BATCH-B,CLAIM,C-G2-058,notes,REVIEW_NOTE,Devin,26/09/11,1.3-candidate,,,INTERNAL INCONSISTENCY: 120 vs 160 FTE jobs,,,Source inconsistency flagged; both figures preserved in measurements MEAS-G2-042 and MEAS-G2-043,Devin,OPEN,,
REV-G2-010,G2-BATCH-B,CLAIM,C-G2-075,notes,REVIEW_NOTE,Devin,26/09/11,1.3-candidate,,,DCMS top-down £6.9bn almost certainly overestimate; reconciled to £5.25bn,,,Source explicitly states £6.9bn is overestimate; reconciliation preserves both,Devin,RESOLVED,,
REV-G2-011,G2-BATCH-B,RULE,RULE-G2-001,rule_check,RULE_CHECK,Devin,26/09/11,1.3-candidate,,,PASS,,,All 54 new claims have claim_type assigned; no context mislabelled as effect,Devin,RESOLVED,,
REV-G2-012,G2-BATCH-B,RULE,RULE-G2-002,rule_check,RULE_CHECK,Devin,26/09/11,1.3-candidate,,,PASS,,,All modelled GVA tagged DESCRIPTIVE_ESTIMATE not OBSERVED_AMOUNT; no forecast labelled as realised,Devin,RESOLVED,,
REV-G2-013,G2-BATCH-B,RULE,RULE-G2-003,rule_check,RULE_CHECK,Devin,26/09/11,1.3-candidate,,,PASS,,,All bid-support DESIGN claims tagged with programme_status; Lancashire and Solent correctly NOT_AWARDED,Devin,RESOLVED,,
REV-G2-014,G2-BATCH-B,RULE,RULE-G2-004,rule_check,RULE_CHECK,Devin,26/09/11,1.3-candidate,,,PASS,,,All 54 claims have method_ids linking to registered methods; all 68 measurements link to claims,Devin,RESOLVED,,
REV-G2-015,G2-BATCH-B,RULE,RULE-G2-005,rule_check,RULE_CHECK,Devin,26/09/11,1.3-candidate,,,PASS,,,All 54 evidence links have valid claim_id and source_id foreign keys,Devin,RESOLVED,,
REV-G2-016,G2-BATCH-B,RULE,RULE-G2-006,rule_check,RULE_CHECK,Devin,26/09/11,1.3-candidate,,,PASS,,,No monetary values labelled NON_MONETARY; no costs labelled benefits,Devin,RESOLVED,,
REV-G2-017,G2-BATCH-B,REVIEW,G2-BATCH-B,lens_A,REVIEW_NOTE,Devin,26/09/11,1.3-candidate,,,Lens A (review pass) applied to all 54 claims,,,Claim wording checked for specificity testability and boundedness; modelled estimates distinguished from observed amounts; forecasts distinguished from realised outcomes,Devin,RESOLVED,,
REV-G2-018,G2-BATCH-B,REVIEW,G2-BATCH-B,lens_B,REVIEW_NOTE,Devin,26/09/11,1.3-candidate,,,Lens B (evidence analysis) applied to high-risk claims,,,Testimony provenance checked for Wakefield CoSTAR attribution; causal assumptions documented for employment/GVA growth claims; boundary/distribution checked for cross-sector spillover claims,Devin,RESOLVED,,
REV-G2-QA001,G2-QA,CLAIM,C-G2-029,claim_type,RECODE,Devin,26/09/11,1.3-candidate,EFFECT,EFFECT,CONTEXT,,,QA /wishful+ /skin: ImmerseUK sector list is sector characteristic not spillover effect,Devin,RESOLVED,,
REV-G2-QA002,G2-QA,CLAIM,C-G2-050,claim_type,RECODE,Devin,26/09/11,1.3-candidate,EFFECT,EFFECT,CONTEXT,,,QA /wishful: sector observation about createch adoption not effect of mapping,Devin,RESOLVED,,
REV-G2-QA003,G2-QA,CLAIM,C-G2-068,claim_type,RECODE,Devin,26/09/11,1.3-candidate,EFFECT,EFFECT,CONTEXT,,,QA /wishful+ /skin: Farnborough conversion pre-exists mapping; no evidence of technology translation,Devin,RESOLVED,,
REV-G2-QA004,G2-QA,CLAIM,C-G2-071,claim_type,RECODE,Devin,26/09/11,1.3-candidate,EFFECT,EFFECT,CONTEXT,,,QA /wishful+ /skin: Adlib founded 1984; sector characteristic not spillover; corporate events ≠ cross-sector,Devin,RESOLVED,,
REV-G2-QA005,G2-QA,CLAIM,C-G2-053,claim_type,RECODE,Devin,26/09/11,1.3-candidate,METHOD_OUTPUT,METHOD_OUTPUT,CONTEXT,,,QA /wishful+ /deepthink: source says correlates with not caused by; modelled not causal,Devin,RESOLVED,,
REV-G2-QA006,G2-QA,CLAIM,C-G2-012,claim_type,RECODE,Devin,26/09/11,1.3-candidate,METHOD_OUTPUT,METHOD_OUTPUT,EFFECT,,,QA /thad: CWL programme effect detected by evaluation not Fifth Sector method output; role set to EVALUATOR,Devin,RESOLVED,,
REV-G2-QA007,G2-QA,CLAIM,C-G2-040,fifth_sector_role,RECODE,Devin,26/09/11,1.3-candidate,,,EVALUATOR,,,QA /thad: LFO governance change is programme effect; Fifth Sector was evaluator not deliverer,Devin,RESOLVED,,
REV-G2-QA008,G2-QA,CLAIM,C-G2-054,fifth_sector_role,RECODE,Devin,26/09/11,1.3-candidate,,,EVALUATOR,,,QA /thad: Creative Wakefield network growth is CDF programme effect; Fifth Sector was evaluator,Devin,RESOLVED,,
REV-G2-QA009,G2-QA,CLAIM,C-G2-055,fifth_sector_role,RECODE,Devin,26/09/11,1.3-candidate,,,EVALUATOR,,,QA /thad: XPLOR new products are CDF programme outputs; Fifth Sector was evaluator,Devin,RESOLVED,,
REV-G2-QA010,G2-QA,CLAIM,C-G2-056,fifth_sector_role,RECODE,Devin,26/09/11,1.3-candidate,,,EVALUATOR,,,QA /thad+ /blindspot: CoSTAR alliance is CDF effect; testimony-based; University of York co-partner missing from claim,Devin,RESOLVED,,
REV-G2-QA011,G2-QA,CLAIM,C-G2-057,fifth_sector_role,RECODE,Devin,26/09/11,1.3-candidate,,,EVALUATOR,,,QA /thad: Creative Leadership outcomes are CDF programme effects; Fifth Sector was evaluator,Devin,RESOLVED,,
REV-G2-QA012,G2-QA,CLAIM,C-G2-048,option_state,RECODE,Devin,26/09/11,1.3-candidate,,,EXPIRED,,,QA /blindspot: Lancashire CGP bid unsuccessful — option lapsed,Devin,RESOLVED,,
REV-G2-QA013,G2-QA,CLAIM,C-G2-063,option_state,RECODE,Devin,26/09/11,1.3-candidate,,,EXPIRED,,,QA /blindspot: Solent CGP bid unsuccessful — option lapsed,Devin,RESOLVED,,
REV-G2-QA014,G2-QA,CLAIM,C-G2-041,option_state,RECODE,Devin,26/09/11,1.3-candidate,,,UNKNOWN,,,QA /blindspot: Development Fund pipeline forecasts from 2021 not confirmed as realised,Devin,RESOLVED,,
REV-G2-QA015,G2-QA,REVIEW,G2-QA,lens_wishful,REVIEW_NOTE,Devin,26/09/11,1.3-candidate,,,APPLIED,,,QA /wishful applied to all 54 G2 claims; 4 sector characteristics mislabelled as EFFECT found and fixed; 1 context mislabelled as METHOD_OUTPUT found and fixed; 5 programme effects with missing evaluator role found and fixed,Devin,RESOLVED,,
REV-G2-QA016,G2-QA,REVIEW,G2-QA,lens_skin,REVIEW_NOTE,Devin,26/09/11,1.3-candidate,,,APPLIED,,,QA /skin applied to all EFFECT claims; 4 claims with vague or overstated propositions flagged and reclassified,Devin,RESOLVED,,
REV-G2-QA017,G2-QA,REVIEW,G2-QA,lens_thad,REVIEW_NOTE,Devin,26/09/11,1.3-candidate,,,APPLIED,,,QA /thad applied to all EFFECT claims; 5 programme effects missing evaluator role; 1 programme effect mislabelled as METHOD_OUTPUT; testimony-based attribution flagged for CoSTAR,Devin,RESOLVED,,
REV-G2-QA018,G2-QA,REVIEW,G2-QA,lens_deepthink,REVIEW_NOTE,Devin,26/09/11,1.3-candidate,,,APPLIED,,,QA /deepthink applied; Wakefield jobs inconsistency preserved; LCR Music Base vs Integrated case gap noted; Solent GVA reconciliation assumptions flagged; SYMCA £2bn upper bound flagged,Devin,RESOLVED,,
REV-G2-QA019,G2-QA,REVIEW,G2-QA,lens_blindspot,REVIEW_NOTE,Devin,26/09/11,1.3-candidate,,,APPLIED,,,QA /blindspot applied; 2 expired options for unsuccessful bids set; 1 unknown option state set; University of York co-partner missing from CoSTAR claim; non-adopters and displacement not recorded; LCR Music SNA null finding (0.6% connections) preserved,Devin,RESOLVED,,
REV-G2-QA020,G2-QA,CLAIM,C-G2-012,fifth_sector_role,RECODE,Devin,26/09/11,1.3-candidate,EVALUATOR,EVALUATOR,ADVISOR;INTERPRETER,,,SPOT-CHECK CORRECTION: BOP was evaluator not Fifth Sector; Iain was advisor/interpreter within BOP; source line 11 confirms BOP conducted evaluation,Devin,RESOLVED,,
REV-G2-QA021,G2-QA,CLAIM,C-G2-031,option_state,RECODE,Devin,26/09/11,1.3-candidate,,,PROPOSED,,,SPOT-CHECK: empty option_state for OPTION claim; set to PROPOSED,Devin,RESOLVED,,
REV-G2-QA022,G2-QA,CLAIM,C-G2-042,option_state,RECODE,Devin,26/09/11,1.3-candidate,,,PROPOSED,,,SPOT-CHECK: empty option_state for OPTION claim; set to PROPOSED,Devin,RESOLVED,,
REV-G2-QA023,G2-QA,CLAIM,C-G2-046,option_state,RECODE,Devin,26/09/11,1.3-candidate,,,PROPOSED,,,SPOT-CHECK: empty option_state for OPTION claim; set to PROPOSED,Devin,RESOLVED,,
REV-G2-QA024,G2-QA,CLAIM,C-G2-065,option_state,RECODE,Devin,26/09/11,1.3-candidate,,,PROPOSED,,,SPOT-CHECK: empty option_state for OPTION claim; set to PROPOSED,Devin,RESOLVED,,
REV-G2-QA025,G2-QA,CLAIM,C-G2-069,option_state,RECODE,Devin,26/09/11,1.3-candidate,,,PROPOSED,,,SPOT-CHECK: empty option_state for OPTION claim; set to PROPOSED,Devin,RESOLVED,,
REV-G2-QA026,G2-QA,CLAIM,C-G2-073,option_state,RECODE,Devin,26/09/11,1.3-candidate,,,PROPOSED,,,SPOT-CHECK: empty option_state for OPTION claim; set to PROPOSED,Devin,RESOLVED,,
REV-G2-QA027,G2-QA,CLAIM,C-G2-074,option_state,RECODE,Devin,26/09/11,1.3-candidate,,,PROPOSED,,,SPOT-CHECK: empty option_state for OPTION claim; set to PROPOSED,Devin,RESOLVED,,
REV-G2-QA028,G2-QA,REVIEW,G2-QA-SPOTCHECK,spot_check,REVIEW_NOTE,Devin,26/09/11,1.3-candidate,,,COMPLETED,,,Spot-check of 14 QA fixes completed; 1 correction (C-G2-012 role reverted to ADVISOR;INTERPRETER); 7 additional empty option_state fields fixed; all fixes verified against source documents,Devin,RESOLVED,,
REV-G2-QA029,G2-QA,CLAIM,C-G2-011,fifth_sector_role,RECODE,Devin,26/09/11,1.3-candidate,ADVISOR;INTERPRETER,ADVISOR;INTERPRETER,EVALUATOR,,,SPOT-CHECK: Iain led evaluation as BOP Associate Director; role corrected; contracting_role set to ASSOCIATE,Devin,RESOLVED,,
REV-G2-QA030,G2-QA,CLAIM,C-G2-013,fifth_sector_role,RECODE,Devin,26/09/11,1.3-candidate,ADVISOR;INTERPRETER,ADVISOR;INTERPRETER,EVALUATOR,,,SPOT-CHECK: Iain led evaluation as BOP Associate Director; role corrected; contracting_role set to ASSOCIATE,Devin,RESOLVED,,
REV-G2-QA031,G2-QA,CLAIM,C-G2-014,fifth_sector_role,RECODE,Devin,26/09/11,1.3-candidate,ADVISOR;INTERPRETER,ADVISOR;INTERPRETER,EVALUATOR,,,SPOT-CHECK: Iain led evaluation as BOP Associate Director; role corrected; contracting_role set to ASSOCIATE,Devin,RESOLVED,,
REV-G2-QA032,G2-QA,PROJECT,P13-CWL,fifth_sector_role,RECODE,Devin,26/09/11,1.3-candidate,ADVISOR;INTERPRETER,ADVISOR;INTERPRETER,EVALUATOR,,,SPOT-CHECK: Iain led Creativeworks London evaluation as BOP Associate Director; project role corrected; contracting_role set to ASSOCIATE,Devin,RESOLVED,,
REV-G2-QA033,G2-QA,CLAIM,C-G2-001,claim_type,RECODE,Devin,26/09/11,1.3-candidate,METHOD_OUTPUT,METHOD_OUTPUT,CONTEXT,,,QA /wishful+ /deepthink: sector baseline measurement not method output; codebook rule,Devin,RESOLVED,,
REV-G2-QA034,G2-QA,CLAIM,C-G2-002,claim_type,RECODE,Devin,26/09/11,1.3-candidate,METHOD_OUTPUT,METHOD_OUTPUT,CONTEXT,,,QA /wishful+ /deepthink: sector baseline measurement not method output; also 22% London employment unverified,Devin,RESOLVED,,
REV-G2-QA035,G2-QA,CLAIM,C-G2-007,claim_type,RECODE,Devin,26/09/11,1.3-candidate,METHOD_OUTPUT,METHOD_OUTPUT,CONTEXT,,,QA: Hackney LQ is sector characteristic not method output,Devin,RESOLVED,,
REV-G2-QA036,G2-QA,CLAIM,C-G2-009,claim_type,RECODE,Devin,26/09/11,1.3-candidate,METHOD_OUTPUT,METHOD_OUTPUT,CONTEXT,,,QA: Kirklees employment baseline is sector characteristic,Devin,RESOLVED,,
REV-G2-QA037,G2-QA,CLAIM,C-G2-010,claim_type,RECODE,Devin,26/09/11,1.3-candidate,METHOD_OUTPUT,METHOD_OUTPUT,CONTEXT,,,QA: Kirklees GVA baseline is sector characteristic,Devin,RESOLVED,,
REV-G2-QA038,G2-QA,CLAIM,C-G2-015,claim_type,RECODE,Devin,26/09/11,1.3-candidate,METHOD_OUTPUT,METHOD_OUTPUT,CONTEXT,,,QA: UK immersive company count is sector characteristic,Devin,RESOLVED,,
REV-G2-QA039,G2-QA,CLAIM,C-G2-018,claim_type,RECODE,Devin,26/09/11,1.3-candidate,METHOD_OUTPUT,METHOD_OUTPUT,CONTEXT,,,QA: HVMC cluster access is sector characteristic,Devin,RESOLVED,,
REV-G2-QA040,G2-QA,CLAIM,C-G2-019,claim_type,RECODE,Devin,26/09/11,1.3-candidate,METHOD_OUTPUT,METHOD_OUTPUT,CONTEXT,,,QA: Liverpool music turnover is sector baseline,Devin,RESOLVED,,
REV-G2-QA041,G2-QA,CLAIM,C-G2-020,claim_type,RECODE,Devin,26/09/11,1.3-candidate,METHOD_OUTPUT,METHOD_OUTPUT,CONTEXT,,,QA: Beatles heritage £98m is sector baseline,Devin,RESOLVED,,
REV-G2-QA042,G2-QA,CLAIM,C-G2-021,claim_type,RECODE,Devin,26/09/11,1.3-candidate,METHOD_OUTPUT,METHOD_OUTPUT,CONTEXT,,,QA: Adlib sector strength is sector characteristic,Devin,RESOLVED,,
REV-G2-QA043,G2-QA,CLAIM,C-G2-025,claim_type,RECODE,Devin,26/09/11,1.3-candidate,METHOD_OUTPUT,METHOD_OUTPUT,CONTEXT,,,QA: LCR employment growth is sector baseline,Devin,RESOLVED,,
REV-G2-QA044,G2-QA,CLAIM,C-G2-028,claim_type,RECODE,Devin,26/09/11,1.3-candidate,METHOD_OUTPUT,METHOD_OUTPUT,CONTEXT,,,QA: LCR immersive ecosystem count is sector baseline,Devin,RESOLVED,,
REV-G2-QA045,G2-QA,CLAIM,C-G2-030,claim_type,RECODE,Devin,26/09/11,1.3-candidate,METHOD_OUTPUT,METHOD_OUTPUT,CONTEXT,,,QA: LCR Meetup ecosystem is sector characteristic,Devin,RESOLVED,,
REV-G2-QA046,G2-QA,CLAIM,C-G2-032,claim_type,RECODE,Devin,26/09/11,1.3-candidate,METHOD_OUTPUT,METHOD_OUTPUT,CONTEXT,,,QA: SYMCA company count is sector baseline,Devin,RESOLVED,,
REV-G2-QA047,G2-QA,CLAIM,C-G2-043,claim_type,RECODE,Devin,26/09/11,1.3-candidate,METHOD_OUTPUT,METHOD_OUTPUT,CONTEXT,,,QA: SYMCA GVA estimate is sector baseline,Devin,RESOLVED,,
REV-G2-QA048,G2-QA,CLAIM,C-G2-044,claim_type,RECODE,Devin,26/09/11,1.3-candidate,METHOD_OUTPUT,METHOD_OUTPUT,CONTEXT,,,QA: multiplier is contextual finding not method output,Devin,RESOLVED,,
REV-G2-QA049,G2-QA,CLAIM,C-G2-045,claim_type,RECODE,Devin,26/09/11,1.3-candidate,METHOD_OUTPUT,METHOD_OUTPUT,CONTEXT,,,QA: course count is sector baseline,Devin,RESOLVED,,
REV-G2-QA050,G2-QA,CLAIM,C-G2-047,claim_type,RECODE,Devin,26/09/11,1.3-candidate,METHOD_OUTPUT,METHOD_OUTPUT,CONTEXT,,,QA: Lancashire business count is sector baseline,Devin,RESOLVED,,
REV-G2-QA051,G2-QA,CLAIM,C-G2-049,claim_type,RECODE,Devin,26/09/11,1.3-candidate,METHOD_OUTPUT,METHOD_OUTPUT,CONTEXT,,,QA: WSBH company count is sector baseline,Devin,RESOLVED,,
REV-G2-QA052,G2-QA,CLAIM,C-G2-059,claim_type,RECODE,Devin,26/09/11,1.3-candidate,METHOD_OUTPUT,METHOD_OUTPUT,CONTEXT,,,QA: Calderdale firm count is sector baseline,Devin,RESOLVED,,
REV-G2-QA053,G2-QA,CLAIM,C-G2-062,claim_type,RECODE,Devin,26/09/11,1.3-candidate,METHOD_OUTPUT,METHOD_OUTPUT,CONTEXT,,,QA: Solent business count is sector baseline,Devin,RESOLVED,,
REV-G2-QA054,G2-QA,CLAIM,C-G2-064,claim_type,RECODE,Devin,26/09/11,1.3-candidate,METHOD_OUTPUT,METHOD_OUTPUT,CONTEXT,,,QA: Hereford business count is sector baseline,Devin,RESOLVED,,
REV-G2-QA055,G2-QA,CLAIM,C-G2-066,claim_type,RECODE,Devin,26/09/11,1.3-candidate,METHOD_OUTPUT,METHOD_OUTPUT,CONTEXT,,,QA: Production Park data fragment is sector baseline,Devin,RESOLVED,,
REV-G2-QA056,G2-QA,CLAIM,C-G2-067,claim_type,RECODE,Devin,26/09/11,1.3-candidate,METHOD_OUTPUT,METHOD_OUTPUT,CONTEXT,,,QA: Surrey+ £7.2bn is sector baseline,Devin,RESOLVED,,
REV-G2-QA057,G2-QA,CLAIM,C-G2-070,claim_type,RECODE,Devin,26/09/11,1.3-candidate,METHOD_OUTPUT,METHOD_OUTPUT,CONTEXT,,,QA: LCR Music GVA is sector baseline,Devin,RESOLVED,,
REV-G2-QA058,G2-QA,CLAIM,C-G2-075,claim_type,RECODE,Devin,26/09/11,1.3-candidate,METHOD_OUTPUT,METHOD_OUTPUT,CONTEXT,,,QA: Solent/Hampshire GVA is sector baseline,Devin,RESOLVED,,
REV-G2-QA059,G2-QA,REVIEW,G2-QA-PASS2,systematic_check,REVIEW_NOTE,Devin,26/09/11,1.3-candidate,,,COMPLETED,,,"Systematic spot-check found 26 baseline measurement claims mislabelled as METHOD_OUTPUT; all reclassified to CONTEXT per codebook rule: 'A mapping report estimating regional GVA is CONTEXT with a descriptive estimate, not value created by the consultant'; same pattern found in R3 pilot claims — flagged for next pass",Devin,RESOLVED,,
REV-G2-QA060,G2-QA,CLAIM,C-R3-001,claim_type,RECODE,Devin,26/09/11,1.3-candidate,METHOD_OUTPUT,METHOD_OUTPUT,CONTEXT,,,QA: NE Scotland GVA is sector baseline not method output,Devin,RESOLVED,,
REV-G2-QA061,G2-QA,CLAIM,C-R3-002,claim_type,RECODE,Devin,26/09/11,1.3-candidate,METHOD_OUTPUT,METHOD_OUTPUT,CONTEXT,,,QA: NE Scotland workforce is sector baseline,Devin,RESOLVED,,
REV-G2-QA062,G2-QA,CLAIM,C-R3-014,claim_type,RECODE,Devin,26/09/11,1.3-candidate,METHOD_OUTPUT,METHOD_OUTPUT,CONTEXT,,,QA: GBSLEP creative economy mapped is descriptive,Devin,RESOLVED,,
REV-G2-QA063,G2-QA,CLAIM,C-R3-015,claim_type,RECODE,Devin,26/09/11,1.3-candidate,METHOD_OUTPUT,METHOD_OUTPUT,CONTEXT,,,QA: GBSLEP GVA and employment is sector baseline,Devin,RESOLVED,,
REV-G2-QA064,G2-QA,CLAIM,C-R3-030,claim_type,RECODE,Devin,26/09/11,1.3-candidate,METHOD_OUTPUT,METHOD_OUTPUT,CONTEXT,,,QA: Kirklees 2024 data coverage is descriptive,Devin,RESOLVED,,
REV-G2-QA065,G2-QA,CLAIM,C-R3-031,claim_type,RECODE,Devin,26/09/11,1.3-candidate,METHOD_OUTPUT,METHOD_OUTPUT,CONTEXT,,,QA: Kirklees 2026 economic impact is descriptive,Devin,RESOLVED,,
REV-G2-QA066,G2-QA,CLAIM,C-R3-032,claim_type,RECODE,Devin,26/09/11,1.3-candidate,METHOD_OUTPUT,METHOD_OUTPUT,CONTEXT,,,QA: Kirklees £250.9m GVA is sector baseline,Devin,RESOLVED,,
REV-G2-QA067,G2-QA,CLAIM,C-R3-034,claim_type,RECODE,Devin,26/09/11,1.3-candidate,METHOD_OUTPUT,METHOD_OUTPUT,CONTEXT,,,QA: Kirklees voluntary arts is sector baseline,Devin,RESOLVED,,
REV-G2-QA068,G2-QA,REVIEW,G2-QA-PASS2-R3,systematic_check,REVIEW_NOTE,Devin,26/09/11,1.3-candidate,,,COMPLETED,,,Extended systematic check to R3 pilot claims; 8 R3 baseline measurement claims reclassified from METHOD_OUTPUT to CONTEXT; 8 borderline R3 claims retained as METHOD_OUTPUT (describe mapping/SNA method application rather than sector baselines),Devin,RESOLVED,,
REV-G2-QA069,G2-QA,CLAIM,C-R3-009,claim_type,RECODE,Devin,26/09/11,1.3-candidate,METHOD_OUTPUT,METHOD_OUTPUT,CONTEXT,,,QA: 3847 job postings is sector baseline not method output,Devin,RESOLVED,,
REV-G2-QA070,G2-QA,CLAIM,C-R3-027,claim_type,RECODE,Devin,26/09/11,1.3-candidate,METHOD_OUTPUT,METHOD_OUTPUT,CONTEXT,,,QA: ICT/creative convergence is contextual trend not method output,Devin,RESOLVED,,
REV-G2-QA071,G2-QA,CLAIM,C-R3-038,claim_type,RECODE,Devin,26/09/11,1.3-candidate,METHOD_OUTPUT,METHOD_OUTPUT,CONTEXT,,,QA: Derby Masterplan authorship is prior context; also fixed empty project_id to P23-DERBY,Devin,RESOLVED,,
REV-G2-QA072,G2-QA,CLAIM,C-R3-038,project_id,RECODE,Devin,26/09/11,1.3-candidate,,,P23-DERBY,,,,QA: empty project_id fixed to P23-DERBY,Devin,RESOLVED,
REV-G2-QA073,G2-QA,REVIEW,G2-QA-FINAL,final_pass,REVIEW_NOTE,Devin,26/09/11,1.3-candidate,,,COMPLETED,,,"Final pass: 3 remaining R3 claims fixed (C-R3-009/027/038); C-R3-038 had empty project_id; all checks passed: EFFECT attribution, empty fields, expired options, strong verbs; 5 claims with figures but no measurement records flagged as residual; systematic baseline-as-METHOD_OUTPUT pattern now fully resolved across G2 and R3",Devin,RESOLVED,,
REV-G2-QA074,G2-QA,CLAIM,C-R3-036,project_id,RECODE,Devin,26/09/11,1.3-candidate,,,P23-DERBY,,,QA: empty project_id fixed to P23-DERBY,Devin,RESOLVED,,
REV-G2-QA075,G2-QA,CLAIM,C-R3-037,project_id,RECODE,Devin,26/09/11,1.3-candidate,,,P23-DERBY,,,QA: empty project_id fixed to P23-DERBY,Devin,RESOLVED,,
REV-G2-QA076,G2-QA,CLAIM,C-R3-036,project_id,RECODE,Devin,26/09/11,1.3-candidate,P23-DERBY,P23-DERBY,,,,REVERTED: Derby Culture Strategic Review is NOT P23-DERBY (Screen Agency Feasibility); needs new project record; RESIDUAL UNCERTAINTY,Devin,RESOLVED,,
REV-G2-QA077,G2-QA,CLAIM,C-R3-037,project_id,RECODE,Devin,26/09/11,1.3-candidate,P23-DERBY,P23-DERBY,,,,REVERTED: Derby Culture Strategic Review is NOT P23-DERBY (Screen Agency Feasibility); needs new project record; RESIDUAL UNCERTAINTY,Devin,RESOLVED,,
REV-G2-QA078,G2-QA,PROJECT,P35-DERBYMAP,project_id,CREATE,Devin,26/09/11,1.3-candidate,,,,,,Created P35-DERBYMAP for 2021 Derby Cultural Masterplan; distinct from P23-DERBY (Screen Agency) and P36-DERBYCSR (2026 bid); user confirmed three distinct Derby projects,Devin,RESOLVED,,
REV-G2-QA079,G2-QA,PROJECT,P36-DERBYCSR,project_id,CREATE,Devin,26/09/11,1.3-candidate,,,,,,Created P36-DERBYCSR for 2026 Derby Culture Strategic Review unsuccessful bid; T05-DERBY in tenders; NOT_AWARDED,Devin,RESOLVED,,
REV-G2-QA080,G2-QA,CLAIM,C-R3-036,project_id,RECODE,Devin,26/09/11,1.3-candidate,,,P36-DERBYCSR,,,project_id set to P36-DERBYCSR; option_state set to EXPIRED (unsuccessful bid),Devin,RESOLVED,,
REV-G2-QA081,G2-QA,CLAIM,C-R3-037,project_id,RECODE,Devin,26/09/11,1.3-candidate,,,P36-DERBYCSR,,,project_id set to P36-DERBYCSR; option_state set to EXPIRED (unsuccessful bid),Devin,RESOLVED,,
REV-G2-QA082,G2-QA,CLAIM,C-R3-038,project_id,RECODE,Devin,26/09/11,1.3-candidate,P23-DERBY,P23-DERBY,P35-DERBYMAP,,,CONFLATION ERROR CORRECTED: C-R3-038 is about 2021 Masterplan not Screen Agency; project_id corrected from P23-DERBY to P35-DERBYMAP,Devin,RESOLVED,,
REV-G2-QA083,G2-QA,SOURCE,SRC-R3-04,project_id,RECODE,Devin,26/09/11,1.3-candidate,,,P36-DERBYCSR,,,project_id set to P36-DERBYCSR,Devin,RESOLVED,,
REV-G2-QA084,G2-QA,SOURCE,SRC-R3-05,project_id,RECODE,Devin,26/09/11,1.3-candidate,,,P36-DERBYCSR,,,project_id set to P36-DERBYCSR,Devin,RESOLVED,,
REV-G2-QA085,G2-QA,SOURCE,SRC-R3-06,project_id,RECODE,Devin,26/09/11,1.3-candidate,,,P36-DERBYCSR,,,project_id set to P36-DERBYCSR,Devin,RESOLVED,,
REV-G2-QA086,G2-QA,SOURCE,SRC-R3-07,project_id,RECODE,Devin,26/09/11,1.3-candidate,,,P36-DERBYCSR,,,project_id set to P36-DERBYCSR,Devin,RESOLVED,,
REV-G2-QA087,G2-QA,REVIEW,G2-QA-CONFLATION,conflation_check,REVIEW_NOTE,Devin,26/09/11,1.3-candidate,,,COMPLETED,,,Systematic conflation check: all projects checked for geographic and topic mismatches; no other conflation found; Derby was the only case; rules updated to prevent recurrence,Devin,RESOLVED,,
REV-G2-QA088,G2-QA,CLAIM,C-G2-002,verification,VERIFY,Devin,26/09/11,1.3-candidate,,,,,,VERIFIED: 22% London employment figure confirmed in SRC-G2-003 Table 2 (131300 to 159700 = 21.6% rounds to 22%); 43% East London employment confirmed in Table 3 (25300 to 36200); all figures verified against baseline spreadsheet and summary report; no change needed,Devin,RESOLVED,,
REV-G2-QA089,G2-QA,CLAIM,C-G2-056,rival_explanations,ADD,Devin,26/09/11,1.3-candidate,,,,,,Added rival_explanations: CoSTAR selection involved multiple factors (Wakefield Council Production Park University of York national CoSTAR programme); CDF role is testimony-based not counterfactual; retained as EFFECT/DESCRIPTIVE per user decision C,Devin,RESOLVED,,
REV-G2-QA090,G2-QA,CLAIM,C-G2-041,option_state,RECODE,Devin,26/09/11,1.3-candidate,UNKNOWN,UNKNOWN,EXPIRED,,,option_state set to EXPIRED; final evaluation (SRC-G2-030 25/06) does not confirm 7.8:1 leverage forecast; Development Fund treated as COVID emergency support; 7.8:1 in final eval is a hypothetical scenario ratio not a realised outcome,Devin,RESOLVED,,
REV-G2-QA091,G2-QA,SOURCE,SRC-G2-030,source_id,CREATE,Devin,26/09/11,1.3-candidate,,,,,,Created source record for Liverpool City Region Production Fund Final Evaluation (25/06); extracted to SRC-LPF-FINAL_v1_full.txt; 711 paragraphs; used to verify C-G2-041 Development Fund forecast,Devin,RESOLVED,,
REV-G2-QA092,G2-QA,CLAIM,C-G2-070,review,REVIEW_NOTE,Devin,26/09/11,1.3-candidate,,,,,,No change needed; Integrated Case label already signals scenario not measured outcome; Base Case £324.7m and £81.2m gap preserved in source and notes; user decision B,Devin,RESOLVED,,
REV-G2-QA093,G2-QA,MEASUREMENT,MEAS-G2-021,notes,ADD,Devin,26/09/11,1.3-candidate,,,,,,Added methodological caveat: upper bound; £2bn relies on generic ONS regional productivity index applied to LinkedIn workforce estimate; BRES pre-pandemic; per user decision A,Devin,RESOLVED,,
REV-G2-QA094,G2-QA,PROJECT,P22-LCRFILM;P27-WAKECDF,fifth_sector_role,REVIEW_NOTE,Devin,26/09/11,1.3-candidate,,,,,,No change needed; DESIGNER;DELIVERER;EVALUATOR;LEAD_CONSULTANT retained at project level; claim-level EVALUATOR role provides the distinction between evaluation delivery and programme delivery; per user decision C,Devin,RESOLVED,,
REV-G2-QA095,G2-QA,CLAIM,C-G2-037,value_basis,ADD,Devin,26/09/11,1.3-candidate,,,OBSERVED_AMOUNT,,,value_basis set to OBSERVED_AMOUNT for METHOD_OUTPUT claim with £ figure; per user decision A,Devin,RESOLVED,,
REV-G2-QA096,G2-QA,CLAIM,C-G2-038,value_basis,ADD,Devin,26/09/11,1.3-candidate,,,OBSERVED_AMOUNT,,,value_basis set to OBSERVED_AMOUNT for METHOD_OUTPUT claim with £ figure; per user decision A,Devin,RESOLVED,,
REV-G2-QA097,G2-QA,CLAIM,C-G2-039,value_basis,ADD,Devin,26/09/11,1.3-candidate,,,OBSERVED_AMOUNT,,,value_basis set to OBSERVED_AMOUNT for METHOD_OUTPUT claim with £ figure; per user decision A,Devin,RESOLVED,,
REV-G2-QA098,G2-QA,CLAIM,C-G2-041,value_basis,ADD,Devin,26/09/11,1.3-candidate,,,SCENARIO_ESTIMATE,,,value_basis set to SCENARIO_ESTIMATE for DESIGN claim with £ figure; per user decision A,Devin,RESOLVED,,
REV-G2-QA099,G2-QA,CLAIM,C-G2-043,value_basis,ADD,Devin,26/09/11,1.3-candidate,,,DESCRIPTIVE_ESTIMATE,,,value_basis set to DESCRIPTIVE_ESTIMATE for CONTEXT claim with £ figure; per user decision A,Devin,RESOLVED,,
REV-G2-QA100,G2-QA,CLAIM,C-G2-052,value_basis,ADD,Devin,26/09/11,1.3-candidate,,,OBSERVED_AMOUNT,,,value_basis set to OBSERVED_AMOUNT for METHOD_OUTPUT claim with £ figure; per user decision A,Devin,RESOLVED,,
REV-G2-QA101,G2-QA,CLAIM,C-G2-053,value_basis,ADD,Devin,26/09/11,1.3-candidate,,,DESCRIPTIVE_ESTIMATE,,,value_basis set to DESCRIPTIVE_ESTIMATE for CONTEXT claim with £ figure; per user decision A,Devin,RESOLVED,,
REV-G2-QA102,G2-QA,CLAIM,C-G2-062,value_basis,ADD,Devin,26/09/11,1.3-candidate,,,DESCRIPTIVE_ESTIMATE,,,value_basis set to DESCRIPTIVE_ESTIMATE for CONTEXT claim with £ figure; per user decision A,Devin,RESOLVED,,
REV-G2-QA103,G2-QA,CLAIM,C-G2-067,value_basis,ADD,Devin,26/09/11,1.3-candidate,,,DESCRIPTIVE_ESTIMATE,,,value_basis set to DESCRIPTIVE_ESTIMATE for CONTEXT claim with £ figure; per user decision A,Devin,RESOLVED,,
REV-G2-QA104,G2-QA,CLAIM,C-G2-069,value_basis,ADD,Devin,26/09/11,1.3-candidate,,,SCENARIO_ESTIMATE,,,value_basis set to SCENARIO_ESTIMATE for DESIGN claim with £ figure; per user decision A,Devin,RESOLVED,,
REV-G2-QA105,G2-QA,CLAIM,C-G2-070,value_basis,ADD,Devin,26/09/11,1.3-candidate,,,DESCRIPTIVE_ESTIMATE,,,value_basis set to DESCRIPTIVE_ESTIMATE for CONTEXT claim with £ figure; per user decision A,Devin,RESOLVED,,
REV-G2-QA106,G2-QA,CLAIM,C-G2-073,value_basis,ADD,Devin,26/09/11,1.3-candidate,,,SCENARIO_ESTIMATE,,,value_basis set to SCENARIO_ESTIMATE for DESIGN claim with £ figure; per user decision A,Devin,RESOLVED,,
REV-G2-QA107,G2-QA,CLAIM,C-G2-074,value_basis,ADD,Devin,26/09/11,1.3-candidate,,,SCENARIO_ESTIMATE,,,value_basis set to SCENARIO_ESTIMATE for DESIGN claim with £ figure; per user decision A,Devin,RESOLVED,,
REV-G2-QA108,G2-QA,CLAIM,C-G2-075,value_basis,ADD,Devin,26/09/11,1.3-candidate,,,DESCRIPTIVE_ESTIMATE,,,value_basis set to DESCRIPTIVE_ESTIMATE for CONTEXT claim with £ figure; per user decision A,Devin,RESOLVED,,
REV-G2-QA109,G2-QA,REVIEW,G2-QA-VALUE-BASIS,value_basis,REVIEW_NOTE,Devin,26/09/11,1.3-candidate,,,COMPLETED,,,"Filled value_basis for 14 claims with £ figures: CONTEXT->DESCRIPTIVE_ESTIMATE, METHOD_OUTPUT->OBSERVED_AMOUNT, DESIGN->SCENARIO_ESTIMATE; per user decision A",Devin,RESOLVED,,
REV-G2-QA110,G2-QA,SOURCE,SRC-R2-12;SRC-R2-13;SRC-R2-14;SRC-R2-15,project_id,REVIEW_NOTE,Devin,26/09/11,1.3-candidate,,,,,,No project records needed; LCR Screen Sector Research is an unsuccessful bid (T04-LCRFILM); BC Art and Tech is a tender awaiting decision (T01-BCAT); these are tender pipeline items not projects; empty project_id is correct; per user confirmation,Devin,RESOLVED,,
REV-G2-QA111,G2-QA,CLAIM,C-R3-022,option_state,RECODE,Devin,26/09/11,1.3-candidate,PROPOSED,PROPOSED,EXPIRED,,,option_state corrected: P07-CC is NOT_AWARDED; notes already confirmed unsuccessful; caught in final QA verification,Devin,RESOLVED,,
REV-G2-QA112,G2-QA,PROJECT,P37-P84,project_id,CREATE,Devin,26/09/11,1.3-candidate,,,,,,Created 48 new project records (P37-P84) for post-2020 creative economy folders identified in archive triage; 46 new FS creative economy projects + Herefordshire Culture Strategy (separate from P30) + British Council MNE NM (separate from 2026 WB); review_batch=G2-BATCH-C; pre-2020 folders deferred per user instruction,Devin,RESOLVED,,
REV-G2-QA113,G2-QA,PROJECT,P38;P39;P40;P41;P42,project_id,DELETE,Devin,26/09/11,1.3-candidate,,,,,,"Dropped 5 invalid 2020 projects per user review: Creative England (P38), LCEI (P39), Liverpool Games Studios (P40), MMU SODA (P41), WCCF (P42); P37 reassigned from Creative England to Proving Services Suffolk (FHRG) per user correction",Devin,RESOLVED,,
REV-G2-QA114,G2-QA,PROJECT,P37,canonical_name,RECODE,Devin,26/09/11,1.3-candidate,Creative England Investment Programme Impact Survey,Creative England Investment Programme Impact Survey,Proving Services Suffolk (FHRG),,,P37 reassigned from Creative England to Proving Services Suffolk per user correction; FHRG Suffolk PV site analysis and business case work,Devin,RESOLVED,,
REV-G2-QA115,G2-QA,PROJECT,P44;P49,project_id,DELETE,Devin,26/09/11,1.3-candidate,,,,,,"Dropped 2 invalid 2021 projects per user review: Blackpool LFFN (P44), Heritage Alliance DASH (P49)",Devin,RESOLVED,,
REV-G2-QA116,G2-QA,PROJECT,P53;P56;P59;P60,project_id,DELETE,Devin,26/09/11,1.3-candidate,,,,,,"Dropped 4 invalid 2022 projects per user review: Stockport CI Data (P53), FACT BFI EOI (P56), WoW (P59), ixia (P60)",Devin,RESOLVED,,
REV-G2-QA117,G2-QA,PROJECT,P55,project_id,MERGE,Devin,26/09/11,1.3-candidate,,,,,,Merged P55 (ManMet CCI Report) into P21-MMUCCI; 221013 Man Met CCI reportrcibv2.docx is final deliverable from P21 commission; per user confirmation,Devin,RESOLVED,,
REV-G2-QA118,G2-QA,PROJECT,P65;P66,project_id,DELETE,Devin,26/09/11,1.3-candidate,,,,,,"Dropped 2 invalid 2023 projects per user review: ZCRI Eco-I NW (P65), Amplify Innovation Programme (P66)",Devin,RESOLVED,,
REV-G2-QA119,G2-QA,PROJECT,P67;P71,project_id,DELETE,Devin,26/09/11,1.3-candidate,,,,,,"Dropped 2 invalid 2024 projects per user review: BEYOND (P67), Northern Cultural Corridor (P71); kept P48 and P70 as separate Wakefield skills projects (2021 and 2024-25)",Devin,RESOLVED,,
REV-G2-QA120,G2-QA,PROJECT,P72;P74,project_id,DELETE,Devin,26/09/11,1.3-candidate,,,,,,"Dropped 2 invalid 2025 projects per user review: ATI BridgeAI (P72), Creative Scotland CBDP (P74)",Devin,RESOLVED,,
REV-G2-QA121,G2-QA,PROJECT,P77,project_id,DELETE,Devin,26/09/11,1.3-candidate,,,,,,Dropped Lancaster True North CICP2 Bid (P77); folder empty; per user review,Devin,RESOLVED,,
REV-G2-QA122,G2-QA,PROJECT,P82-KOTOR,canonical_name,RECODE,Devin,26/09/11,1.3-candidate,British Council Western Balkans,British Council Western Balkans,British Council Kotor Exchange Pilot (FCDO-funded),,,"Restructured per user instruction: distinguish FCDO-funded Plymouth-Kotor exchange pilot from CEC development; Kotor = ministerial meeting, Reimagining Growth event, placemaking workshops, UK delegates; COMPLETED 25/05",Devin,RESOLVED,,
REV-G2-QA123,G2-QA,PROJECT,P83-BCWB,canonical_name,RECODE,Devin,26/09/11,1.3-candidate,British Council MNE NM,British Council MNE NM,British Council Creative Economy Council Development (MNE NM + WB),,,"Restructured per user instruction: CEC development for Montenegro, North Macedonia, Albania; Berlin Process follow-up; 2026 WB continuation; separate from Kotor Exchange Pilot (P82); ACTIVE",Devin,RESOLVED,,
REV-G2-QA124,G2-QA,PROJECT,P78-BEATLES;P79-CELL;P80;P81-WB6;P82-KOTOR;P83-BCWB,lifecycle_status,UPDATE,Devin,26/09/11,1.3-candidate,,,,,,User caveat: P78-P81 work in progress; P82-P83 completed initial phase awaiting further instruction; programme_status=PHASE_COMPLETE_AWAITING_INSTRUCTION for P82/P83,Devin,RESOLVED,,
REV-G2-QA125,G2-QA,SOURCE,SRC-G2-031-SRC-G2-043,source_id,CREATE,Devin,26/09/11,1.3-candidate,,,,,,"Created 13 source records for 2020-2021 Phase 2 batch (P37, P43, P45, P46, P47, P48, P50); canonical sources extracted and scope confirmed",Devin,RESOLVED,,
REV-G2-QA126,G2-QA,PROJECT,P37;P43;P45;P46;P47;P48;P50,assessment_status,UPDATE,Devin,26/09/11,1.3-candidate,,,,,,Tier 1 coverage screening complete for 2020-2021 batch; 7 projects; 13 sources registered; scope confirmed; key documents extracted,Devin,RESOLVED,,
REV-G2-QA127,G2-QA,SOURCE,SRC-G2-044-SRC-G2-056,source_id,CREATE,Devin,26/09/11,1.3-candidate,,,,,,"Created 13 source records for 2022 Phase 2 batch (P51, P52, P54, P57, P58); canonical sources extracted and scope confirmed",Devin,RESOLVED,,
REV-G2-QA128,G2-QA,PROJECT,P51;P52;P54;P57;P58,assessment_status,UPDATE,Devin,26/09/11,1.3-candidate,,,,,,Tier 1 coverage screening complete for 2022 batch; 5 projects; 13 sources registered; scope confirmed,Devin,RESOLVED,,
REV-G2-QA129,G2-QA,SOURCE,SRC-G2-057-SRC-G2-064,source_id,CREATE,Devin,26/09/11,1.3-candidate,,,,,,"Created 8 source records for 2023 Phase 2 batch (P61, P62, P63, P64); canonical sources extracted and scope confirmed",Devin,RESOLVED,,
REV-G2-QA130,G2-QA,PROJECT,P61;P62;P63;P64-BCJ,assessment_status,UPDATE,Devin,26/09/11,1.3-candidate,,,,,,Tier 1 coverage screening complete for 2023 batch; 4 projects; 8 sources registered; scope confirmed,Devin,RESOLVED,,
REV-G2-QA131,G2-QA,SOURCE,SRC-G2-065-SRC-G2-072,source_id,CREATE,Devin,26/09/11,1.3-candidate,,,,,,"Created 8 source records for 2024 Phase 2 batch (P68, P69, P70, P84); canonical sources extracted and scope confirmed",Devin,RESOLVED,,
REV-G2-QA132,G2-QA,PROJECT,P68;P69-OURYEAR;P70;P84,assessment_status,UPDATE,Devin,26/09/11,1.3-candidate,,,,,,Tier 1 coverage screening complete for 2024 batch; 4 projects; 8 sources registered; scope confirmed; P69 Our Year evaluation is 160k chars — very substantial,Devin,RESOLVED,,
REV-G2-QA133,G2-QA,SOURCE,SRC-G2-073-SRC-G2-088,source_id,CREATE,Devin,26/09/11,1.3-candidate,,,,,,"Created 16 source records for 2025-2026 Phase 2 batch (P73, P75, P76, P78, P79, P80, P81, P82, P83); canonical sources extracted and scope confirmed; P83 BC WB report is 65k chars — very substantial",Devin,RESOLVED,,
REV-G2-QA134,G2-QA,PROJECT,P73;P75-LANC;P76;P78-BEATLES;P79-CELL;P80;P81-WB6;P82-KOTOR;P83-BCWB,assessment_status,UPDATE,Devin,26/09/11,1.3-candidate,,,,,,Tier 1 coverage screening complete for 2025-2026 batch; 9 projects; 16 sources registered; scope confirmed; WIP and phase-complete caveats preserved,Devin,RESOLVED,,
REV-G2-QA135,G2-QA,PROJECT,P37-P84,assessment_status,UPDATE,Devin,26/09/11,1.3-candidate,,,,,,Tier 1 coverage screening complete for ALL 29 Phase 2 projects; 58 sources registered (SRC-G2-031 to SRC-G2-088); all projects COVERAGE_COMPLETE; ready for Tier 2 classification,Devin,RESOLVED,,
REV-G2-025,G2-BATCH-D,MILESTONE,full_read_complete,process,COMPLETE_FULL_READ,Devin,26/09/12T01:30:00Z,1.3-candidate,,,,All G2 R2 R3 LPF and project-specific sources read in full; 561 claims; 578 evidence links; 111 sources; 65 projects,,,,
REV-G2-026,G2-BATCH-D,EVIDENCE_LINK_GAP,E-G2-430:E-G2-538,record_count,ADD_109_LINKS,Devin,26/09/12T01:30:00Z,1.3-candidate,,,,109 evidence links added for 7 projects missing from evidence_links; P46 P69-OURYEAR P83-BCWB P57 P52 P62 P22,,,,
REV-G2-027,G2-BATCH-D,SOURCE_METADATA,SRC-G2-030:SRC-G2-088,metadata,UPDATE_59_SOURCES,Devin,26/09/12T01:30:00Z,1.3-candidate,,,,59 G2-BATCH-C source records updated with derived_location extraction_quality source_review_state reviewer review_date,,,,
REV-G2-028,G2-BATCH-D,VALIDATION_ACTIONS,VAL-G2-025:VAL-G2-040,record_count,ADD_16_ACTIONS,Devin,26/09/12T01:30:00Z,1.3-candidate,,,,16 validation actions added for R2-09B GVA discrepancy P75-LANC mismatch P58 binary P68 empty WIP statuses and numeric checks,,,,
REV-G2-029,G2-BATCH-D,CLAIM_FIX,C-G2-449,option_state,EXPIRED,Devin,26/09/12T01:30:00Z,1.3-candidate,PROPOSED,PROPOSED,EXPIRED,,,P07-CC NOT_AWARDED; DESIGN claim option_state corrected,,,,
REV-G2-030,G2-BATCH-D,CLAIM_FIX,C-G2-450,option_state,EXPIRED,Devin,26/09/12T01:30:00Z,1.3-candidate,PROPOSED,PROPOSED,EXPIRED,,,P07-CC NOT_AWARDED; DESIGN claim option_state corrected,,,,
REV-G2-031,G2-BATCH-D,CLAIM_FIX,C-G2-451,option_state,EXPIRED,Devin,26/09/12T01:30:00Z,1.3-candidate,PROPOSED,PROPOSED,EXPIRED,,,P07-CC NOT_AWARDED; DESIGN claim option_state corrected,,,,
REV-G2-032,G2-BATCH-D,CLAIM_FIX,C-G2-465,claim_type,CONTEXT,Devin,26/09/12T01:30:00Z,1.3-candidate,METHOD_OUTPUT,METHOD_OUTPUT,CONTEXT,,,Birmingham LQ is sector baseline not method output; value_basis=DESCRIPTIVE_ESTIMATE,,,,
REV-G2-033,G2-BATCH-D,CLAIM_FIX,C-G2-480,claim_type,CONTEXT,Devin,26/09/12T01:30:00Z,1.3-candidate,METHOD_OUTPUT,METHOD_OUTPUT,CONTEXT,,,Beauhurst company count is sector baseline not method output; value_basis=DESCRIPTIVE_ESTIMATE,,,,
REV-G2-034,G2-BATCH-D,SOURCE_FLAG,SRC-G2-056,extraction_quality,BINARY,Devin,26/09/12T01:30:00Z,1.3-candidate,,,,Plymouth NMP Digital Strategy; 22MB binary PDF; no extractable text,,,,
REV-G2-035,G2-BATCH-D,SOURCE_FLAG,SRC-G2-065,extraction_quality,EMPTY,Devin,26/09/12T01:30:00Z,1.3-candidate,,,,WYCA proposal; 0 bytes; empty file; no content,,,,
REV-G2-036,G2-BATCH-D,SOURCE_FLAG,SRC-G2-074,extraction_quality,MISMATCH,Devin,26/09/12T01:30:00Z,1.3-candidate,,,,Lancaster AHRC CIC; filename/content mismatch; Liverpool MusicFutures email content,,,,
REV-G2-037,G2-BATCH-D,VALIDATION_ACTIONS,07_validation_actions,header_fix,REMOVE_DUPLICATE_HEADER,Devin,26/09/12T01:30:00Z,1.3-candidate,,,,Duplicate header row removed from validation_actions CSV,,,,
REV-G2-038,G2-BATCH-D,USER_CONFIRMATION,P76,project_status,NOT_AWARDED,Devin,26/09/12T02:00:00Z,1.3-candidate,ACTIVE,ACTIVE,NOT_AWARDED,,,Lancaster Horizon bid submitted unsuccessful due to project management; methodology scored highly; 8 DESIGN claims option_state set to EXPIRED; Iain confirmed,,,,
REV-G2-039,G2-BATCH-D,USER_CONFIRMATION,P78-BEATLES,project_status,IN_PROGRESS,Devin,26/09/12T02:00:00Z,1.3-candidate,IN_PROGRESS,IN_PROGRESS,IN_PROGRESS,,,Beatles Impact Study still in progress; Iain confirmed 26/09/12,,,,
REV-G2-040,G2-BATCH-D,USER_CONFIRMATION,P79-CELL,project_status,DELIVERED,Devin,26/09/12T02:00:00Z,1.3-candidate,IN_PROGRESS,IN_PROGRESS,DELIVERED,,,CELL Business Case report finalised; additional CoSTAR Showcase lab data rendering pending instruction from Loughborough University London; Iain confirmed,,,,
REV-G2-041,G2-BATCH-D,USER_CONFIRMATION,P80,project_status,ACTIVE,Devin,26/09/12T02:00:00Z,1.3-candidate,IN_PROGRESS,IN_PROGRESS,ACTIVE,,,Southampton Forward Strategic Review commission awarded; work ongoing; Iain confirmed,,,,
REV-G2-042,G2-BATCH-D,USER_CONFIRMATION,P81-WB6,project_status,IN_PROGRESS,Devin,26/09/12T02:00:00Z,1.3-candidate,IN_PROGRESS,IN_PROGRESS,IN_PROGRESS,,,WB6 Creative Economy Pulse PoC draft resubmitted with methodology clarifications; awaiting client confirmation; Iain confirmed,,,,
REV-G2-043,G2-BATCH-D,USER_CONFIRMATION,P83-BCWB,project_status,PHASE_COMPLETE_AWAITING_INSTRUCTION,Devin,26/09/12T02:00:00Z,1.3-candidate,ACTIVE,ACTIVE,PHASE_COMPLETE_AWAITING_INSTRUCTION,,,BC Western Balkans programme phase complete; still awaiting instruction for next phase; Iain confirmed,,,,
REV-G2-044,G2-BATCH-D,USER_CONFIRMATION,SRC-R2-09B,consistency,PRESERVE_BOTH,Devin,26/09/12T02:00:00Z,1.3-candidate,,,,,LCR DCI GVA discrepancy; both £4.0bn main text and £4.5bn appendix are modelled estimates; preserve both with discrepancy flag; Iain confirmed,,,,
REV-G2-045,G2-BATCH-D,SOURCE_FIX,SRC-G2-065,extraction_quality,COMPLETE,Devin,26/09/12T02:00:00Z,1.3-candidate,EMPTY,EMPTY,COMPLETE,,,WYCA proposal re-extracted from 240128 WYCA CCI outline draft proposal.docx; 9854 chars; Iain confirmed,,,,
REV-G2-046,G2-BATCH-D,SOURCE_FIX,SRC-G2-056,extraction_quality,COMPLETE,Devin,26/09/12T02:00:00Z,1.3-candidate,BINARY,BINARY,COMPLETE,,,Plymouth NMP Digital Strategy re-extracted with PyPDF2; 2334 chars; diagram-like content; Iain confirmed,,,,
REV-G2-047,G2-BATCH-D,SOURCE_INVESTIGATION,SRC-G2-074,mismatch,UNRESOLVED,Devin,26/09/12T02:00:00Z,1.3-candidate,MISMATCH,MISMATCH,MISMATCH,,,Lancaster AHRC CIC archive folder does not contain actual report; .eml is Liverpool MusicFutures email; no separate Lancaster report found; 2026 Lancaster True North CICP2 bid is different project; Iain confirmed,,,,
REV-G2-048,G2-BATCH-D,SOURCE_CORRECTION,SRC-G2-074,source_identity,CORRECTED,Devin,26/09/12T02:30:00Z,1.3-candidate,MISMATCH,MISMATCH,COMPLETE,,,Original .eml was misfiled Liverpool MusicFutures email; actual Lancaster AHRC CIC document is TRUENORTH_160726l.pdf (True North AHRC Creative Cluster Application APP114872, 60 pages, 26/07); Fifth Sector is WP6 M&E partner; source register corrected,,,,
RH-26-09-12-QA-COMPLETE,26/09/12,Devin + Iain,QA completion and validation action resolution,"All 63 validation actions resolved: 24 spot-checks completed, 8 Iain confirmations received, 3 methodological evaluations completed, 1 web search (Derby film office), 2 project status updates (P73 COMPLETE_NOT_CLOSED, P82 PHASE_COMPLETE_AWAITING_INSTRUCTION, P75 BID_SUBMITTED); index cards updated for P04-P09; all claims verified against source; no unresolved blockers remain",v1.3,QA-COMPLETE
RH-26-09-12-R3-CARDS,26/09/12,Devin + Iain,R3 card consistency walkthrough (P04-P09),"Six index cards confirmed REVIEWED via one-by-one consistency walkthrough. Key resolutions: P04 Fifth Sector co-lead with Jonathan Todd (BOP); P05 BOP_ASSOCIATE arrangement (fees to Fifth Sector; register updated); P06+P07 framework design confirmed as Fifth Sector contribution (innovation claims verified); P08 precedent STRONG / evidence MEDIUM split; P09 paid commission, challenges paper never finalised. Register semantics confirmed: all work paid to Fifth Sector; contracting_role distinguishes lead/subcontractor/associate arrangement. Skills family committed to ProjectClassifier repo and global library.",v1.4,R3-CARDS-REVIEWED
RH-26-09-12-SCHEMA-REPAIR,26/09/12,Devin,Register schema-drift repair,"15 pilot rows (P01-P15) in 01_projects.csv had role/evidence values shifted into wrong columns by legacy schema migration. Realigned all 15: contracting_role, prime_contractor, relationship_evidence, review_status=REVIEWED, codebook_version=1.3-candidate, review_batch=R3-PILOT; stray notes text moved from parent_project_id to notes. 74 claim fields realigned in 04_claims.csv (P05 SUBCONTRACTOR→BOP_ASSOCIATE etc.). Backups: 01_projects.csv.bak, 04_claims.csv.bak. Found via SHELDON check during five-agent card QA.",v1.4,SCHEMA-REPAIRED
RH-26-09-12-R3-CARDS-REMAINING,26/09/12,Devin + Iain,"R3 card walkthrough completion (P01, P02, P03, P10)","Remaining four pilot cards populated from verified claims and confirmed REVIEWED. P01-NES: four-tier workforce model framing confirmed, contract NOT_DISCLOSED. P02-FGTG: devolved funding option exercise unknown, contract £25k. P03-MITIH: MITIH name corrected (Innovate UK-funded hub at MediaCityUK, not UoS initiative); 25/06 report REJECTION for recommendations now recorded (Oct 24 reconciliation accepted); gated sequence not exercised; contract £25k. P10-KIRK: council use informal/unevidenced (option NOT exercised); 2026 cycle pending; contract £10k per cycle. All ten pilot cards now REVIEWED.",v1.4,R3-CARDS-COMPLETE
RH-26-09-12-PERMISSIONS,26/09/12,Devin + Iain,Tender-citation permissions + bid outcome corrections,"All 10 pilot projects cleared for APPROVED_NAMED tender citation (TENDER_ONLY, not website — separate gate stands). Publication assets register created with 10 rows incl. per-project wording. Material corrections: P06-COSTAR and P07-CC were SHORTLISTED not simply failed — Fifth Sector frameworks performed at submission stage; consortiums lost at later stage. P06 lifecycle→SHORTLISTED_NOT_AWARDED, precedent WEAK→MODERATE. P07 same. Register semantics: failed-bid vs rejected-recommendation distinction recorded (P03 was recommendation rejection on completed work, not failed bid). project_index.csv created (65 rows).",v1.5,PERMISSIONS-CLEARED
RH-26-09-12-LIVEWORK-QA,26/09/12,Devin,Live-work templates SHELDON+SKiN review,"Bid submission record + project management record templates created; milestone prompts converted to self-contained checklist per Iain. SHELDON: PARTIALLY PROVEN (all artefacts exist, triggers convention-based, records await first live event). SKiN: FRICTION→cleared — fixed ID-scheme contradiction (T-NN aligned to 08_tenders) and undefined register-row rule (commissioned bid work gets project row per P06/P07 precedent). tools/regenerate_index.py persisted with built-in schema-drift check.",v1.5,LIVEWORK-TEMPLATES-QA
RH-26-09-12-DATES,26/09/12,Devin,Date normalisation to YY/MM/DD + tenders schema repair,"All registers, cards, changelogs, audit docs and templates normalised to YY/MM/DD (YY/MM month-precision, YY year-only in date fields, YY/MM/DDT timestamps). extracted_text/ left verbatim. ~2,300 conversions via tools/normalise_dates.py (persisted). Also repaired 08_tenders.csv schema drift: T02/T03/T04 extra empty field at position 34 shifting tail values +1; all rows now 38 fields. Convention added to AGENTS.md.",v1.5,DATE-NORMALISED
RH-26-09-12-SWEEP,26/09/12,Devin,Drive sweep agent installed,"tools/drive_sweep.py + sweep_config.json: periodic Drive scanner classifying register gaps (unregistered projects/sources, possible tenders, drift, placeholders). launchd weekday 09:00. Baseline: 24,511 files; CS Salaries (69 files) unregistered — flagged for Iain decision; drive_folder_path filled for P75/P78/P79/P80/P81/P82/P83. Session-start rule added to AGENTS.md.",v1.5,SWEEP-INSTALLED
RH-26-09-12-DOCS,26/09/12,Devin,Sweep README + protocol draft,tools/README_sweep.md for Jon testing; naming_and_transition_protocol.md drafted (move-not-duplicate recommendation; open questions for Iain/Jon),v1.5,DOCS-DRAFTED
RH-26-09-12-PROPOSALS,26/09/12,Devin + Iain,Active proposals triage + registration,"Protocol approved (move/Proposal/one-time tidy). No Active proposals are won/live — all stay put. 7 unregistered proposals registered as T06-T12 with bid records; inferences marked for confirmation. Naming fixes: Maritime Belfast trailing space, BEYOND file filed.",v1.5,PROPOSALS-REGISTERED
RH-26-09-12-T01TEST,26/09/12,Devin,Live tender test T01-BCAT,"Toolkit run on live UK_1412 bid: 10 cited claims verified vs register incl. Liverpool £406m/£780m confirmed vs canonical; caught 2 unregistered cited projects (AMGEN, CS Salaries), P64/P69 possible duplicate, missing T01 bid record (created), FGTG wording flag. Clarifications intel: UK-return priority, 50% commercial weighting flagged.",v1.5,TEST-COMPLETE
RH-26-09-12-REGFIX,26/09/12,Devin + Iain,Cited-but-unregistered projects registered,"P85-AMGEN: DIRECT_PROPOSAL to USW (Iain confirmed — PRIME not subcontractor). P86-CSSAL: CS Salary Benchmarking registered, award status flagged. P64/P69 cross-linked as distinct commissions. T01 bid record updated.",v1.5,REGISTERED
RH-26-09-12-CSSAL,26/09/12,Iain,P86-CSSAL preferred bidder,"Creative Scotland letter: preferred bidder, award after standstill ends 26/09/18. Lifecycle→PREFERRED_BIDDER; confirmation triggers PM record + card.",v1.5,STATUS-UPDATED
RH-26-09-12-P64,26/09/12,Iain,"P64-BCJ decoded: Business Case Justification, WYCA funding confirmed",BCJ=Business Case Justification; delivered+successful — WYCA confirmed funding to Wakefield Council (option exercised). P64 dates corrected; claim C-R4-001 added; P64/P69 confirmed distinct sequential commissions.,v1.5,RESOLVED
RH-26-09-12-FGTG,26/09/12,Iain,P02 client arrangement confirmed,Man Met commissioned + PMd on behalf of GM partners and universities. T01 wording flag resolved with recommended edit.,v1.5,CONFIRMED
RH-26-09-12-AMGEN,26/09/12,Iain,"P85-AMGEN completed: £10k direct proposal, USW outcome pending",USW shortlisted; Fifth Sector direct proposal accepted £10k incl VAT; Places evidence delivered for full submission; awaiting consortium outcome. Claim C-R4-002.,v1.5,COMPLETED
RH-26-09-12-T01SUB,26/09/12,Iain,T01-BCAT submitted,UK_1412 bid submitted ahead of 26/09/26 deadline; docs frozen. Awaiting outcome — trigger armed for bid record §5-6 + lessons.,v1.5,SUBMITTED
RH-26-09-12-QA2,26/09/12,Devin,Agents re-review + closure automation,"Sweep tuple/list bug fixed (24,501 false deltas); dead code + stale example + README path + ID format fixed; blindspots documented; pre-commit hook installed enforcing CHANGELOG+audit+history on every commit.",v1.5,QA-PASS
RH-26-09-12-JON,26/09/12,Devin,Jon access note,tools/JON_ACCESS.md: web-Drive (jon@thefifthsector.co.uk) canonical route; share-link/file-ID convention for Places; scripts need local mount so remain Iain-side.,v1.5,DOC
RH-26-09-12-JONFOLD,26/09/12,Devin,Jon docs folded + tenders matching,JON_SWEEP_GUIDE.md replaces two docs; sweep now matches proposals folders to 08_tenders (TENDER_FILE); drive-folder notes on T01/T02.,v1.5,DOCS+FIX
RH-26-09-12-BATCHB,26/09/12,Devin,Batch B: 6 priority cards + repo push,"Repo pushed (16 commits). Cards: P81-WB6, P82-KOTOR (dates corrected 25→26), P83-BCWB, P27-WAKECDF, P64-BCJ, P69-OURYEAR. All DRAFT pending walkthrough; flags logged. Index regenerated.",v1.5,CARDS-DRAFT
RH-26-09-12-P82FIX,26/09/12,Iain + Devin,P82-KOTOR date error corrected,"Iain: two Berlin Process events (Kotor 2025, Herceg Novi 2026). Reverted register+sources to 25/05; 2026 materials flagged as follow-on phase TBC.",v1.5,CORRECTED
RH-26-09-12-CECARC,26/09/12,Iain,P82-KOTOR/P83-BCWB = one CEC programme arc,"Kotor 2025 + Herceg Novi 2026 + council development confirmed as same Creative Economy Councils work, all phase-complete awaiting instruction.",v1.5,CONFIRMED
RH-26-09-12-B2,26/09/12,Devin,Batch B2 — 6 index cards,"P33,P22,P75,P16,P78,P79 — citation-value cluster. P79 lifecycle inconsistency flagged.",v1.5,DRAFT_CARDS
RH-26-09-12-REVFIX,26/09/12,Devin+Iain,Card challenges 1-3 resolved,P22+P27 canonical sources extracted & verified (incl. OneDrive archive); P81 figures verified in client-note table; Green Book provenance = team credentials not report label; FTE inconsistency specified,v1.5,FIXED
RH-26-09-12-CH4-9,26/09/12,Devin+Iain,Card challenges 4-9,P16 £61m verified via UKRI; P33 £75m verified (review false positive); P75 remittance removed; P69 adoption REPORTED; P82 FCDO user-confirmed; P64 user-confirmed,v1.5,FIXED
RH-26-09-12-CITE,26/09/12,Iain+Devin,Two-field citation model adopted,"citation_status + reference_permission replace ""APPROVED via use""; applied to 12 cards + template + codebook + AGENTS.md; P75 £10k confirmed; P79 lifecycle fixed",v1.5,RULE_CHANGE
RH-26-09-12-REMIT,26/09/12,Iain+Devin,P75-LANC remittance verdict reversed,"lu_remittance_advice_8032520.pdf found on OneDrive — £1,499.70 paid 26/05/08 vs INV-1357; fabrication verdict wrong; source registered; £10k vs £1,499.70 TBC",v1.5,CORRECTION
RH-26-09-12-EXTRACT,26/09/12,Devin,13 claim-linked sources extracted,"All claim-linked sources now have extracts; 2 canonical corrections (WMGC v2a, Herefordshire FINAL); register integrity checks pass",v1.5,EVIDENCE_COMPLETE
RH-26-09-12-SECTIONB,26/09/12,Devin,Section B source registration complete,11 sources + 5 claims + 6 evidence links for P35/P85/P86; P85 drive_folder_path fixed; VERSION_AMBIGUITY added to sweep agent + guide + AGENTS.md extraction rules,v1.5,EVIDENCE_COMPLETE
RH-26-09-12-SCORES,26/09/12,Devin,P86 outcome letter + score-capture rule,SRC-R5-013 registered; T13-CSSAL tender row created; 92.83% weighted score verified arithmetically; score logging now mandatory for won+lost bids,v1.5,EVIDENCE_COMPLETE
RH-26-09-12-SECTIONC,26/09/12,Iain+Devin,All five Section C inconsistencies resolved,P27 160FTE; P75 remittance=P87 workshop (new project); P22 interim/final reconciled; P08 4.0bn; P06 2022-2025; P87-TRUENORTH + SRC-R5-014 registered,v1.5,CORRECTION
RH-26-09-12-SECTIOND,26/09/12,Iain+Devin,P64-BCJ/P69-OURYEAR verification,WYCA £850k per report budget (vs £800k public record); letter EXTERNAL_HELD Council; PO 6040004958 registered SRC-R5-015; P69 adoption right-sized to offer-of-template + committee-noting,v1.5,CORRECTION
RH-26-09-12-SECTIONE,26/09/12,Iain+Devin,Section E date corrections,P86 standstill 26/09/18 is future event not yet confirmable; T01 start Sep/Oct 2026 PROVISIONAL subject to contract per milestones doc,v1.5,CORRECTION
RH-26-09-12-P79P85,26/09/12,Iain+Devin,P79-CELL lifecycle + Showcase deadline,P79=REPORTING_COMPLETE awaiting client clarification; AHRC Showcase deadline 26/10/29 16:00 = hard stop; P85 outcome AHRC-discretion; T14 registered,v1.5,CORRECTION
RH-26-09-12-WALKTHROUGH,26/09/12,Iain+Devin,12 draft cards walked + permission tracker,Contracting corrected on 6 cards; P16 capped at contributed-to; 11_permission_requests.csv created (9 asks); contract-practice rule added,v1.5,REVIEWED
RH-26-09-12-CASCADE,26/09/12,ID_CASCADE,P64;P69;P75;P78;P79;P81;P82;P83,project_id,RENAME,Devin,26/09/12,v1.5,,,P64-BCJ;P69-OURYEAR;P75-LANC;P78-BEATLES;P79-CELL;P81-WB6;P82-KOTOR;P83-BCWB,,,"Bare IDs upgraded to suffixed convention; FKs cascaded (claims 87 fields, sources 17, projects 17); card orphans resolved; record_id/source_ids updated, prose verbatim",,DONE,,
RH-26-09-12-CARDS,26/09/12,CARD_BATCH,ALL,index_cards,CREATE,Devin,26/09/12,v1.5,,,46 PROVISIONAL cards,,,All outstanding cardless projects carded in 6 batches; 68/68 coverage; permission tracker +26 asks; unresolved items collated for Iain,,DONE,,
RH-2319,ALL,corpus,Five-gate corpus review: THAD/SKiN/WISHFUL/deepthink/blindspot,corpus_gate_review_260912.md,PASS,26/09/12,,,Devin,26/09/12,58ebd18,v1.5,,CORPUS-GATE
RH-26-09-16-AGENTHARNESS,,PROTOCOL,agent_harness_protocol,,CREATE,Devin,26/09/16T00:00:00Z,v1.5,,,PROPOSED,,,"Alpha (ChatGPT) lead/plan and GLM (GLM-5.2) sidekick/implementation harnessed as a documented protocol; standing rule that no external agent writes to a register; phase 2 API integration deferred pending Iain approval",,PROPOSED,,
RH-26-09-16-SKININDEX,,INDEX,project_index,precedent_strength;citation_status;cleared_for_use;arc_tags,UPDATE,Devin,26/09/16T00:00:00Z,v1.5,,free-text precedent_strength; citation fields absent from index,controlled vocabulary + derived cleared_for_use gate + arc_tags,,,"SKiN corrections 1-3 from corpus_gate_review_260912: indexer now normalises precedent_strength (original wording retained in precedent_note), surfaces citation_status/reference_permission/reference_status, derives cleared_for_use with a named blocker, and tags multi-project geographies. Finding: cleared_for_use=NO for all 68 because the 10 REVIEWED pilot cards predate the two-field citation model and carry no citation_status; migration needs Iain's per-card call",,PROVISIONAL,RH-2319,
RH-26-09-16-CITSTATUS,R3-PILOT,CARD,P01-NES..P10-KIRK,citation_status,CREATE,Devin,26/09/16T00:00:00Z,v1.5,,(absent — cards predate two-field citation model),"DELIVERED_WORK (all 10, with attribution caveats in value)",,09_publication_assets.csv PUB-P01..PUB-P10; 01_projects.csv lifecycle_status,"Ten REVIEWED pilot cards migrated onto the 26/09/12 two-field citation model. PUBLIC_REPORT rejected for all ten: publication assets record TENDER_ONLY_NOT_WEBSITE and no web-published version is evidenced. reference_permission untouched. New cleared_scope=TENDER_ONLY prevents cleared_for_use=YES being read as website clearance. Derived by Devin, pending Iain confirmation",,PROVISIONAL,RH-26-09-16-SKININDEX,
RH-26-09-16-DRIVESYNC,OPS,SYNC,spillover-toolkit (Drive canonical),,UPDATE,Devin,26/09/16T04:04:00Z,v1.5,,(Drive at pre-session state for 26 files),"26 files copied to Website 2026/spillover-toolkit; rclone check --download: 26 matching, 0 differences",,Website 2026/spillover-toolkit,"Canonical Drive re-synced after the credential route changed from service account (blocked by org policy iam.disableServiceAccountKeyCreation) to an rclone OAuth token held as org secret RCLONE_DRIVE_TOKEN. Pre-write drift check found the replaced files byte-identical to the pre-session repo version, so no Drive-side edit was overwritten. Copy only, explicit file list, no deletions",,APPLIED,RH-26-09-16-CITSTATUS,
RH-26-09-16-SHAREDDRIVE,OPS,SYNC,spillover-toolkit (Drive canonical),,UPDATE,Devin,26/09/16T04:30:00Z,v1.5,,My Drive/Website 2026/spillover-toolkit; access via personal OAuth token,Shared drive 'Fifth Sector Project Classifier'/spillover-toolkit; access via dwvin-drive service account (Content manager),,Shared drives/Fifth Sector Project Classifier/spillover-toolkit,"Canonical moved to a shared drive so Devin's Drive writes run as a scoped robot account rather than Iain's personal token. Service accounts cannot own files in a personal My Drive (storageQuotaExceeded), so the shared drive is the enabling change; the org-policy exemption for iam.disableServiceAccountKeyCreation only allowed the key to exist. File IDs preserved by moving rather than copying. Sweep config/state and Jon-facing path docs updated; 26-file content check passes via the new remote",,APPLIED,RH-26-09-16-DRIVESYNC,
RH-26-09-16-SWEEP,P78-BEATLES;P81-WB6,SWEEP,Drive sweep 26/09/16,"3 sources registered (SRC-R5-016/017/018); P78 card corrected (2016 authorship, net vs gross, repeat-measurement → baseline-update); C-G2-280 linked",sweep_reports/SWEEP-260916-0541.md,PASS,26/09/16,,,Devin,26/09/16,1695bfd,v1.5,,SWEEP-260916
RH-26-09-16-BATCH,P78-BEATLES,BATCH_REGISTER,142 Beatles sources batch-registered (SRC-R5-019..160),"Full folder inventory: 25 transcripts, 11 summaries, 11 guides, 22 Summit, 39 data, 6 working papers, 6 method notes, 4 research, 2 report drafts, 2 contract docs",02_sources.csv,PASS,26/09/16,,,Devin,26/09/16,eb2674d,v1.5,,SWEEP-260916
RH-26-09-23-SWEEP,P87-TRUENORTH;P80;T15-T20,SWEEP,Drive sweep 26/09/23,P87 AHRC assessment timeline; P80 folder path; T15 Liverpool Digital; T16-T20 lost tenders; 6 sources registered,sweep_reports/SWEEP-260923-1415.md,PASS,26/09/23,,,Devin,26/09/23,0204656,v1.5,,SWEEP-260923
RH-26-10-07-SWEEPFIX,tools/sweep-infra,INFRA_REPAIR,Sweep scheduler + catch-up run,"Repointed launchd/config/script paths to ProjectClassifier; loud-failure wrapper (SWEEP_FAILED, LAST_RUN_OK heartbeat, banner); remote trigger poller (sweep_requests, 300s); catch-up sweep SWEEP-261007-2036 (25304 files, 19 unreg projects, 54 tenders, 296 unreg sources)",sweep_reports/SWEEP-261007-2036.md,PASS,26/10/07,,,Devin,26/10/07,,v1.5,,SWEEP-261007
RH-26-10-07-T21,T21-CSFI,TENDER_REGISTER,Creative Scotland Frameworks of Impact ITT,"Tender registered (TRIAGE, BID recommended); brief extracted (SRC-R5-171); intel captured: TAA liquidation/Towell, TFCC LGA framework; positioning analysis delivered",08_tenders.csv;02_sources.csv;extracted_text/SRC-R5-171_v1_full.txt,PASS,26/10/07,,,Devin,26/10/07,,v1.5,,SWEEP-261007
RH-26-10-07-T21B,T21-CSFI,TENDER_UPDATE,Towell partner profile,"blockers/notes updated: Towell = CEO Creative Innovation 4 Good, ex-TAA Director Creative Economy & Policy, co-directed UKRI National Cultural Data Observatory blueprint; action: ask him re Audience Finder/NDCO disposition before CAN question",08_tenders.csv,PASS,26/10/07,,,Devin,26/10/07,,v1.5,,SWEEP-261007
RH-26-10-07-T21C,T21-CSFI,TENDER_UPDATE,NCDO live + collaborator candidates,"ncdo.org.uk confirmed operating; NCDO explicitly aligns to LGA/CLOA NCF — measurement layer is the gap in the emerging stack; eticlab + mycake logged as collaborator/co-opetition candidates",08_tenders.csv,PASS,26/10/07,,,Devin,26/10/07,,v1.5,,SWEEP-261007
RH-26-10-07-T21D,T21-CSFI,TENDER_UPDATE,CAN questions + Towell note drafted,"8 CAN questions filed to tender folder for PCS submission before 26/10/16; Towell named-associate approach note drafted",08_tenders.csv;Drive tender folder,PASS,26/10/07,,,Devin,26/10/07,,v1.5,,SWEEP-261007
RH-26-10-07-T21E,T21-CSFI,TENDER_UPDATE,NCDO consortium intel,"Iain-Towell conversation ~26/09: Towell close to NCDO continuation deal with MyCake + Etic — trio treated as unit; bid shape TFS prime + trio + Scotland policy specialist; note rewritten as follow-up",08_tenders.csv,PASS,26/10/07,,,Devin,26/10/07,,v1.5,,SWEEP-261007
RH-26-10-07-T21F,T21-CSFI,TENDER_UPDATE,Towell note v2 post-Sched4,"Probity form requires named roles + % shares for each member (consortium or subcontract); QS2 wider-sector criterion strengthens NCDO pitch; note updated",08_tenders.csv,PASS,26/10/07,,,Devin,26/10/07,,v1.5,,SWEEP-261007
RH-26-10-07-T21G,T21-CSFI,TENDER_UPDATE,CAN revised post-consortium,"Q3 held pending Towell call (drop if consortium holds TAA assets); Q9 insurance-structure question added; no-NCDO-in-CAN rule logged",08_tenders.csv,PASS,26/10/07,,,Devin,26/10/07,,v1.5,,SWEEP-261007
RH-26-10-07-T22A,T22-VAIMP,TENDER_REGISTER,V&A impact study ITT registered,"£60k cap, deadline 26/10/19 10:00, sequential kill-gate (case studies first); IIPP/spillover framing = strong method fit; TRIAGE→BID recommended pending decision",08_tenders.csv;02_sources.csv,PASS,26/10/07,,,Devin,26/10/07,,v1.5,,SWEEP-261007
RH-26-10-07-T22B,T22-VAIMP,ANALYSIS,Solo vs collaboration review,"Recommended hybrid: TFS prime + named associates via lead+subs PQQ route; solo passes case-study gate but leaves team/blend marks; full consortium only if deal done by ~14/10",08_tenders.csv,PASS,26/10/07,,,Devin,26/10/07,,v1.5,,SWEEP-261007
RH-26-10-07-P78,P78-BEATLES,STATUS_UPDATE,Beatles marked delivered,"lifecycle_status→COMPLETED 26/10/07 (Iain-confirmed); citation_status→DELIVERED_WORK; card + index regenerated; referee permission still needed for T22 sheet",01_projects.csv;project_index_cards/P78_BEATLES_index_card.md,PASS,26/10/07,,,Devin,26/10/07,,v1.5,,SWEEP-261007
RH-26-10-07-ONT,CASE_STUDY_ONTOLOGY,ANALYSIS,Team review of case-study selection scheme,"sheldon/grey/thad/wishful: gate fields partially populated (contracting_role 26/68 empty, citation_status 10/68 missing); domains must be demand-led/open; composition split from selection; register debt logged",01_projects.csv;03_methods.csv;project_index_cards/,PASS,26/10/07,,,Devin,26/10/07,,v1.5,,SWEEP-261007
RH-26-10-07-CICP,CICP2_OUTCOMES,CORRECTION,User-supplied outcomes for two CICP2 bids,P87-TRUENORTH not shortlisted→NOT_AWARDED; P85-AMGEN shortlisted for next round→notes updated; P75-LANC flagged as delivered commission mislabelled as bid,01_projects.csv;project_changelogs/P85_AMGEN_changelog.md;project_changelogs/P87_TRUENORTH_changelog.md,PASS,26/10/07,,,Devin,26/10/07,,v1.5,,SWEEP-261007
RH-26-10-07-P75,P75-LANC,CORRECTION,Reclassified bid row as delivered commission,"lifecycle COMPLETED; fee <£5k Iain-confirmed; card rewritten separating commission from P87 bid narrative; DELIVERED_WORK citation",01_projects.csv;project_index_cards/P75_LANC_index_card.md;project_index.csv,PASS,26/10/07,,,Devin,26/10/07,,v1.5,,SWEEP-261007
RH-26-10-07-AMGEN,P85-AMGEN,UPDATE,Method-transfer framing applied to card,"Iain: AMGEN bears weight as client-adopted+validated method evidence despite sub-£5k scale; scheme gains method_transfer signal; P87 sibling contrast noted",project_index_cards/P85_AMGEN_index_card.md;project_changelogs/P85_AMGEN_changelog.md,PASS,26/10/07,,,Devin,26/10/07,,v1.5,,SWEEP-261007
RH-26-10-07-SYNC,AGENTS_REPO_SYNC,RULE_CHANGE,Push-to-remote now standing instruction,"AGENTS.md repo-sync rule amended: push origin/main required each register-changing session; caught 15-commit drift",AGENTS.md,PASS,26/10/07,,,Devin,26/10/07,,v1.5,,SWEEP-261007
RH-26-10-07-DECDOC,case_study_selection_decision.md,CREATE,Decision-state document for case-study scheme,"Ontology + classification scheme + 4 storage options + decision state captured standalone; no implementation committed",case_study_selection_decision.md,PASS,26/10/07,,,Devin,26/10/07,,v1.5,,SWEEP-261007
RH-26-10-07-TVCA,T23-TVBTV,REGISTER,Tender registered from new Drive folder,"TVCA PROC-0881 7-lot framework; Lot 4 creative/cultural primary fit; presentation-decides award structure; deadline 26/10/30",08_tenders.csv;02_sources.csv,PASS,26/10/07,,,Devin,26/10/07,,v1.5,,SWEEP-261007
RH-26-10-07-T23R,T23-TVBTV,ANALYSIS,Full team review of go/no-go,"Routes ranked: consortium-partner > Lot7-prime > no-bid > Lot4-prime; P46/P68 identified as credibility offer; FVRA gate flagged",08_tenders.csv,PASS,26/10/07,,,Devin,26/10/07,,v1.5,,SWEEP-261007
RH-26-10-07-ACCTS,company_accounts,CREATE,Filed accounts archived + FVRA ratios computed,"3 years saved; margin 20-36%, acid 1.22-1.44, net cash all years; turnover ratio flagged as binding constraint on lot size",company_accounts/,PASS,26/10/07,,,Devin,26/10/07,,v1.5,,SWEEP-261007
RH-26-10-07-CREDIT,company_accounts,UPDATE,External credit signals checked,"CompanyRank 80/100; DataGardener low risk; no CCJs; filings current; Creditsafe score pending manual lookup",company_accounts/accounts_summary.md,PASS,26/10/07,,,Devin,26/10/07,,v1.5,,SWEEP-261007
RH-26-10-07-LPFSPLIT,S-261007,SPLIT,P22-LCRFILM;P88-LCRPF24,project_id;drive_folder_path;controlled_location,SPLIT,Devin,26/10/07T22:55:00,1.3-candidate,P22-LCRFILM held interim (2021) and final (2024-25) evaluation,,P22-LCRFILM = 2021 interim; P88-LCRPF24 = 2024-25 final; SRC-G2-030 reassigned and relocated,SRC-G2-017;SRC-G2-030,,"Iain instruction 26/10/07: two project folders (2021, 2024); different year, deliverable and evidence base",,PROVISIONAL,,P88-LCRPF24
RH-26-10-07-MUSLAB,S-261007,REGISTER,P89-LIVMUSLAB,project_id;claim project_id,CREATE,Devin,26/10/07T23:30:00,1.3-candidate,,,P89-LIVMUSLAB registered; C-G2-271 moved from P75-LANC,SRC-G2-074,,"Iain 26/10/07: Music Lab, Liverpool City Council, prime, 25/10-26/02, GBP 9,999 + GBP 1,500; roundtable evidence belongs here",,PROVISIONAL,,P89-LIVMUSLAB
RH-26-10-07-ONTV2,S-261007,REVIEW,ontology_v2_DRAFT.md;AGENTS.md,review-team rule; decisions 1-8,DECISION,Devin,26/10/07T23:55:00,1.3-candidate,,,Decisions 1-8 recorded by Iain; AGENTS.md review-team and test-strength rules added; draft ontology not adopted,,,Ten advisory lanes run; analysis presented before commit; Iain decided one item at a time,,DECIDED_1_TO_8_OPEN_9_ON,,
RH-26-10-07-REGEDIT,S-261007,REGISTER_EDIT,01_projects.csv;02_sources.csv;04_claims.csv;tools/regenerate_index.py,lifecycle_status;citation_status;client_accepted;contracting_role;programme_status,UPDATE,Devin,26/10/07T23:58:00,1.3-candidate,,29-field register; 9 non-codebook lifecycle values,"31-field register; lifecycle aligned (COMPLETED 59, IN_PROGRESS 9, NOT_AWARDED 1); Derby bid row retired; Lancashire/Lancaster Horizon/Creative Scotland facts recorded",,,"Iain decisions 2, 3 and 4 (26/10/07); QA check 7 extended; no test weakened",,DECIDED,RH-26-10-07-ONTV2,
RH-26-10-07-LANCRK,S-261007,REGISTER_EDIT,P75-LANC;P87-TRUENORTH,project fields; source and claim project_id,REKEY,Devin,26/10/07T23:59:00,1.3-candidate,P75 row held True North; P87 row held the workshop payment,,"P75-LANC = Dec 2025 workshop and summary report (GBP 1,499.70); P87-TRUENORTH = True North bid support (GBP 8,333 + VAT), not shortlisted",SRC-G2-074;SRC-R5-001,,Iain 26/10/07 with PO 500222361 and BACS remittance 08/05/26; summary report confirmed as workshop-era work,,DECIDED,RH-26-10-07-REGEDIT,
RH-26-10-07-TNVAL,S-261007,REGISTER_EDIT,P87-TRUENORTH,relationship_evidence;notes;changelog references,UPDATE,Devin,26/10/07T23:59:30,1.3-candidate,,,"PO 500222361 GBP 9,999 VAT-inclusive (about GBP 8,333 ex VAT); changelog claim and evidence references corrected to C-R4-001/002 and E-R5-602/603",SRC-R5-161,,Iain 26/10/07 confirmation; resolves VAL-S261007-16 and -17,,DECIDED,RH-26-10-07-LANCRK,
RH-26-10-07-PERM,S-261007,DECISION,11_permission_requests.csv;AGENTS.md;tools/regenerate_index.py,status;permission_scope;proposed_wording;owner;reminder_after_working_days,UPDATE,Devin,26/10/07T23:59:45,1.3-candidate,,"35 requests DRAFTED, none sent","27 NOT_REQUIRED, 3 INTERNAL_CHECK, 5 DRAFTED (plain wording, owner Iain, reminder 5 working days)",,,Iain decision 9: citing delivered work needs no permission without a restriction marker; one place for referee permission; owner and reminder,,DECIDED,RH-26-10-07-ONTV2,
RH-26-10-07-MERGE,S-261007,MERGE,origin/main into claude/dazzling-hamilton-qutf3k,02_sources.csv;10_review_history.csv;CHANGELOG.md;tier2_qa_review.md,MERGE,Devin,26/10/08T00:10:00,1.3-candidate,,,Four conflicts resolved; no history rewritten,,,PR 2 reported a merge conflict with main; both sides kept,,DONE,,
RH-26-10-07-ELIG,S-261007,TOOL,tools/eligibility_report.py,eligibility_report.csv;eligibility_report.md,CREATE,Devin,26/10/08T00:30:00,1.3-candidate,,,"Read-only eligibility report; E1 0/9/60, E2 55/4/10, E3 69/0/0, E4 34/0/35, E5 44/0/25",,,Staged build step 1 (decision 2); reproduces counts; UNKNOWN never PASS; no test weakened,,DONE,,
RH-26-10-07-T22VIEW,S-261007,TOOL,tools/selection_view.py;selection_views/T22-VAIMP.md,candidate view,CREATE,Devin,26/10/08T01:00:00,1.3-candidate,,,9 candidates and 3 subject matches with no coded claims for V&A case studies; unranked,,,Iain asked to run the selection for the V&A tender; tender review protocol still required before positioning,,DONE,RH-26-10-07-ELIG,
RH-26-10-08-T22LANES,S-261008,TOOL,tools/selection_view.py;tools/eligibility_report.py;selection_views/T22-VAIMP.md,referee wording,UPDATE,Devin,26/10/08T09:00:00,1.3-candidate,,,"Referees cited in tender, asked once shortlisted; nine advisory T22 lanes run, none blocked",,,Iain correction 26/10/08; tender review protocol lanes recorded,,DONE,RH-26-10-07-T22VIEW,
RH-26-10-08-P63SRC,S-261008,SOURCE,SRC-G2-062,title;document_type;derived_location;extraction_quality,UPDATE,Devin,26/10/08T10:00:00,1.3-candidate,UoL Heritage CPD Research Summary Presentation (presentation),,UoL Heritage CPD Final Report (Nov 2023) (report),SRC-G2-062,Drive 1ury6wz6PsYFxUNe6qYcSh-UScbEhHKR3,Register label did not match the document; full text read,Iain,DONE,,
RH-26-10-08-P63DECK,S-261008,SOURCE,SRC-G2-089,source row,CREATE,Devin,26/10/08T10:30:00,1.3-candidate,,,UoL Heritage CPD Workshops Deck (23/05/22),SRC-G2-089,Drive 1P-t8dbOw04LCSe-bCRCrFs8LZeTy8enV,Iain approved registering the workshop deck; full slide text read,Iain,DONE,RH-26-10-08-P63SRC,
RH-26-10-08-P63INCEP,S-261008,SOURCE,SRC-G2-090,source row,CREATE,Devin,26/10/08T11:00:00,1.3-candidate,,,UoL Heritage CPD Inception Meeting Notes (23/04/18),SRC-G2-090,Drive 1wr_gHJrZXuhzFnniX8zkt3at-NTCX2bW,Iain: keep inception note only (drafts not registered),Iain,DONE,RH-26-10-08-P63DECK,
RH-26-10-08-P88CLAIMS,S-261008,CLAIM,C-S261008-001..017,claims set,CREATE,Devin,26/10/08T12:00:00,1.3-candidate,,,17 claims 17 evidence links 13 measurements,SRC-G2-030,extracted_text/SRC-G2-030_v1_full.txt,Iain asked to code Production Fund Final Evaluation claims; full read incl tables,Iain,PROVISIONAL,RH-26-10-08-P63INCEP,
RH-26-10-08-P22TRIM,S-261008,CLAIM,C-G2-037;C-G2-038,precise_proposition;notes,UPDATE,Devin,26/10/08T12:30:00,1.3-candidate,interim and final figures combined,,interim figures only,SRC-G2-017;SRC-G2-030,Table 9,Iain instruction: trim P22 claims to interim figures,Iain,DONE,RH-26-10-08-P88CLAIMS,
RH-26-10-08-REFTIMING,S-261008,DOC,ontology_v2_DRAFT.md;11_permission_requests.csv,referee timing,UPDATE,Devin,26/10/08T13:00:00,1.3-candidate,asks issued at selection,,asks held until shortlist,,PR-03;PR-04;PR-05,Iain correction 26/10/08,Iain,DONE,,
RH-26-10-08-DEC10,S-261008,DOC,ontology_v2_DRAFT.md,section 5,UPDATE,Devin,26/10/08T13:30:00,1.3-candidate,rank by evidence class,,evidence kind is a filter not a rank,,,Iain decision 10,Iain,DONE,,
RH-26-10-08-DEC10B,S-261008,TOOL,tools/selection_view.py;selection_views/T22-VAIMP_proposed_order.md,ordering switch,UPDATE,Devin,26/10/08T14:00:00,1.3-candidate,alphabetical only,,alphabetical default plus proposed-order trial switch,,,Iain decision 10b option C,Iain,DONE,RH-26-10-08-DEC10,
RH-26-10-08-P78CLAIMS,S-261008,CLAIM,C-S261008-018..027,claims set,CREATE,Devin,26/10/08T15:00:00,1.3-candidate,,,10 claims 10 evidence links 9 measurements,SRC-G2-091,Drive 1H1fL7xFlpuHTsCNHu6J9wSXs1QS1-H8m,Iain provided Beatles report pack link; full read of 08 Oct study,Iain,PROVISIONAL,RH-26-10-08-DEC10B,
RH-26-10-08-DEC11,S-261008,DOC,ontology_v2_DRAFT.md,wording cap,UPDATE,Devin,26/10/08T15:05:00,1.3-candidate,,,wording capped at the evidence class of the cited claim,,,Iain decision 11,Iain,DONE,RH-26-10-08-P78CLAIMS,
RH-26-10-08-P78VER,S-261008,SOURCE,SRC-G2-091;SRC-G2-092,authority_status,UPDATE,Devin,26/10/08T15:20:00,1.3-candidate,CANONICAL provisional,,SRC-G2-091 confirmed delivered; SRC-G2-092 earlier edition,SRC-G2-091;SRC-G2-092,,Iain confirmation 26/10/08,Iain,DONE,RH-26-10-08-P78CLAIMS,
RH-26-10-08-P78ACC,S-261008,PROJECT,P78-BEATLES,date_end;client_accepted,UPDATE,Devin,26/10/08T15:40:00,1.3-candidate,26/10/07;UNKNOWN,,26/10/08;Y,SRC-G2-091,Iain statement 26/10/08,Iain: delivered 08 Oct after midnight; verbal client acceptance (no written record),Iain,DONE,RH-26-10-08-P78VER,
RH-26-10-08-DEC12,S-261008,TOOL,14_fact_provenance.csv;tools/eligibility_report.py;tools/selection_view.py,provenance log,CREATE,Devin,26/10/08T16:30:00,1.3-candidate,,,12 seeded rows; basis shown beside E1 E2 E5,,,Iain decision 12 option B,Iain,DONE,RH-26-10-08-P78ACC,
RH-26-10-07-INS,company_insurance,CREATE,Insurance pack registered + cover vs tenders mapped,"Hiscox PI£5m/PL£5m/EL£10m to 05/04/27; CS PL£10m gap flagged; renewal + address correction noted",company_insurance/,PASS,26/10/07,,,Devin,26/10/07,,v1.5,,SWEEP-261007
RH-26-10-07-INSPREC,T21-CSFI,UPDATE,Insurance precedent applied,"Iain: CS accepted contract amendment to existing cover levels — PL £10m requirement not a blocker; submission note required",08_tenders.csv;company_insurance/insurance_summary.md,PASS,26/10/07,,,Devin,26/10/07,,v1.5,,SWEEP-261007
RH-26-10-08-T23D,T23-TVBTV,DOCUMENT,Lot decision written up,"261008 T23 lot decision.md — narrow 7 lots to Lot4 (consortium) + Lot7 (prime); actions + fallback recorded",08_tenders.csv,PASS,26/10/08,,,Devin,26/10/08,,v1.5,,SWEEP-261007
RH-26-10-08-T23P,T23-TVBTV,RESEARCH,Partner landscape assessed,"Noticeboard located; Teesside/regional/Curated Place mapped; CP upgraded on CBDP evidence; lot decision doc extended",08_tenders.csv,PASS,26/10/08,,,Devin,26/10/08,,v1.5,,SWEEP-261007
RH-26-10-08-T23NB,T23-TVBTV,CORRECTION,Noticeboard claim corrected,"Supplier Noticeboard location unconfirmed — press-only reference, absent from ITT and Delta page; verification routes: Delta helpdesk or clarification Q",08_tenders.csv,PASS,26/10/08,,,Devin,26/10/08,,v1.5,,SWEEP-261007
RH-26-10-08-P88,P88-CBDP,REGISTRATION,Subcontract project registered,"Curated Place CS CBDP subcontract — MVP workshop + session toolkit Nov 2025; SUBCONTRACTOR role; card+PM record created; archive verified both drives",01_projects.csv,PASS,26/10/08,,,Devin,26/10/08,,v1.5,,SWEEP-261007
RH-26-10-08-P88B,P88-CBDP,UPDATE,Record fields confirmed,"Edition=CBDP2025 only; fee=£500; lifecycle→IN_PROGRESS (6 sessions 2026); prior CP bid collab linked",01_projects.csv,PASS,26/10/08,,,Devin,26/10/08,,v1.5,,SWEEP-261007
RH-26-10-08-MERGE,S-261008,MERGE,01_projects.csv;project_index.csv,merge of main,UPDATE,Devin,26/10/08T17:00:00,1.3-candidate,,,P88-CBDP added; logs unioned,,,Main moved after PR creation,,DONE,,
RH-26-10-08-RENUM,S-261008,PROJECT,P88-CBDP,project_id,UPDATE,Devin,26/10/08T17:30:00,1.3-candidate,P88-CBDP,,P90-CBDP,,,Number 88 already used by P88-LCRPF24,Iain,DONE,RH-26-10-08-MERGE,
RH-26-10-08-DEC13,S-261008,DOC,tender_requirements/T22-VAIMP.md;tools/selection_view.py;08_tenders.csv,requirements file,CREATE,Devin,26/10/08T18:00:00,1.3-candidate,,,requirements per tender in a file; view reads it; lane findings in T22 notes,,,Iain decision 13 option B and tender review protocol record,Iain,DONE,RH-26-10-08-RENUM,
RH-26-10-08-T22LANESREC,S-261008,TENDER,T22-VAIMP,lane review,CREATE,Devin,26/10/08T18:05:00,1.3-candidate,,,nine advisory lanes run (blindspot deepthink sheldon wishful thad grey shaz skin fok); none blocked,,,Tender review protocol; findings in T22 notes and tier2_qa_review,Iain,DONE,,
RH-26-10-08-DEC14,S-261008,REGISTER,15_people.csv;16_involvement.csv;tools/people_view.py;tender_requirements/T22-VAIMP.md,people register,CREATE,Devin,26/10/08T19:00:00,1.3-candidate,,,4 people 5 involvement rows; verbatim ITT wording added,,Drive 2026 V&A folder,Iain decision 14 option B,Iain,DONE,RH-26-10-08-DEC13,
RH-26-10-08-T22BRIEF,S-261008,TENDER,T22-VAIMP,brief and PQQ,UPDATE,Devin,26/10/08T19:30:00,1.3-candidate,,,brief and PQQ items added to requirements file; notes updated,,Drive 2026 V&A folder,Iain asked for brief and PQQ to be read,Iain,DONE,RH-26-10-08-DEC14,
RH-26-10-08-RATIO,S-261008,DOC,company_accounts/accounts_summary.md;tender_requirements/T22-VAIMP.md,current ratio,UPDATE,Devin,26/10/08T20:00:00,1.3-candidate,,,current ratio 1.25 FY25/26,,company_accounts/2526_Full_Accounts.pdf,Iain asked whether accounts answer the PQQ current ratio question,Iain,DONE,RH-26-10-08-T22BRIEF,
RH-26-10-08-NS,CROSS-TENDER,DOCUMENT,Priority-ordered next steps written,"261008 Next steps - priority order.md — T22 referees > Towell call > T21 CAN > T23 partner/bench/CAN > compliance",CHANGELOG.md,PASS,26/10/08,,,Devin,26/10/08,,v1.5,,SWEEP-261007
RH-26-10-08-PDOC,CROSS-TENDER,INFRA,Proposal docs versioned,"proposal_docs/ mirror created for all 23 Active proposals .md docs; AGENTS.md standing rule added",AGENTS.md,PASS,26/10/08,,,Devin,26/10/08,,v1.5,,SWEEP-261007
RH-26-10-08-DEC15,S-261008,TOOL,13_selections.csv;tools/record_selection.py;tools/selection_view.py,selection log,CREATE,Devin,26/10/08T21:00:00,1.3-candidate,,,append-only selection log; shared candidate function; views unchanged,,,Iain decision 15 option B,Iain,DONE,RH-26-10-08-RATIO,
RH-26-10-08-METHDRAFT,S-261008,DOC,method_family_rollup_DRAFT.csv,draft mapping,CREATE,Devin,26/10/08T22:00:00,1.3-candidate,,,42 labels to 8 families (draft),,,Iain chose method selection option B; review lanes and approval still to come,Iain,PROVISIONAL,RH-26-10-08-DEC15,
RH-26-10-08-METHREPAIR,S-261008,METHOD,M-G2-010..028,column shift,UPDATE,Devin,26/10/08T23:00:00,1.3-candidate,shifted by one column from outputs,,fields moved right; outputs blank,,method_repair_PREVIEW.csv,Method package lane review then Iain approval to proceed in agreed order,Iain,DONE,RH-26-10-08-METHDRAFT,
RH-26-10-08-METHROWS,S-261008,METHOD,M-S261008-01;M-S261008-02,new method rows,CREATE,Devin,26/10/08T23:20:00,1.3-candidate,,,two rows registered,SRC-G2-091;SRC-G2-030,,Method package item 2 (agreed order),Iain,DONE,RH-26-10-08-METHREPAIR,
RH-26-10-08-MSREV,S-261008,DOC,method_statements/MS-01..03;method_package_PROPOSAL.md,statement revision,UPDATE,Devin,26/10/08T23:50:00,1.3-candidate,,,lane fixes applied; BOP permission step withdrawn,,,Iain: BOP is a competitor and is not asked for permission (PR-07),Iain,DONE,RH-26-10-08-METHROWS,
RH-26-10-08-MVIEW,S-261008,TOOL,tools/method_view.py;method_views/statements.md,disclosure gate and flags,UPDATE,Devin,26/10/08T23:59:00,1.3-candidate,,,gate and tiered flags added,,,Method package lane fixes (Blindspot Skin Shaz Thad),Iain,DONE,RH-26-10-08-MSREV,
RH-26-10-08-STMTID,S-261008,SCHEMA,03_methods.csv;codebook_v1.4_additions.md,statement_id column,UPDATE,Devin,26/10/09T00:20:00,1.3-candidate,16 fields,,17 fields; statement_id last,,,Method package item 5 (agreed order),Iain,DONE,RH-26-10-08-MVIEW,
RH-26-10-08-E4EXT,S-261008,TOOL,tools/eligibility_report.py;tests/test_eligibility_e4.py,E4 method current,UPDATE,Devin,26/10/09T00:45:00,1.3-candidate,E4 fails only on SUPERSEDED method row,,E4 also fails when a linked statement is SUPERSEDED (additive),,,Method package item 6 (agreed order); test strength rule respected,Iain,DONE,RH-26-10-08-STMTID,
RH-26-10-08-CLAIMSREP,S-261008,CLAIM,49 claims G2-BATCH-B,fifth_sector_role;fifth_sector_contribution;contrary_evidence,UPDATE,Devin,26/10/09T01:10:00,1.3-candidate,text in role column,,role codes in role column; text in contribution,,claims_repair_RECORD.csv,Method package claims drift repair (agreed order),Iain,DONE,RH-26-10-08-E4EXT,
RH-26-10-08-M009,S-261008,CLAIM,C-G2-022;C-G2-023;7 new claims,method_ids,UPDATE,Devin,26/10/09T01:40:00,1.3-candidate,M-G2-009 (missing); blank,,M-G2-008; new method ids,,,Method package item 3; method row M-G2-008 already lists the claims,Iain,DONE,RH-26-10-08-CLAIMSREP,
RH-26-10-08-CLAIMSRESTORE,S-261008,CLAIM,C-G2-280..523 (244 claims),restore deleted rows,CREATE,Devin,26/10/09T03:00:00,1.3-candidate,absent from register since eb2674d (26/09/16),,244 rows restored from 4a92a71,,claims_restore_RECORD.csv,Gap and correction pass: evidence rows pointed at claims that did not exist; commit history showed the claims once existed,Iain,PROVISIONAL,RH-26-10-08-M009,
RH-26-10-08-COSTAREXP,S-261008,CLAIM,C-G2-440;C-G2-443;C-G2-446;C-G2-447,option_state,UPDATE,Devin,26/10/09T03:20:00,1.3-candidate,PROPOSED,PROPOSED,EXPIRED,,,AGENTS.md unsuccessful-bids rule and QA check 7 (programme_status NOT_AWARDED),Iain,DONE,RH-26-10-08-CLAIMSRESTORE,
RH-26-10-08-CTXTUAL,S-261008,CLAIM,200 CONTEXT claims,effect_family,UPDATE,Devin,26/10/09T03:40:00,1.3-candidate,CONTEXTUAL,CONTEXTUAL,NOT_APPLICABLE,,claims_contextual_RECORD.csv,Codebook v1.3 section 3: pure CONTEXT takes NOT_APPLICABLE,Iain,DONE,RH-26-10-08-COSTAREXP,
RH-26-10-08-ROLLUP,S-261008,SCHEMA,03_methods.csv;method_family_map.csv;codebook_v1.4_additions.md,method_family_rollup,UPDATE,Devin,26/10/09T04:10:00,1.3-candidate,17 fields,,18 fields; ten rolled-up families,,,Method package item 4 (agreed order; split per Fok lane advice),Iain,DONE,RH-26-10-08-CTXTUAL,
RH-26-10-08-COVER,S-261008,TOOL,tools/method_view.py;tender_requirements/T22-VAIMP.md;02_sources.csv,coverage and staleness flags,UPDATE,Devin,26/10/09T04:40:00,1.3-candidate,,,coverage table and staleness flags; SRC-G2-092 headline check,SRC-G2-092,,Method package gap list (Thad coverage; Shaz staleness),Iain,DONE,RH-26-10-08-ROLLUP,
RH-26-10-08-SRCREP,S-261008,SOURCE,50 rows of 02_sources.csv,column alignment,UPDATE,Devin,26/10/09T05:30:00,1.3-candidate,derived_location held text; later fields displaced,,fields realigned,,sources_repair_RECORD.csv,Gap pass: figure screen could not follow derived_location,Iain,DONE,RH-26-10-08-COVER,
RH-26-10-08-FIGCHK,S-261008,TOOL,tools/figure_check.py;figure_check_report.md,figure screen,CREATE,Devin,26/10/09T05:50:00,1.3-candidate,,,screen of claim figures against cited extracts,,,AGENTS.md spot-check priority,Iain,DONE,RH-26-10-08-SRCREP,
RH-26-10-08-DRIFTREG,S-261008,REGISTER,05_evidence_links.csv;06_measurements.csv;08_tenders.csv;07_validation_actions.csv,column alignment,UPDATE,Devin,26/10/09T06:20:00,1.3-candidate,displaced columns,,fields realigned (54 + 67 + 1 + 1 rows),,evidence_repair_RECORD.csv;measurements_repair_RECORD.csv;register_misc_repair_RECORD.csv,Gap pass: format checks across registers,Iain,DONE,RH-26-10-08-FIGCHK,
RH-26-10-08-QSHEET,S-261008,TOOL,tools/question_sheet.py;iain_question_sheet.md,one-pass question sheet,CREATE,Devin,26/10/09T06:40:00,1.3-candidate,,,single table of open facts for Iain,,,Shaz lane: batch asks into one pass,Iain,DONE,RH-26-10-08-DRIFTREG,
RH-26-10-08-ONTREV3,S-261008,DOC,ontology_v2_DRAFT.md,revision 3,UPDATE,Devin,26/10/09T07:30:00,1.3-candidate,revision 2 with stale sections,,revision 3 consistent with decisions 1-15 and built tools,,,Gap pass: ontology in best possible shape before returning to V&A,Iain,PROVISIONAL,RH-26-10-08-QSHEET,
RH-26-10-08-ACC5,S-261008,PROJECT,14 projects (5 clients),client_accepted,UPDATE,Devin,26/10/09T08:10:00,1.3-candidate,UNKNOWN,UNKNOWN,Y,,14_fact_provenance.csv,Iain bulk answer: Y to all clients with several projects,Iain,DONE,RH-26-10-08-ONTREV3,
RH-26-10-08-ACC13,S-261008,PROJECT,13 projects (Scotland/North and bid-support),client_accepted,UPDATE,Devin,26/10/09T08:40:00,1.3-candidate,UNKNOWN,UNKNOWN,Y,,14_fact_provenance.csv,Iain bulk answer: Y to Scotland/the North and bid-support,Iain,DONE,RH-26-10-08-ACC5,
RH-26-10-08-CR3,S-261008,PROJECT,P47;P57;P61,contracting_role;prime_contractor,UPDATE,Devin,26/10/09T09:10:00,1.3-candidate,,ASSOCIATE/PRIME,,14_fact_provenance.csv,Iain bulk answer: Midlands and South contracting roles (BOP clients: GBSLEP WMCA WMGC),Iain,DONE,RH-26-10-08-ACC13,
RH-26-10-08-CR4,S-261008,PROJECT,P52;P58;P62;P47,contracting_role;prime_contractor;fifth_sector_role,UPDATE,Devin,26/10/09T09:40:00,1.3-candidate,,PRIME / LEAD_CONSULTANT confirmed,,14_fact_provenance.csv,Iain answer: other southern projects The Fifth Sector; P47 lead consultant as BOP Associate Director,Iain,DONE,RH-26-10-08-CR3,
RH-26-10-08-CR5,S-261008,PROJECT,P37;P58;P48;P64-BCJ;P69-OURYEAR;P70,contracting_role;prime_contractor,UPDATE,Devin,26/10/09T10:10:00,1.3-candidate,,see provenance,,14_fact_provenance.csv,Iain answer: Suffolk Plymouth Wakefield contracting roles,Iain,DONE,RH-26-10-08-CR4,
RH-26-10-08-ROLE2,S-261008,PROJECT,P43;P51,fifth_sector_role,UPDATE,Devin,26/10/09T10:30:00,1.3-candidate,EVALUATOR,EVALUATOR;LEAD_CONSULTANT,,14_fact_provenance.csv,Iain instruction: consistency with P88-LCRPF24,Iain,DONE,RH-26-10-08-CR5,
RH-26-10-08-P54,S-261008,PROJECT,P54,programme_status;option_state,UPDATE,Devin,26/10/09T10:50:00,1.3-candidate,,NOT_AWARDED/EXPIRED,,14_fact_provenance.csv,Iain instruction: set P54 to NOT AWARDED,Iain,DONE,RH-26-10-08-ROLE2,
RH-26-10-08-P88C,S-261008,PROJECT,P88-LCRPF24,relationship_evidence,UPDATE,Devin,26/10/09T11:20:00,1.3-candidate,,no contract found,,14_fact_provenance.csv,Iain: absence after search means no contract,Iain,PROVISIONAL,RH-26-10-08-P54,
RH-26-10-08-P51C,S-261008,PROJECT,P51,contracting_role;prime_contractor,UPDATE,Devin,26/10/09T11:40:00,1.3-candidate,,DIRECT,,14_fact_provenance.csv,Iain confirmation P51 DIRECT held by The Fifth Sector,Iain,DONE,RH-26-10-08-P88C,
RH-26-10-08-CR6,S-261008,PROJECT,P43;P45;P46;P50;P54;P63;P84,contracting_role;prime_contractor,UPDATE,Devin,26/10/09T12:00:00,1.3-candidate,,PRIME/DIRECT,,14_fact_provenance.csv,Iain answer: all Fifth Sector prime except P50 direct from AHRC,Iain,DONE,RH-26-10-08-P51C,
RH-26-10-08-P88R,S-261008,PROJECT,P88-LCRPF24,contracting_role;prime_contractor,UPDATE,Devin,26/10/09T12:20:00,1.3-candidate,,DIRECT,,14_fact_provenance.csv,Iain: direct commission from Liverpool City Council on behalf of LCRCA,Iain,DONE,RH-26-10-08-CR6,
RH-26-10-08-P88W,S-261008,PROJECT,P88-LCRPF24,relationship_evidence,UPDATE,Devin,26/10/09T12:35:00,1.3-candidate,,client LCRCA; LCC led procurement,,14_fact_provenance.csv,Iain correction to client wording,Iain,DONE,RH-26-10-08-P88R,
RH-26-10-08-P88PO,S-261008,PROJECT,P88-LCRPF24,contract_value;relationship_evidence,UPDATE,Devin,26/10/09T12:50:00,1.3-candidate,,GBP 9999 ex VAT PO 3500515342,,14_fact_provenance.csv,Iain supplied invoice INV-1322,Iain,DONE,RH-26-10-08-P88W,
RH-26-10-08-CIT9,S-261008,PROJECT,P01-P09,citation_status;contracting_role;prime_contractor,UPDATE,Devin,26/10/09T13:10:00,1.3-candidate,UNKNOWN,DELIVERED_WORK,,14_fact_provenance.csv,Iain answer: all delivered; BOP associate for GBSLEP and WMCA; others Fifth Sector prime,Iain,DONE,RH-26-10-08-P88PO,
RH-26-10-08-VAL3,S-261008,VALIDATION,VAL-S261008-09;VAL-S261007-13;VAL-S261007-09,approval_status,UPDATE,Devin,26/10/09T13:30:00,1.3-candidate,PROPOSED,RESOLVED,,07_validation_actions.csv,Resolved by re-running the checks,Iain,DONE,RH-26-10-08-CIT9,
RH-26-10-08-SPOT17,S-261008,CLAIMS,17 claims,figure spot-check,AUDIT,Devin,26/10/09T14:10:00,1.3-candidate,,10 verified; 6 follow-ups; 1 link fixed,,claims_spotcheck_RECORD.csv,Spot-check of VAL-S261008-17,Iain,PROVISIONAL,RH-26-10-08-VAL3,
RH-26-10-08-SPOT17B,S-261008,CLAIMS,C-G2-332,spot-check verdict,UPDATE,Devin,26/10/09T14:25:00,1.3-candidate,MISMATCH,VERIFIED_ROUNDED,,claims_spotcheck_RECORD.csv,Iain: 862 actual count,Iain,DONE,RH-26-10-08-SPOT17,
RH-26-10-08-SPOT17C,S-261008,CLAIMS,C-G2-096,claim_type;effect_family,UPDATE,Devin,26/10/09T14:45:00,1.3-candidate,EFFECT/KNOWLEDGE,CONTEXT/NOT_APPLICABLE,,claims_spotcheck_RECORD.csv,Iain decision,Iain,DONE,RH-26-10-08-SPOT17B,
RH-26-10-08-R5016,S-261008,SOURCE,SRC-R5-016,derived_location;extraction_quality,UPDATE,Devin,26/10/09T15:30:00,1.3-candidate,PARTIAL_EXTRACT,COMPLETE,,extracted_text/SRC-R5-016_v1_full.txt,Re-extracted from PDF supplied by Iain,Iain,DONE,RH-26-10-08-SPOT17C,
RH-26-10-08-LEGREV,S-261008,REVIEW,04_claims.csv,legacy columns,REVIEW,Devin,26/10/09T16:00:00,1.3-candidate,,READY-WITH-FIXES (Option B),,legacy_columns_REVIEW.md,Lane review before any change,Iain,PROVISIONAL,RH-26-10-08-R5016,
RH-26-10-08-SPOT17D,S-261008,CLAIMS,C-G2-333;C-G2-384;C-G2-407,spot-check verdict,UPDATE,Devin,26/10/09T16:40:00,1.3-candidate,NOT_FOUND,VERIFIED,,claims_spotcheck_RECORD.csv,Iain pointed to finalised folders,Iain,DONE,RH-26-10-08-LEGREV,
RH-26-10-08-LEG1,S-261008,CLAIMS,04_claims.csv,legacy columns,PREPARE,Devin,26/10/09T17:10:00,1.3-candidate,,record written,,claims_legacy_clear_RECORD.csv,Iain approved Option B,Iain,DONE,RH-26-10-08-SPOT17D,
RH-26-10-08-LEG-publication_status,S-261008,CLAIMS,04_claims.csv,publication_status,UPDATE,Devin,26/10/09T17:20:00,1.3-candidate,displaced value,empty,,claims_legacy_clear_RECORD.csv,Option B,Iain,DONE,RH-26-10-08-LEG1,
RH-26-10-08-LEG-commercial_reuse,S-261008,CLAIMS,04_claims.csv,commercial_reuse,UPDATE,Devin,26/10/09T17:20:00,1.3-candidate,displaced value,empty,,claims_legacy_clear_RECORD.csv,Option B,Iain,DONE,RH-26-10-08-LEG1,
RH-26-10-08-LEG-reviewer_confidence,S-261008,CLAIMS,04_claims.csv,reviewer_confidence,UPDATE,Devin,26/10/09T17:20:00,1.3-candidate,displaced value,empty,,claims_legacy_clear_RECORD.csv,Option B,Iain,DONE,RH-26-10-08-LEG1,
RH-26-10-08-QA14,S-261008,TOOL,tools/check_claims_columns.py,QA item 14,ADD,Devin,26/10/09T17:40:00,1.3-candidate,,new gate,,AGENTS.md,Iain approved,Iain,DONE,RH-26-10-08-LEG-reviewer_confidence,
